id,season,round_number,round_name,driver_number,driver_name,team,q1,q2,q3
1,2014,1,Australian Grand Prix,44,HAM,Mercedes,91.699,102.89,104.231
2,2014,1,Australian Grand Prix,3,RIC,Red Bull,90.775,102.295,104.548
3,2014,1,Australian Grand Prix,6,ROS,Mercedes,92.564,102.264,104.595
4,2014,1,Australian Grand Prix,20,MAG,McLaren,90.949,103.247,105.745
5,2014,1,Australian Grand Prix,14,ALO,Ferrari,91.388,102.805,105.819
6,2014,1,Australian Grand Prix,25,VER,Toro Rosso,93.488,103.849,105.864
7,2014,1,Australian Grand Prix,27,HUL,Force India,93.893,103.658,106.03
8,2014,1,Australian Grand Prix,26,KVY,Toro Rosso,93.777,104.331,107.368
9,2014,1,Australian Grand Prix,19,MAS,Williams,91.228,104.242,108.079
10,2014,1,Australian Grand Prix,77,BOT,Williams,91.601,103.852,108.147
11,2014,1,Australian Grand Prix,22,BUT,McLaren,91.396,104.437,
12,2014,1,Australian Grand Prix,7,RAI,Ferrari,92.439,104.494,
13,2014,1,Australian Grand Prix,1,VET,Red Bull,91.931,104.688,
14,2014,1,Australian Grand Prix,99,SUT,Sauber,93.673,105.655,
15,2014,1,Australian Grand Prix,10,KOB,Caterham,94.274,105.867,
16,2014,1,Australian Grand Prix,11,PER,Force India,94.141,107.293,
17,2014,1,Australian Grand Prix,4,CHI,Marussia,94.293,,
18,2014,1,Australian Grand Prix,17,BIA,Marussia,94.794,,
19,2014,1,Australian Grand Prix,21,GUT,Sauber,95.117,,
20,2014,1,Australian Grand Prix,9,ERI,Caterham,95.157,,
21,2014,1,Australian Grand Prix,8,GRO,Lotus F1,96.993,,
22,2014,1,Australian Grand Prix,13,MAL,Lotus F1,,,
23,2014,2,Malaysian Grand Prix,44,HAM,Mercedes,117.202,119.041,119.431
24,2014,2,Malaysian Grand Prix,1,VET,Red Bull,117.654,119.399,119.486
25,2014,2,Malaysian Grand Prix,6,ROS,Mercedes,117.183,119.445,120.05
26,2014,2,Malaysian Grand Prix,14,ALO,Ferrari,118.889,121.356,120.175
27,2014,2,Malaysian Grand Prix,3,RIC,Red Bull,118.913,120.147,120.541
28,2014,2,Malaysian Grand Prix,7,RAI,Ferrari,119.257,121.532,121.218
29,2014,2,Malaysian Grand Prix,27,HUL,Force India,118.883,120.839,121.712
30,2014,2,Malaysian Grand Prix,20,MAG,McLaren,120.356,122.094,122.213
31,2014,2,Malaysian Grand Prix,25,VER,Toro Rosso,121.689,122.096,123.078
32,2014,2,Malaysian Grand Prix,22,BUT,McLaren,120.889,121.81,124.053
33,2014,2,Malaysian Grand Prix,26,KVY,Toro Rosso,121.175,122.351,
34,2014,2,Malaysian Grand Prix,21,GUT,Sauber,121.134,122.369,
35,2014,2,Malaysian Grand Prix,19,MAS,Williams,120.047,122.46,
36,2014,2,Malaysian Grand Prix,11,PER,Force India,120.076,122.511,
37,2014,2,Malaysian Grand Prix,77,BOT,Williams,119.709,122.756,
38,2014,2,Malaysian Grand Prix,8,GRO,Lotus F1,120.202,122.885,
39,2014,2,Malaysian Grand Prix,13,MAL,Lotus F1,122.074,,
40,2014,2,Malaysian Grand Prix,99,SUT,Sauber,122.131,,
41,2014,2,Malaysian Grand Prix,17,BIA,Marussia,122.702,,
42,2014,2,Malaysian Grand Prix,10,KOB,Caterham,123.595,,
43,2014,2,Malaysian Grand Prix,4,CHI,Marussia,124.388,,
44,2014,2,Malaysian Grand Prix,9,ERI,Caterham,124.407,,
45,2014,3,Bahrain Grand Prix,6,ROS,Mercedes,95.439,93.708,93.185
46,2014,3,Bahrain Grand Prix,44,HAM,Mercedes,95.323,93.872,93.464
47,2014,3,Bahrain Grand Prix,3,RIC,Red Bull,96.22,94.592,94.051
48,2014,3,Bahrain Grand Prix,77,BOT,Williams,94.934,94.842,94.247
49,2014,3,Bahrain Grand Prix,11,PER,Force India,94.998,94.747,94.346
50,2014,3,Bahrain Grand Prix,7,RAI,Ferrari,95.234,94.925,94.368
51,2014,3,Bahrain Grand Prix,22,BUT,McLaren,95.699,94.714,94.387
52,2014,3,Bahrain Grand Prix,19,MAS,Williams,95.085,94.842,94.511
53,2014,3,Bahrain Grand Prix,20,MAG,McLaren,95.288,94.904,94.712
54,2014,3,Bahrain Grand Prix,14,ALO,Ferrari,95.251,94.723,94.992
55,2014,3,Bahrain Grand Prix,1,VET,Red Bull,95.549,94.985,
56,2014,3,Bahrain Grand Prix,27,HUL,Force India,94.874,95.116,
57,2014,3,Bahrain Grand Prix,26,KVY,Toro Rosso,95.395,95.145,
58,2014,3,Bahrain Grand Prix,25,VER,Toro Rosso,95.815,95.286,
59,2014,3,Bahrain Grand Prix,21,GUT,Sauber,96.567,95.891,
60,2014,3,Bahrain Grand Prix,8,GRO,Lotus F1,96.654,95.908,
61,2014,3,Bahrain Grand Prix,13,MAL,Lotus F1,96.663,,
62,2014,3,Bahrain Grand Prix,99,SUT,Sauber,96.84,,
63,2014,3,Bahrain Grand Prix,10,KOB,Caterham,97.085,,
64,2014,3,Bahrain Grand Prix,17,BIA,Marussia,97.31,,
65,2014,3,Bahrain Grand Prix,9,ERI,Caterham,97.875,,
66,2014,3,Bahrain Grand Prix,4,CHI,Marussia,97.913,,
67,2014,4,Chinese Grand Prix,44,HAM,Mercedes,115.516,114.029,113.86
68,2014,4,Chinese Grand Prix,3,RIC,Red Bull,116.641,115.302,114.455
69,2014,4,Chinese Grand Prix,1,VET,Red Bull,115.926,114.499,114.96
70,2014,4,Chinese Grand Prix,6,ROS,Mercedes,116.058,115.294,115.143
71,2014,4,Chinese Grand Prix,14,ALO,Ferrari,116.961,115.765,115.637
72,2014,4,Chinese Grand Prix,19,MAS,Williams,116.85,116.757,116.147
73,2014,4,Chinese Grand Prix,77,BOT,Williams,116.501,116.253,116.282
74,2014,4,Chinese Grand Prix,27,HUL,Force India,115.913,116.847,116.366
75,2014,4,Chinese Grand Prix,25,VER,Toro Rosso,117.477,116.584,116.773
76,2014,4,Chinese Grand Prix,8,GRO,Lotus F1,118.411,116.407,117.079
77,2014,4,Chinese Grand Prix,7,RAI,Ferrari,118.279,116.86,
78,2014,4,Chinese Grand Prix,22,BUT,McLaren,117.783,116.963,
79,2014,4,Chinese Grand Prix,26,KVY,Toro Rosso,117.261,117.289,
80,2014,4,Chinese Grand Prix,99,SUT,Sauber,118.138,117.393,
81,2014,4,Chinese Grand Prix,20,MAG,McLaren,117.369,117.675,
82,2014,4,Chinese Grand Prix,11,PER,Force India,118.362,118.264,
83,2014,4,Chinese Grand Prix,21,GUT,Sauber,118.988,,
84,2014,4,Chinese Grand Prix,10,KOB,Caterham,119.26,,
85,2014,4,Chinese Grand Prix,17,BIA,Marussia,119.326,,
86,2014,4,Chinese Grand Prix,9,ERI,Caterham,120.646,,
87,2014,4,Chinese Grand Prix,4,CHI,Marussia,120.865,,
88,2014,4,Chinese Grand Prix,13,MAL,Lotus F1,,,
89,2014,5,Spanish Grand Prix,44,HAM,Mercedes,87.238,86.21,85.232
90,2014,5,Spanish Grand Prix,6,ROS,Mercedes,86.764,86.088,85.4
91,2014,5,Spanish Grand Prix,3,RIC,Red Bull,88.053,86.613,86.285
92,2014,5,Spanish Grand Prix,77,BOT,Williams,88.198,87.563,86.632
93,2014,5,Spanish Grand Prix,8,GRO,Lotus F1,88.472,87.258,86.96
94,2014,5,Spanish Grand Prix,7,RAI,Ferrari,88.308,87.335,87.104
95,2014,5,Spanish Grand Prix,14,ALO,Ferrari,88.329,87.602,87.14
96,2014,5,Spanish Grand Prix,22,BUT,McLaren,88.279,87.57,87.335
97,2014,5,Spanish Grand Prix,19,MAS,Williams,88.061,87.016,87.402
98,2014,5,Spanish Grand Prix,1,VET,Red Bull,87.958,87.052,
99,2014,5,Spanish Grand Prix,27,HUL,Force India,88.155,87.685,
100,2014,5,Spanish Grand Prix,11,PER,Force India,88.469,88.002,
101,2014,5,Spanish Grand Prix,26,KVY,Toro Rosso,88.074,88.039,
102,2014,5,Spanish Grand Prix,21,GUT,Sauber,88.374,88.28,
103,2014,5,Spanish Grand Prix,20,MAG,McLaren,88.389,,
104,2014,5,Spanish Grand Prix,25,VER,Toro Rosso,88.194,,
105,2014,5,Spanish Grand Prix,99,SUT,Sauber,88.563,,
106,2014,5,Spanish Grand Prix,4,CHI,Marussia,89.586,,
107,2014,5,Spanish Grand Prix,17,BIA,Marussia,90.177,,
108,2014,5,Spanish Grand Prix,9,ERI,Caterham,90.312,,
109,2014,5,Spanish Grand Prix,10,KOB,Caterham,90.375,,
110,2014,5,Spanish Grand Prix,13,MAL,Lotus F1,,,
111,2014,6,Monaco Grand Prix,6,ROS,Mercedes,77.678,76.465,75.989
112,2014,6,Monaco Grand Prix,44,HAM,Mercedes,77.823,76.354,76.048
113,2014,6,Monaco Grand Prix,3,RIC,Red Bull,77.9,77.233,76.384
114,2014,6,Monaco Grand Prix,1,VET,Red Bull,78.383,77.074,76.547
115,2014,6,Monaco Grand Prix,14,ALO,Ferrari,77.853,77.2,76.686
116,2014,6,Monaco Grand Prix,7,RAI,Ferrari,77.902,77.398,77.389
117,2014,6,Monaco Grand Prix,25,VER,Toro Rosso,77.557,77.657,77.54
118,2014,6,Monaco Grand Prix,20,MAG,McLaren,77.978,77.609,77.555
119,2014,6,Monaco Grand Prix,26,KVY,Toro Rosso,78.616,77.594,78.09
120,2014,6,Monaco Grand Prix,11,PER,Force India,78.108,77.755,78.327
121,2014,6,Monaco Grand Prix,27,HUL,Force India,78.432,77.846,
122,2014,6,Monaco Grand Prix,22,BUT,McLaren,77.89,77.988,
123,2014,6,Monaco Grand Prix,77,BOT,Williams,78.407,78.082,
124,2014,6,Monaco Grand Prix,8,GRO,Lotus F1,78.335,78.196,
125,2014,6,Monaco Grand Prix,13,MAL,Lotus F1,78.585,78.356,
126,2014,6,Monaco Grand Prix,19,MAS,Williams,78.209,,
127,2014,6,Monaco Grand Prix,21,GUT,Sauber,78.741,,
128,2014,6,Monaco Grand Prix,99,SUT,Sauber,78.745,,
129,2014,6,Monaco Grand Prix,17,BIA,Marussia,79.332,,
130,2014,6,Monaco Grand Prix,4,CHI,Marussia,79.928,,
131,2014,6,Monaco Grand Prix,10,KOB,Caterham,80.133,,
132,2014,6,Monaco Grand Prix,9,ERI,Caterham,81.732,,
133,2014,7,Canadian Grand Prix,6,ROS,Mercedes,76.471,75.289,74.874
134,2014,7,Canadian Grand Prix,44,HAM,Mercedes,75.75,75.054,74.953
135,2014,7,Canadian Grand Prix,1,VET,Red Bull,77.47,76.109,75.548
136,2014,7,Canadian Grand Prix,77,BOT,Williams,76.772,75.806,75.55
137,2014,7,Canadian Grand Prix,19,MAS,Williams,76.666,75.773,75.578
138,2014,7,Canadian Grand Prix,3,RIC,Red Bull,77.113,75.897,75.589
139,2014,7,Canadian Grand Prix,14,ALO,Ferrari,77.01,76.131,75.814
140,2014,7,Canadian Grand Prix,25,VER,Toro Rosso,77.178,76.255,76.162
141,2014,7,Canadian Grand Prix,22,BUT,McLaren,76.631,76.214,76.182
142,2014,7,Canadian Grand Prix,7,RAI,Ferrari,77.013,76.245,76.214
143,2014,7,Canadian Grand Prix,27,HUL,Force India,76.897,76.3,
144,2014,7,Canadian Grand Prix,20,MAG,McLaren,76.446,76.31,
145,2014,7,Canadian Grand Prix,11,PER,Force India,78.235,76.472,
146,2014,7,Canadian Grand Prix,8,GRO,Lotus F1,77.732,76.687,
147,2014,7,Canadian Grand Prix,26,KVY,Toro Rosso,76.938,76.713,
148,2014,7,Canadian Grand Prix,99,SUT,Sauber,77.519,77.314,
149,2014,7,Canadian Grand Prix,13,MAL,Lotus F1,78.328,,
150,2014,7,Canadian Grand Prix,4,CHI,Marussia,78.348,,
151,2014,7,Canadian Grand Prix,17,BIA,Marussia,78.359,,
152,2014,7,Canadian Grand Prix,10,KOB,Caterham,79.278,,
153,2014,7,Canadian Grand Prix,9,ERI,Caterham,79.82,,
154,2014,7,Canadian Grand Prix,21,GUT,Sauber,,,
155,2014,8,Austrian Grand Prix,19,MAS,Williams,70.292,69.239,68.759
156,2014,8,Austrian Grand Prix,77,BOT,Williams,70.356,69.096,68.846
157,2014,8,Austrian Grand Prix,6,ROS,Mercedes,69.695,68.974,68.944
158,2014,8,Austrian Grand Prix,14,ALO,Ferrari,70.405,69.479,69.285
159,2014,8,Austrian Grand Prix,3,RIC,Red Bull,70.395,69.638,69.466
160,2014,8,Austrian Grand Prix,20,MAG,McLaren,70.081,69.473,69.515
161,2014,8,Austrian Grand Prix,26,KVY,Toro Rosso,69.678,69.49,69.619
162,2014,8,Austrian Grand Prix,7,RAI,Ferrari,70.285,69.657,70.795
163,2014,8,Austrian Grand Prix,44,HAM,Mercedes,69.514,69.092,
164,2014,8,Austrian Grand Prix,27,HUL,Force India,70.389,69.624,
165,2014,8,Austrian Grand Prix,11,PER,Force India,70.124,69.754,
166,2014,8,Austrian Grand Prix,22,BUT,McLaren,70.252,69.78,
167,2014,8,Austrian Grand Prix,1,VET,Red Bull,70.63,69.801,
168,2014,8,Austrian Grand Prix,13,MAL,Lotus F1,70.821,69.939,
169,2014,8,Austrian Grand Prix,25,VER,Toro Rosso,70.161,70.073,
170,2014,8,Austrian Grand Prix,8,GRO,Lotus F1,70.461,70.642,
171,2014,8,Austrian Grand Prix,99,SUT,Sauber,70.825,,
172,2014,8,Austrian Grand Prix,21,GUT,Sauber,71.349,,
173,2014,8,Austrian Grand Prix,17,BIA,Marussia,71.412,,
174,2014,8,Austrian Grand Prix,10,KOB,Caterham,71.673,,
175,2014,8,Austrian Grand Prix,4,CHI,Marussia,71.775,,
176,2014,8,Austrian Grand Prix,9,ERI,Caterham,72.673,,
177,2014,9,British Grand Prix,6,ROS,Mercedes,100.38,95.179,95.766
178,2014,9,British Grand Prix,1,VET,Red Bull,105.086,96.41,97.386
179,2014,9,British Grand Prix,22,BUT,McLaren,104.425,96.579,98.2
180,2014,9,British Grand Prix,27,HUL,Force India,101.271,97.112,98.329
181,2014,9,British Grand Prix,20,MAG,McLaren,102.507,97.37,98.417
182,2014,9,British Grand Prix,44,HAM,Mercedes,101.058,94.87,99.232
183,2014,9,British Grand Prix,11,PER,Force India,102.146,97.35,100.457
184,2014,9,British Grand Prix,3,RIC,Red Bull,104.71,98.166,100.606
185,2014,9,British Grand Prix,26,KVY,Toro Rosso,101.032,96.813,100.707
186,2014,9,British Grand Prix,25,VER,Toro Rosso,103.04,97.8,100.855
187,2014,9,British Grand Prix,8,GRO,Lotus F1,103.121,98.496,
188,2014,9,British Grand Prix,17,BIA,Marussia,101.169,98.709,
189,2014,9,British Grand Prix,4,CHI,Marussia,102.082,99.8,
190,2014,9,British Grand Prix,21,GUT,Sauber,103.285,100.912,
191,2014,9,British Grand Prix,13,MAL,Lotus F1,103.892,104.018,
192,2014,9,British Grand Prix,99,SUT,Sauber,102.603,,
193,2014,9,British Grand Prix,77,BOT,Williams,105.318,,
194,2014,9,British Grand Prix,19,MAS,Williams,105.695,,
195,2014,9,British Grand Prix,14,ALO,Ferrari,105.935,,
196,2014,9,British Grand Prix,7,RAI,Ferrari,106.684,,
197,2014,9,British Grand Prix,9,ERI,Caterham,109.421,,
198,2014,9,British Grand Prix,10,KOB,Caterham,109.625,,
199,2014,10,German Grand Prix,6,ROS,Mercedes,77.631,77.109,76.54
200,2014,10,German Grand Prix,77,BOT,Williams,78.215,77.353,76.759
201,2014,10,German Grand Prix,19,MAS,Williams,78.381,77.37,77.078
202,2014,10,German Grand Prix,20,MAG,McLaren,78.26,77.788,77.214
203,2014,10,German Grand Prix,3,RIC,Red Bull,78.117,77.855,77.273
204,2014,10,German Grand Prix,1,VET,Red Bull,78.194,77.646,77.577
205,2014,10,German Grand Prix,14,ALO,Ferrari,78.389,77.866,77.649
206,2014,10,German Grand Prix,26,KVY,Toro Rosso,78.53,78.103,77.965
207,2014,10,German Grand Prix,27,HUL,Force India,78.927,78.017,78.014
208,2014,10,German Grand Prix,11,PER,Force India,78.916,78.161,78.035
209,2014,10,German Grand Prix,22,BUT,McLaren,78.425,78.193,
210,2014,10,German Grand Prix,7,RAI,Ferrari,78.534,78.273,
211,2014,10,German Grand Prix,25,VER,Toro Rosso,78.496,78.285,
212,2014,10,German Grand Prix,21,GUT,Sauber,78.739,78.787,
213,2014,10,German Grand Prix,8,GRO,Lotus F1,78.894,78.983,
214,2014,10,German Grand Prix,44,HAM,Mercedes,78.683,,
215,2014,10,German Grand Prix,99,SUT,Sauber,79.142,,
216,2014,10,German Grand Prix,17,BIA,Marussia,79.676,,
217,2014,10,German Grand Prix,13,MAL,Lotus F1,80.195,,
218,2014,10,German Grand Prix,10,KOB,Caterham,80.408,,
219,2014,10,German Grand Prix,4,CHI,Marussia,80.489,,
220,2014,10,German Grand Prix,9,ERI,Caterham,,,
221,2014,11,Hungarian Grand Prix,6,ROS,Mercedes,85.227,83.31,82.715
222,2014,11,Hungarian Grand Prix,1,VET,Red Bull,85.662,83.606,83.201
223,2014,11,Hungarian Grand Prix,77,BOT,Williams,85.69,83.776,83.354
224,2014,11,Hungarian Grand Prix,3,RIC,Red Bull,85.495,83.676,83.391
225,2014,11,Hungarian Grand Prix,14,ALO,Ferrari,86.087,84.249,83.909
226,2014,11,Hungarian Grand Prix,19,MAS,Williams,86.592,84.03,84.223
227,2014,11,Hungarian Grand Prix,22,BUT,McLaren,86.612,84.502,84.294
228,2014,11,Hungarian Grand Prix,25,VER,Toro Rosso,84.941,84.637,84.72
229,2014,11,Hungarian Grand Prix,27,HUL,Force India,86.149,84.647,84.775
230,2014,11,Hungarian Grand Prix,20,MAG,McLaren,86.578,84.585,
231,2014,11,Hungarian Grand Prix,26,KVY,Toro Rosso,85.361,84.706,
232,2014,11,Hungarian Grand Prix,99,SUT,Sauber,86.027,85.136,
233,2014,11,Hungarian Grand Prix,11,PER,Force India,85.91,85.211,
234,2014,11,Hungarian Grand Prix,21,GUT,Sauber,85.709,85.26,
235,2014,11,Hungarian Grand Prix,8,GRO,Lotus F1,86.136,85.337,
236,2014,11,Hungarian Grand Prix,17,BIA,Marussia,86.728,87.419,
237,2014,11,Hungarian Grand Prix,7,RAI,Ferrari,86.792,,
238,2014,11,Hungarian Grand Prix,10,KOB,Caterham,87.139,,
239,2014,11,Hungarian Grand Prix,4,CHI,Marussia,87.819,,
240,2014,11,Hungarian Grand Prix,9,ERI,Caterham,88.643,,
241,2014,11,Hungarian Grand Prix,44,HAM,Mercedes,,,
242,2014,11,Hungarian Grand Prix,13,MAL,Lotus F1,,,
243,2014,12,Belgian Grand Prix,6,ROS,Mercedes,127.13,126.723,125.591
244,2014,12,Belgian Grand Prix,44,HAM,Mercedes,127.28,126.609,125.819
245,2014,12,Belgian Grand Prix,1,VET,Red Bull,130.105,128.868,127.717
246,2014,12,Belgian Grand Prix,14,ALO,Ferrari,130.197,128.45,127.786
247,2014,12,Belgian Grand Prix,3,RIC,Red Bull,130.089,128.989,127.911
248,2014,12,Belgian Grand Prix,77,BOT,Williams,129.25,128.451,128.049
249,2014,12,Belgian Grand Prix,20,MAG,McLaren,131.081,128.901,128.679
250,2014,12,Belgian Grand Prix,7,RAI,Ferrari,129.885,128.646,128.78
251,2014,12,Belgian Grand Prix,19,MAS,Williams,128.403,128.833,129.178
252,2014,12,Belgian Grand Prix,22,BUT,McLaren,130.529,129.272,129.776
253,2014,12,Belgian Grand Prix,26,KVY,Toro Rosso,130.445,129.377,
254,2014,12,Belgian Grand Prix,25,VER,Toro Rosso,129.811,129.805,
255,2014,12,Belgian Grand Prix,11,PER,Force India,130.666,130.084,
256,2014,12,Belgian Grand Prix,99,SUT,Sauber,131.051,130.238,
257,2014,12,Belgian Grand Prix,8,GRO,Lotus F1,130.898,131.087,
258,2014,12,Belgian Grand Prix,17,BIA,Marussia,131.051,132.47,
259,2014,12,Belgian Grand Prix,13,MAL,Lotus F1,131.261,,
260,2014,12,Belgian Grand Prix,27,HUL,Force India,131.267,,
261,2014,12,Belgian Grand Prix,4,CHI,Marussia,132.566,,
262,2014,12,Belgian Grand Prix,21,GUT,Sauber,133.414,,
263,2014,12,Belgian Grand Prix,45,LOT,Caterham,133.469,,
264,2014,12,Belgian Grand Prix,9,ERI,Caterham,134.438,,
265,2014,13,Italian Grand Prix,44,HAM,Mercedes,85.363,84.56,84.109
266,2014,13,Italian Grand Prix,6,ROS,Mercedes,85.493,84.6,84.383
267,2014,13,Italian Grand Prix,77,BOT,Williams,86.012,84.858,84.697
268,2014,13,Italian Grand Prix,19,MAS,Williams,85.528,85.046,84.865
269,2014,13,Italian Grand Prix,20,MAG,McLaren,86.337,85.973,85.314
270,2014,13,Italian Grand Prix,22,BUT,McLaren,86.328,85.63,85.379
271,2014,13,Italian Grand Prix,14,ALO,Ferrari,86.514,85.525,85.43
272,2014,13,Italian Grand Prix,1,VET,Red Bull,86.631,85.769,85.436
273,2014,13,Italian Grand Prix,3,RIC,Red Bull,86.721,85.946,85.709
274,2014,13,Italian Grand Prix,11,PER,Force India,86.569,85.863,85.944
275,2014,13,Italian Grand Prix,26,KVY,Toro Rosso,86.261,86.07,
276,2014,13,Italian Grand Prix,7,RAI,Ferrari,86.689,86.11,
277,2014,13,Italian Grand Prix,25,VER,Toro Rosso,86.14,86.157,
278,2014,13,Italian Grand Prix,27,HUL,Force India,86.371,86.279,
279,2014,13,Italian Grand Prix,99,SUT,Sauber,87.034,86.588,
280,2014,13,Italian Grand Prix,21,GUT,Sauber,86.999,86.692,
281,2014,13,Italian Grand Prix,13,MAL,Lotus F1,87.52,,
282,2014,13,Italian Grand Prix,8,GRO,Lotus F1,87.632,,
283,2014,13,Italian Grand Prix,10,KOB,Caterham,87.671,,
284,2014,13,Italian Grand Prix,17,BIA,Marussia,87.738,,
285,2014,13,Italian Grand Prix,4,CHI,Marussia,88.247,,
286,2014,13,Italian Grand Prix,9,ERI,Caterham,88.562,,
287,2014,14,Singapore Grand Prix,44,HAM,Mercedes,106.921,106.287,105.681
288,2014,14,Singapore Grand Prix,6,ROS,Mercedes,107.244,105.825,105.688
289,2014,14,Singapore Grand Prix,3,RIC,Red Bull,107.488,106.493,105.854
290,2014,14,Singapore Grand Prix,1,VET,Red Bull,107.476,106.586,105.902
291,2014,14,Singapore Grand Prix,14,ALO,Ferrari,106.889,106.328,105.907
292,2014,14,Singapore Grand Prix,19,MAS,Williams,107.615,106.472,106.0
293,2014,14,Singapore Grand Prix,7,RAI,Ferrari,106.685,106.359,106.17
294,2014,14,Singapore Grand Prix,77,BOT,Williams,107.196,106.622,106.187
295,2014,14,Singapore Grand Prix,20,MAG,McLaren,107.976,106.7,106.25
296,2014,14,Singapore Grand Prix,26,KVY,Toro Rosso,107.656,106.926,107.362
297,2014,14,Singapore Grand Prix,22,BUT,McLaren,107.161,106.943,
298,2014,14,Singapore Grand Prix,25,VER,Toro Rosso,107.407,106.989,
299,2014,14,Singapore Grand Prix,27,HUL,Force India,107.37,107.308,
300,2014,14,Singapore Grand Prix,21,GUT,Sauber,107.97,107.333,
301,2014,14,Singapore Grand Prix,11,PER,Force India,108.143,107.575,
302,2014,14,Singapore Grand Prix,8,GRO,Lotus F1,107.862,107.812,
303,2014,14,Singapore Grand Prix,99,SUT,Sauber,108.324,,
304,2014,14,Singapore Grand Prix,13,MAL,Lotus F1,109.063,,
305,2014,14,Singapore Grand Prix,17,BIA,Marussia,109.44,,
306,2014,14,Singapore Grand Prix,10,KOB,Caterham,110.405,,
307,2014,14,Singapore Grand Prix,4,CHI,Marussia,110.473,,
308,2014,14,Singapore Grand Prix,9,ERI,Caterham,112.287,,
309,2014,15,Japanese Grand Prix,6,ROS,Mercedes,93.671,92.95,92.506
310,2014,15,Japanese Grand Prix,44,HAM,Mercedes,93.611,92.982,92.703
311,2014,15,Japanese Grand Prix,77,BOT,Williams,94.301,93.443,93.128
312,2014,15,Japanese Grand Prix,19,MAS,Williams,94.483,93.551,93.527
313,2014,15,Japanese Grand Prix,14,ALO,Ferrari,94.497,93.675,93.74
314,2014,15,Japanese Grand Prix,3,RIC,Red Bull,95.593,94.466,94.075
315,2014,15,Japanese Grand Prix,20,MAG,McLaren,94.93,94.229,94.242
316,2014,15,Japanese Grand Prix,22,BUT,McLaren,95.15,94.648,94.317
317,2014,15,Japanese Grand Prix,1,VET,Red Bull,95.517,94.784,94.432
318,2014,15,Japanese Grand Prix,7,RAI,Ferrari,94.984,94.771,94.548
319,2014,15,Japanese Grand Prix,25,VER,Toro Rosso,95.155,94.984,
320,2014,15,Japanese Grand Prix,11,PER,Force India,95.439,95.089,
321,2014,15,Japanese Grand Prix,26,KVY,Toro Rosso,95.21,95.092,
322,2014,15,Japanese Grand Prix,27,HUL,Force India,95.0,95.099,
323,2014,15,Japanese Grand Prix,99,SUT,Sauber,95.736,95.364,
324,2014,15,Japanese Grand Prix,21,GUT,Sauber,95.308,95.681,
325,2014,15,Japanese Grand Prix,13,MAL,Lotus F1,95.917,,
326,2014,15,Japanese Grand Prix,8,GRO,Lotus F1,95.984,,
327,2014,15,Japanese Grand Prix,9,ERI,Caterham,96.813,,
328,2014,15,Japanese Grand Prix,17,BIA,Marussia,96.943,,
329,2014,15,Japanese Grand Prix,10,KOB,Caterham,97.015,,
330,2014,15,Japanese Grand Prix,4,CHI,Marussia,97.481,,
331,2014,16,Russian Grand Prix,44,HAM,Mercedes,98.759,98.338,98.513
332,2014,16,Russian Grand Prix,6,ROS,Mercedes,99.076,98.606,98.713
333,2014,16,Russian Grand Prix,77,BOT,Williams,99.125,98.971,98.92
334,2014,16,Russian Grand Prix,22,BUT,McLaren,99.56,99.381,99.121
335,2014,16,Russian Grand Prix,26,KVY,Toro Rosso,100.074,99.296,99.277
336,2014,16,Russian Grand Prix,20,MAG,McLaren,99.735,99.022,99.629
337,2014,16,Russian Grand Prix,3,RIC,Red Bull,100.519,99.666,99.635
338,2014,16,Russian Grand Prix,14,ALO,Ferrari,100.255,99.786,99.709
339,2014,16,Russian Grand Prix,7,RAI,Ferrari,100.098,99.838,99.771
340,2014,16,Russian Grand Prix,25,VER,Toro Rosso,100.354,99.929,100.02
341,2014,16,Russian Grand Prix,1,VET,Red Bull,100.382,100.052,
342,2014,16,Russian Grand Prix,27,HUL,Force India,100.273,100.058,
343,2014,16,Russian Grand Prix,11,PER,Force India,100.723,100.163,
344,2014,16,Russian Grand Prix,21,GUT,Sauber,101.159,100.536,
345,2014,16,Russian Grand Prix,99,SUT,Sauber,100.766,100.984,
346,2014,16,Russian Grand Prix,8,GRO,Lotus F1,102.526,101.397,
347,2014,16,Russian Grand Prix,9,ERI,Caterham,102.648,,
348,2014,16,Russian Grand Prix,19,MAS,Williams,103.064,,
349,2014,16,Russian Grand Prix,10,KOB,Caterham,103.166,,
350,2014,16,Russian Grand Prix,13,MAL,Lotus F1,103.205,,
351,2014,16,Russian Grand Prix,4,CHI,Marussia,103.649,,
352,2014,17,United States Grand Prix,6,ROS,Mercedes,98.303,96.29,96.067
353,2014,17,United States Grand Prix,44,HAM,Mercedes,97.196,97.287,96.443
354,2014,17,United States Grand Prix,77,BOT,Williams,98.249,97.499,96.906
355,2014,17,United States Grand Prix,19,MAS,Williams,97.877,97.347,97.205
356,2014,17,United States Grand Prix,3,RIC,Red Bull,98.814,97.873,97.244
357,2014,17,United States Grand Prix,14,ALO,Ferrari,98.349,98.01,97.61
358,2014,17,United States Grand Prix,22,BUT,McLaren,98.574,98.024,97.655
359,2014,17,United States Grand Prix,20,MAG,McLaren,98.557,98.047,97.706
360,2014,17,United States Grand Prix,7,RAI,Ferrari,98.669,98.263,97.804
361,2014,17,United States Grand Prix,99,SUT,Sauber,98.855,98.378,98.81
362,2014,17,United States Grand Prix,13,MAL,Lotus F1,98.608,98.467,
363,2014,17,United States Grand Prix,11,PER,Force India,99.2,98.554,
364,2014,17,United States Grand Prix,27,HUL,Force India,98.931,98.598,
365,2014,17,United States Grand Prix,26,KVY,Toro Rosso,98.936,98.699,
366,2014,17,United States Grand Prix,25,VER,Toro Rosso,99.25,,
367,2014,17,United States Grand Prix,21,GUT,Sauber,99.555,,
368,2014,17,United States Grand Prix,1,VET,Red Bull,99.621,,
369,2014,17,United States Grand Prix,8,GRO,Lotus F1,99.679,,
370,2014,18,Brazilian Grand Prix,6,ROS,Mercedes,70.347,70.303,70.023
371,2014,18,Brazilian Grand Prix,44,HAM,Mercedes,70.457,70.712,70.056
372,2014,18,Brazilian Grand Prix,19,MAS,Williams,70.602,70.343,70.247
373,2014,18,Brazilian Grand Prix,77,BOT,Williams,70.832,70.421,70.305
374,2014,18,Brazilian Grand Prix,22,BUT,McLaren,71.097,71.127,70.93
375,2014,18,Brazilian Grand Prix,1,VET,Red Bull,71.88,71.129,70.938
376,2014,18,Brazilian Grand Prix,20,MAG,McLaren,71.134,71.211,70.969
377,2014,18,Brazilian Grand Prix,14,ALO,Ferrari,71.558,71.215,70.977
378,2014,18,Brazilian Grand Prix,3,RIC,Red Bull,71.593,71.208,71.075
379,2014,18,Brazilian Grand Prix,7,RAI,Ferrari,71.193,71.188,71.099
380,2014,18,Brazilian Grand Prix,21,GUT,Sauber,71.52,71.591,
381,2014,18,Brazilian Grand Prix,27,HUL,Force India,71.848,71.976,
382,2014,18,Brazilian Grand Prix,99,SUT,Sauber,71.943,72.099,
383,2014,18,Brazilian Grand Prix,26,KVY,Toro Rosso,71.423,,
384,2014,18,Brazilian Grand Prix,8,GRO,Lotus F1,72.037,,
385,2014,18,Brazilian Grand Prix,25,VER,Toro Rosso,72.04,,
386,2014,18,Brazilian Grand Prix,11,PER,Force India,72.076,,
387,2014,18,Brazilian Grand Prix,13,MAL,Lotus F1,72.233,,
388,2014,19,Abu Dhabi Grand Prix,6,ROS,Mercedes,101.308,101.459,100.48
389,2014,19,Abu Dhabi Grand Prix,44,HAM,Mercedes,101.207,100.92,100.866
390,2014,19,Abu Dhabi Grand Prix,77,BOT,Williams,102.346,101.376,101.025
391,2014,19,Abu Dhabi Grand Prix,19,MAS,Williams,101.475,101.144,101.119
392,2014,19,Abu Dhabi Grand Prix,26,KVY,Toro Rosso,102.302,102.082,101.908
393,2014,19,Abu Dhabi Grand Prix,22,BUT,McLaren,102.137,101.875,101.964
394,2014,19,Abu Dhabi Grand Prix,7,RAI,Ferrari,102.439,102.168,102.236
395,2014,19,Abu Dhabi Grand Prix,14,ALO,Ferrari,102.467,101.94,102.866
396,2014,19,Abu Dhabi Grand Prix,20,MAG,McLaren,102.104,102.198,
397,2014,19,Abu Dhabi Grand Prix,25,VER,Toro Rosso,102.413,102.207,
398,2014,19,Abu Dhabi Grand Prix,11,PER,Force India,102.654,102.239,
399,2014,19,Abu Dhabi Grand Prix,27,HUL,Force India,102.444,102.384,
400,2014,19,Abu Dhabi Grand Prix,99,SUT,Sauber,102.746,103.074,
401,2014,19,Abu Dhabi Grand Prix,8,GRO,Lotus F1,102.768,,
402,2014,19,Abu Dhabi Grand Prix,21,GUT,Sauber,102.819,,
403,2014,19,Abu Dhabi Grand Prix,13,MAL,Lotus F1,102.86,,
404,2014,19,Abu Dhabi Grand Prix,10,KOB,Caterham,104.54,,
405,2014,19,Abu Dhabi Grand Prix,46,STE,Caterham,105.095,,
406,2015,1,Australian Grand Prix,44,HAM,Mercedes,88.586,86.894,86.327
407,2015,1,Australian Grand Prix,6,ROS,Mercedes,88.906,87.097,86.921
408,2015,1,Australian Grand Prix,19,MAS,Williams,89.246,87.895,87.718
409,2015,1,Australian Grand Prix,5,VET,Ferrari,89.307,87.742,87.757
410,2015,1,Australian Grand Prix,7,RAI,Ferrari,89.754,87.807,87.79
411,2015,1,Australian Grand Prix,77,BOT,Williams,89.641,87.796,88.087
412,2015,1,Australian Grand Prix,3,RIC,Red Bull,89.788,88.679,88.329
413,2015,1,Australian Grand Prix,55,SAI,Toro Rosso,89.597,88.601,88.51
414,2015,1,Australian Grand Prix,8,GRO,Lotus F1,89.537,88.589,88.56
415,2015,1,Australian Grand Prix,13,MAL,Lotus F1,89.847,88.726,89.48
416,2015,1,Australian Grand Prix,12,NAS,Sauber,90.43,88.8,
417,2015,1,Australian Grand Prix,33,VER,Toro Rosso,89.248,88.868,
418,2015,1,Australian Grand Prix,26,KVY,Red Bull,90.402,89.07,
419,2015,1,Australian Grand Prix,27,HUL,Force India,89.651,89.208,
420,2015,1,Australian Grand Prix,11,PER,Force India,89.99,89.209,
421,2015,1,Australian Grand Prix,9,ERI,Sauber,91.376,,
422,2015,1,Australian Grand Prix,22,BUT,McLaren,91.422,,
423,2015,1,Australian Grand Prix,20,MAG,McLaren,92.037,,
424,2015,2,Malaysian Grand Prix,44,HAM,Mercedes,99.269,101.517,109.834
425,2015,2,Malaysian Grand Prix,5,VET,Ferrari,99.814,99.632,109.908
426,2015,2,Malaysian Grand Prix,6,ROS,Mercedes,99.374,99.377,110.299
427,2015,2,Malaysian Grand Prix,3,RIC,Red Bull,100.504,101.085,111.541
428,2015,2,Malaysian Grand Prix,26,KVY,Red Bull,100.546,101.665,111.951
429,2015,2,Malaysian Grand Prix,33,VER,Toro Rosso,100.793,101.43,111.981
430,2015,2,Malaysian Grand Prix,19,MAS,Williams,100.543,101.23,112.473
431,2015,2,Malaysian Grand Prix,8,GRO,Lotus F1,100.303,101.209,112.981
432,2015,2,Malaysian Grand Prix,77,BOT,Williams,100.249,100.65,113.179
433,2015,2,Malaysian Grand Prix,9,ERI,Sauber,100.34,101.748,113.261
434,2015,2,Malaysian Grand Prix,7,RAI,Ferrari,100.415,102.173,
435,2015,2,Malaysian Grand Prix,13,MAL,Lotus F1,100.361,102.198,
436,2015,2,Malaysian Grand Prix,27,HUL,Force India,100.83,103.023,
437,2015,2,Malaysian Grand Prix,11,PER,Force India,101.036,103.469,
438,2015,2,Malaysian Grand Prix,55,SAI,Toro Rosso,99.814,103.701,
439,2015,2,Malaysian Grand Prix,12,NAS,Sauber,101.308,,
440,2015,2,Malaysian Grand Prix,22,BUT,McLaren,101.636,,
441,2015,2,Malaysian Grand Prix,14,ALO,McLaren,101.746,,
442,2015,2,Malaysian Grand Prix,98,MER,Manor Marussia,106.677,,
443,2015,3,Chinese Grand Prix,44,HAM,Mercedes,98.285,96.423,95.782
444,2015,3,Chinese Grand Prix,6,ROS,Mercedes,98.496,96.747,95.828
445,2015,3,Chinese Grand Prix,5,VET,Ferrari,97.502,96.957,96.687
446,2015,3,Chinese Grand Prix,19,MAS,Williams,98.433,97.357,96.954
447,2015,3,Chinese Grand Prix,77,BOT,Williams,98.014,97.763,97.143
448,2015,3,Chinese Grand Prix,7,RAI,Ferrari,97.79,97.109,97.232
449,2015,3,Chinese Grand Prix,3,RIC,Red Bull,98.534,97.939,97.54
450,2015,3,Chinese Grand Prix,8,GRO,Lotus F1,98.209,98.063,97.905
451,2015,3,Chinese Grand Prix,12,NAS,Sauber,98.521,98.017,98.067
452,2015,3,Chinese Grand Prix,9,ERI,Sauber,98.941,98.127,98.158
453,2015,3,Chinese Grand Prix,13,MAL,Lotus F1,98.563,98.134,
454,2015,3,Chinese Grand Prix,26,KVY,Red Bull,99.051,98.209,
455,2015,3,Chinese Grand Prix,33,VER,Toro Rosso,98.387,98.393,
456,2015,3,Chinese Grand Prix,55,SAI,Toro Rosso,98.622,98.538,
457,2015,3,Chinese Grand Prix,11,PER,Force India,98.903,99.29,
458,2015,3,Chinese Grand Prix,27,HUL,Force India,99.216,,
459,2015,3,Chinese Grand Prix,22,BUT,McLaren,99.276,,
460,2015,3,Chinese Grand Prix,14,ALO,McLaren,99.28,,
461,2015,3,Chinese Grand Prix,28,STE,Manor Marussia,102.091,,
462,2015,3,Chinese Grand Prix,98,MER,Manor Marussia,102.842,,
463,2015,4,Bahrain Grand Prix,44,HAM,Mercedes,93.928,92.669,92.571
464,2015,4,Bahrain Grand Prix,5,VET,Ferrari,94.919,93.623,92.982
465,2015,4,Bahrain Grand Prix,6,ROS,Mercedes,94.398,93.878,93.129
466,2015,4,Bahrain Grand Prix,7,RAI,Ferrari,94.568,93.54,93.227
467,2015,4,Bahrain Grand Prix,77,BOT,Williams,94.161,93.897,93.381
468,2015,4,Bahrain Grand Prix,19,MAS,Williams,94.488,93.551,93.744
469,2015,4,Bahrain Grand Prix,3,RIC,Red Bull,94.691,94.403,93.832
470,2015,4,Bahrain Grand Prix,27,HUL,Force India,95.653,94.613,94.45
471,2015,4,Bahrain Grand Prix,55,SAI,Toro Rosso,95.371,94.641,94.462
472,2015,4,Bahrain Grand Prix,8,GRO,Lotus F1,95.007,94.123,94.484
473,2015,4,Bahrain Grand Prix,11,PER,Force India,95.451,94.704,
474,2015,4,Bahrain Grand Prix,12,NAS,Sauber,95.31,94.737,
475,2015,4,Bahrain Grand Prix,9,ERI,Sauber,95.438,95.034,
476,2015,4,Bahrain Grand Prix,14,ALO,McLaren,95.205,95.039,
477,2015,4,Bahrain Grand Prix,33,VER,Toro Rosso,95.611,95.103,
478,2015,4,Bahrain Grand Prix,13,MAL,Lotus F1,95.677,,
479,2015,4,Bahrain Grand Prix,26,KVY,Red Bull,95.8,,
480,2015,4,Bahrain Grand Prix,28,STE,Manor Marussia,98.713,,
481,2015,4,Bahrain Grand Prix,98,MER,Manor Marussia,99.722,,
482,2015,5,Spanish Grand Prix,6,ROS,Mercedes,86.49,85.166,84.681
483,2015,5,Spanish Grand Prix,44,HAM,Mercedes,86.382,85.74,84.948
484,2015,5,Spanish Grand Prix,5,VET,Ferrari,87.534,86.167,85.458
485,2015,5,Spanish Grand Prix,77,BOT,Williams,87.262,86.197,85.694
486,2015,5,Spanish Grand Prix,55,SAI,Toro Rosso,86.773,86.475,86.136
487,2015,5,Spanish Grand Prix,33,VER,Toro Rosso,87.393,86.441,86.249
488,2015,5,Spanish Grand Prix,7,RAI,Ferrari,86.637,86.016,86.414
489,2015,5,Spanish Grand Prix,26,KVY,Red Bull,87.833,86.889,86.629
490,2015,5,Spanish Grand Prix,19,MAS,Williams,87.165,86.147,86.757
491,2015,5,Spanish Grand Prix,3,RIC,Red Bull,87.611,86.692,86.77
492,2015,5,Spanish Grand Prix,8,GRO,Lotus F1,87.383,87.375,
493,2015,5,Spanish Grand Prix,13,MAL,Lotus F1,87.281,87.45,
494,2015,5,Spanish Grand Prix,14,ALO,McLaren,87.941,87.76,
495,2015,5,Spanish Grand Prix,22,BUT,McLaren,87.813,87.854,
496,2015,5,Spanish Grand Prix,12,NAS,Sauber,87.625,88.005,
497,2015,5,Spanish Grand Prix,9,ERI,Sauber,88.112,,
498,2015,5,Spanish Grand Prix,27,HUL,Force India,88.365,,
499,2015,5,Spanish Grand Prix,11,PER,Force India,88.442,,
500,2015,5,Spanish Grand Prix,28,STE,Manor Marussia,91.2,,
501,2015,5,Spanish Grand Prix,98,MER,Manor Marussia,92.038,,
502,2015,6,Monaco Grand Prix,44,HAM,Mercedes,76.588,75.864,75.098
503,2015,6,Monaco Grand Prix,6,ROS,Mercedes,76.528,75.471,75.44
504,2015,6,Monaco Grand Prix,5,VET,Ferrari,77.502,76.181,75.849
505,2015,6,Monaco Grand Prix,3,RIC,Red Bull,77.254,76.706,76.041
506,2015,6,Monaco Grand Prix,26,KVY,Red Bull,76.845,76.453,76.182
507,2015,6,Monaco Grand Prix,7,RAI,Ferrari,77.66,76.44,76.427
508,2015,6,Monaco Grand Prix,11,PER,Force India,77.376,76.999,76.808
509,2015,6,Monaco Grand Prix,55,SAI,Toro Rosso,77.246,76.762,76.931
510,2015,6,Monaco Grand Prix,13,MAL,Lotus F1,77.63,76.775,76.946
511,2015,6,Monaco Grand Prix,33,VER,Toro Rosso,76.75,76.546,76.957
512,2015,6,Monaco Grand Prix,8,GRO,Lotus F1,77.767,77.007,
513,2015,6,Monaco Grand Prix,22,BUT,McLaren,77.492,77.093,
514,2015,6,Monaco Grand Prix,27,HUL,Force India,77.552,77.193,
515,2015,6,Monaco Grand Prix,19,MAS,Williams,77.679,77.278,
516,2015,6,Monaco Grand Prix,14,ALO,McLaren,77.778,86.632,
517,2015,6,Monaco Grand Prix,12,NAS,Sauber,78.101,,
518,2015,6,Monaco Grand Prix,77,BOT,Williams,78.434,,
519,2015,6,Monaco Grand Prix,9,ERI,Sauber,78.513,,
520,2015,6,Monaco Grand Prix,28,STE,Manor Marussia,80.655,,
521,2015,6,Monaco Grand Prix,98,MER,Manor Marussia,80.904,,
522,2015,7,Canadian Grand Prix,44,HAM,Mercedes,75.895,74.661,74.393
523,2015,7,Canadian Grand Prix,6,ROS,Mercedes,75.893,74.673,74.702
524,2015,7,Canadian Grand Prix,7,RAI,Ferrari,76.259,75.348,75.014
525,2015,7,Canadian Grand Prix,77,BOT,Williams,76.552,75.506,75.102
526,2015,7,Canadian Grand Prix,8,GRO,Lotus F1,75.833,75.187,75.194
527,2015,7,Canadian Grand Prix,13,MAL,Lotus F1,76.098,75.622,75.329
528,2015,7,Canadian Grand Prix,27,HUL,Force India,76.186,75.706,75.614
529,2015,7,Canadian Grand Prix,26,KVY,Red Bull,76.415,75.891,76.079
530,2015,7,Canadian Grand Prix,3,RIC,Red Bull,76.41,76.006,76.114
531,2015,7,Canadian Grand Prix,11,PER,Force India,76.827,75.974,76.338
532,2015,7,Canadian Grand Prix,55,SAI,Toro Rosso,76.611,76.042,
533,2015,7,Canadian Grand Prix,33,VER,Toro Rosso,76.361,76.245,
534,2015,7,Canadian Grand Prix,9,ERI,Sauber,76.796,76.262,
535,2015,7,Canadian Grand Prix,14,ALO,McLaren,77.012,76.276,
536,2015,7,Canadian Grand Prix,12,NAS,Sauber,76.968,76.62,
537,2015,7,Canadian Grand Prix,5,VET,Ferrari,77.344,,
538,2015,7,Canadian Grand Prix,19,MAS,Williams,77.886,,
539,2015,7,Canadian Grand Prix,98,MER,Manor Marussia,79.133,,
540,2015,7,Canadian Grand Prix,28,STE,Manor Marussia,79.157,,
541,2015,8,Austrian Grand Prix,44,HAM,Mercedes,72.218,69.062,68.455
542,2015,8,Austrian Grand Prix,6,ROS,Mercedes,70.976,68.634,68.655
543,2015,8,Austrian Grand Prix,5,VET,Ferrari,71.184,69.392,68.81
544,2015,8,Austrian Grand Prix,19,MAS,Williams,71.83,69.719,69.192
545,2015,8,Austrian Grand Prix,27,HUL,Force India,71.319,69.604,69.278
546,2015,8,Austrian Grand Prix,77,BOT,Williams,71.894,69.598,69.319
547,2015,8,Austrian Grand Prix,33,VER,Toro Rosso,71.307,69.631,69.612
548,2015,8,Austrian Grand Prix,26,KVY,Red Bull,72.092,70.187,69.694
549,2015,8,Austrian Grand Prix,12,NAS,Sauber,72.001,69.652,69.713
550,2015,8,Austrian Grand Prix,8,GRO,Lotus F1,71.821,69.92,
551,2015,8,Austrian Grand Prix,13,MAL,Lotus F1,71.661,70.374,
552,2015,8,Austrian Grand Prix,9,ERI,Sauber,72.388,70.426,
553,2015,8,Austrian Grand Prix,55,SAI,Toro Rosso,71.158,70.465,
554,2015,8,Austrian Grand Prix,3,RIC,Red Bull,71.973,70.482,
555,2015,8,Austrian Grand Prix,14,ALO,McLaren,72.508,70.736,
556,2015,8,Austrian Grand Prix,11,PER,Force India,72.522,,
557,2015,8,Austrian Grand Prix,22,BUT,McLaren,72.632,,
558,2015,8,Austrian Grand Prix,7,RAI,Ferrari,72.867,,
559,2015,8,Austrian Grand Prix,98,MER,Manor Marussia,74.071,,
560,2015,8,Austrian Grand Prix,28,STE,Manor Marussia,75.368,,
561,2015,9,British Grand Prix,44,HAM,Mercedes,93.796,93.068,92.248
562,2015,9,British Grand Prix,6,ROS,Mercedes,93.475,92.737,92.361
563,2015,9,British Grand Prix,19,MAS,Williams,94.542,93.707,93.085
564,2015,9,British Grand Prix,77,BOT,Williams,94.171,93.02,93.149
565,2015,9,British Grand Prix,7,RAI,Ferrari,93.426,93.911,93.379
566,2015,9,British Grand Prix,5,VET,Ferrari,93.562,93.641,93.547
567,2015,9,British Grand Prix,26,KVY,Red Bull,94.422,93.52,93.636
568,2015,9,British Grand Prix,55,SAI,Toro Rosso,94.641,94.071,93.649
569,2015,9,British Grand Prix,27,HUL,Force India,94.594,93.693,93.673
570,2015,9,British Grand Prix,3,RIC,Red Bull,94.272,93.749,93.943
571,2015,9,British Grand Prix,11,PER,Force India,94.25,94.268,
572,2015,9,British Grand Prix,8,GRO,Lotus F1,94.646,94.43,
573,2015,9,British Grand Prix,33,VER,Toro Rosso,94.819,94.502,
574,2015,9,British Grand Prix,13,MAL,Lotus F1,94.877,94.511,
575,2015,9,British Grand Prix,9,ERI,Sauber,94.643,94.868,
576,2015,9,British Grand Prix,12,NAS,Sauber,94.888,,
577,2015,9,British Grand Prix,14,ALO,McLaren,94.959,,
578,2015,9,British Grand Prix,22,BUT,McLaren,95.207,,
579,2015,9,British Grand Prix,28,STE,Manor Marussia,97.364,,
580,2015,9,British Grand Prix,98,MER,Manor Marussia,99.377,,
581,2015,10,Hungarian Grand Prix,44,HAM,Mercedes,82.89,82.285,82.02
582,2015,10,Hungarian Grand Prix,6,ROS,Mercedes,82.979,82.775,82.595
583,2015,10,Hungarian Grand Prix,5,VET,Ferrari,83.312,83.168,82.739
584,2015,10,Hungarian Grand Prix,3,RIC,Red Bull,84.408,83.23,82.774
585,2015,10,Hungarian Grand Prix,7,RAI,Ferrari,83.596,83.46,83.02
586,2015,10,Hungarian Grand Prix,77,BOT,Williams,83.649,83.555,83.222
587,2015,10,Hungarian Grand Prix,26,KVY,Red Bull,83.587,83.597,83.332
588,2015,10,Hungarian Grand Prix,19,MAS,Williams,83.895,83.598,83.537
589,2015,10,Hungarian Grand Prix,33,VER,Toro Rosso,84.032,83.781,83.679
590,2015,10,Hungarian Grand Prix,8,GRO,Lotus F1,84.242,83.805,84.181
591,2015,10,Hungarian Grand Prix,27,HUL,Force India,84.115,83.826,
592,2015,10,Hungarian Grand Prix,55,SAI,Toro Rosso,84.623,83.869,
593,2015,10,Hungarian Grand Prix,11,PER,Force India,84.444,84.461,
594,2015,10,Hungarian Grand Prix,13,MAL,Lotus F1,83.895,84.609,
595,2015,10,Hungarian Grand Prix,14,ALO,McLaren,84.563,,
596,2015,10,Hungarian Grand Prix,22,BUT,McLaren,84.739,,
597,2015,10,Hungarian Grand Prix,9,ERI,Sauber,84.843,,
598,2015,10,Hungarian Grand Prix,12,NAS,Sauber,84.997,,
599,2015,10,Hungarian Grand Prix,98,MER,Manor Marussia,87.416,,
600,2015,10,Hungarian Grand Prix,28,STE,Manor Marussia,87.949,,
601,2015,11,Belgian Grand Prix,44,HAM,Mercedes,108.908,108.024,107.197
602,2015,11,Belgian Grand Prix,6,ROS,Mercedes,108.923,107.955,107.655
603,2015,11,Belgian Grand Prix,77,BOT,Williams,109.026,109.044,108.537
604,2015,11,Belgian Grand Prix,8,GRO,Lotus F1,109.353,108.981,108.561
605,2015,11,Belgian Grand Prix,11,PER,Force India,109.006,108.792,108.599
606,2015,11,Belgian Grand Prix,3,RIC,Red Bull,109.664,109.042,108.639
607,2015,11,Belgian Grand Prix,19,MAS,Williams,109.688,108.806,108.685
608,2015,11,Belgian Grand Prix,13,MAL,Lotus F1,109.568,108.956,108.754
609,2015,11,Belgian Grand Prix,5,VET,Ferrari,109.264,108.761,108.825
610,2015,11,Belgian Grand Prix,55,SAI,Toro Rosso,109.109,109.065,109.771
611,2015,11,Belgian Grand Prix,27,HUL,Force India,109.499,109.121,
612,2015,11,Belgian Grand Prix,26,KVY,Red Bull,109.469,109.228,
613,2015,11,Belgian Grand Prix,9,ERI,Sauber,109.523,109.586,
614,2015,11,Belgian Grand Prix,7,RAI,Ferrari,109.288,,
615,2015,11,Belgian Grand Prix,33,VER,Toro Rosso,109.831,,
616,2015,11,Belgian Grand Prix,12,NAS,Sauber,109.952,,
617,2015,11,Belgian Grand Prix,22,BUT,McLaren,110.978,,
618,2015,11,Belgian Grand Prix,14,ALO,McLaren,111.42,,
619,2015,11,Belgian Grand Prix,28,STE,Manor Marussia,112.948,,
620,2015,11,Belgian Grand Prix,98,MER,Manor Marussia,113.099,,
621,2015,12,Italian Grand Prix,44,HAM,Mercedes,84.251,83.383,83.397
622,2015,12,Italian Grand Prix,7,RAI,Ferrari,84.662,83.757,83.631
623,2015,12,Italian Grand Prix,5,VET,Ferrari,84.989,83.577,83.685
624,2015,12,Italian Grand Prix,6,ROS,Mercedes,84.609,83.864,83.703
625,2015,12,Italian Grand Prix,19,MAS,Williams,85.184,83.983,83.94
626,2015,12,Italian Grand Prix,77,BOT,Williams,84.979,84.313,84.127
627,2015,12,Italian Grand Prix,11,PER,Force India,84.801,84.379,84.626
628,2015,12,Italian Grand Prix,8,GRO,Lotus F1,85.144,84.448,85.054
629,2015,12,Italian Grand Prix,27,HUL,Force India,84.937,84.51,85.317
630,2015,12,Italian Grand Prix,9,ERI,Sauber,85.122,84.457,86.214
631,2015,12,Italian Grand Prix,13,MAL,Lotus F1,85.429,84.525,
632,2015,12,Italian Grand Prix,12,NAS,Sauber,85.121,84.898,
633,2015,12,Italian Grand Prix,55,SAI,Toro Rosso,85.41,85.618,
634,2015,12,Italian Grand Prix,26,KVY,Red Bull,85.742,85.796,
635,2015,12,Italian Grand Prix,3,RIC,Red Bull,85.633,,
636,2015,12,Italian Grand Prix,22,BUT,McLaren,86.058,,
637,2015,12,Italian Grand Prix,14,ALO,McLaren,86.154,,
638,2015,12,Italian Grand Prix,28,STE,Manor Marussia,87.731,,
639,2015,12,Italian Grand Prix,98,MER,Manor Marussia,87.912,,
640,2015,12,Italian Grand Prix,33,VER,Toro Rosso,,,
641,2015,13,Singapore Grand Prix,5,VET,Ferrari,106.017,104.743,103.885
642,2015,13,Singapore Grand Prix,3,RIC,Red Bull,106.166,105.291,104.428
643,2015,13,Singapore Grand Prix,7,RAI,Ferrari,106.467,105.14,104.667
644,2015,13,Singapore Grand Prix,26,KVY,Red Bull,105.34,104.979,104.745
645,2015,13,Singapore Grand Prix,44,HAM,Mercedes,105.765,105.65,105.3
646,2015,13,Singapore Grand Prix,6,ROS,Mercedes,106.201,105.653,105.415
647,2015,13,Singapore Grand Prix,77,BOT,Williams,106.231,105.887,105.676
648,2015,13,Singapore Grand Prix,33,VER,Toro Rosso,106.483,105.635,105.798
649,2015,13,Singapore Grand Prix,19,MAS,Williams,106.879,105.701,106.077
650,2015,13,Singapore Grand Prix,8,GRO,Lotus F1,106.86,105.805,106.413
651,2015,13,Singapore Grand Prix,27,HUL,Force India,106.669,106.305,
652,2015,13,Singapore Grand Prix,14,ALO,McLaren,106.6,106.328,
653,2015,13,Singapore Grand Prix,11,PER,Force India,106.576,106.385,
654,2015,13,Singapore Grand Prix,55,SAI,Toro Rosso,106.465,106.894,
655,2015,13,Singapore Grand Prix,22,BUT,McLaren,105.891,107.019,
656,2015,13,Singapore Grand Prix,12,NAS,Sauber,106.965,,
657,2015,13,Singapore Grand Prix,9,ERI,Sauber,107.088,,
658,2015,13,Singapore Grand Prix,13,MAL,Lotus F1,107.323,,
659,2015,13,Singapore Grand Prix,28,STE,Manor Marussia,111.021,,
660,2015,13,Singapore Grand Prix,53,RSS,Manor Marussia,111.523,,
661,2015,14,Japanese Grand Prix,6,ROS,Mercedes,93.015,92.632,92.584
662,2015,14,Japanese Grand Prix,44,HAM,Mercedes,92.844,92.789,92.66
663,2015,14,Japanese Grand Prix,77,BOT,Williams,94.326,93.416,93.024
664,2015,14,Japanese Grand Prix,5,VET,Ferrari,94.431,93.844,93.245
665,2015,14,Japanese Grand Prix,19,MAS,Williams,94.744,93.377,93.337
666,2015,14,Japanese Grand Prix,7,RAI,Ferrari,94.171,93.361,93.347
667,2015,14,Japanese Grand Prix,3,RIC,Red Bull,94.399,94.153,93.497
668,2015,14,Japanese Grand Prix,8,GRO,Lotus F1,94.398,94.278,93.967
669,2015,14,Japanese Grand Prix,11,PER,Force India,95.001,94.174,
670,2015,14,Japanese Grand Prix,26,KVY,Red Bull,94.646,94.201,
671,2015,14,Japanese Grand Prix,27,HUL,Force India,95.328,94.39,
672,2015,14,Japanese Grand Prix,55,SAI,Toro Rosso,94.873,94.453,
673,2015,14,Japanese Grand Prix,13,MAL,Lotus F1,94.796,94.497,
674,2015,14,Japanese Grand Prix,14,ALO,McLaren,95.467,94.785,
675,2015,14,Japanese Grand Prix,33,VER,Toro Rosso,94.522,,
676,2015,14,Japanese Grand Prix,22,BUT,McLaren,95.664,,
677,2015,14,Japanese Grand Prix,9,ERI,Sauber,95.673,,
678,2015,14,Japanese Grand Prix,12,NAS,Sauber,95.76,,
679,2015,14,Japanese Grand Prix,28,STE,Manor Marussia,98.783,,
680,2015,14,Japanese Grand Prix,53,RSS,Manor Marussia,107.114,,
681,2015,15,Russian Grand Prix,6,ROS,Mercedes,98.343,97.5,97.113
682,2015,15,Russian Grand Prix,44,HAM,Mercedes,98.558,97.672,97.433
683,2015,15,Russian Grand Prix,77,BOT,Williams,98.448,98.194,97.912
684,2015,15,Russian Grand Prix,5,VET,Ferrari,98.598,98.402,97.965
685,2015,15,Russian Grand Prix,7,RAI,Ferrari,99.207,98.224,98.348
686,2015,15,Russian Grand Prix,27,HUL,Force India,99.25,98.727,98.659
687,2015,15,Russian Grand Prix,11,PER,Force India,99.617,98.914,98.691
688,2015,15,Russian Grand Prix,8,GRO,Lotus F1,99.056,98.754,98.787
689,2015,15,Russian Grand Prix,33,VER,Toro Rosso,99.411,99.119,98.924
690,2015,15,Russian Grand Prix,3,RIC,Red Bull,99.574,99.005,99.728
691,2015,15,Russian Grand Prix,26,KVY,Red Bull,99.58,99.214,
692,2015,15,Russian Grand Prix,12,NAS,Sauber,100.042,99.323,
693,2015,15,Russian Grand Prix,22,BUT,McLaren,99.739,99.763,
694,2015,15,Russian Grand Prix,13,MAL,Lotus F1,99.724,99.811,
695,2015,15,Russian Grand Prix,19,MAS,Williams,98.926,99.895,
696,2015,15,Russian Grand Prix,14,ALO,McLaren,100.144,,
697,2015,15,Russian Grand Prix,9,ERI,Sauber,100.66,,
698,2015,15,Russian Grand Prix,28,STE,Manor Marussia,103.693,,
699,2015,15,Russian Grand Prix,98,MER,Manor Marussia,103.804,,
700,2015,16,United States Grand Prix,6,ROS,Mercedes,116.671,116.824,
701,2015,16,United States Grand Prix,44,HAM,Mercedes,116.871,116.929,
702,2015,16,United States Grand Prix,3,RIC,Red Bull,116.495,117.969,
703,2015,16,United States Grand Prix,26,KVY,Red Bull,117.64,118.434,
704,2015,16,United States Grand Prix,5,VET,Ferrari,120.95,118.596,
705,2015,16,United States Grand Prix,11,PER,Force India,119.264,119.21,
706,2015,16,United States Grand Prix,27,HUL,Force India,118.325,119.333,
707,2015,16,United States Grand Prix,7,RAI,Ferrari,118.198,119.703,
708,2015,16,United States Grand Prix,19,MAS,Williams,120.902,119.999,
709,2015,16,United States Grand Prix,33,VER,Toro Rosso,118.689,120.199,
710,2015,16,United States Grand Prix,14,ALO,McLaren,119.704,120.265,
711,2015,16,United States Grand Prix,77,BOT,Williams,119.569,120.334,
712,2015,16,United States Grand Prix,8,GRO,Lotus F1,120.236,120.595,
713,2015,16,United States Grand Prix,22,BUT,McLaren,120.261,121.193,
714,2015,16,United States Grand Prix,13,MAL,Lotus F1,120.844,121.604,
715,2015,16,United States Grand Prix,9,ERI,Sauber,122.212,,
716,2015,16,United States Grand Prix,12,NAS,Sauber,123.194,,
717,2015,16,United States Grand Prix,53,RSS,Manor Marussia,124.176,,
718,2015,16,United States Grand Prix,28,STE,Manor Marussia,124.526,,
719,2015,16,United States Grand Prix,55,SAI,Toro Rosso,127.304,,
720,2015,17,Mexican Grand Prix,6,ROS,Mercedes,80.436,80.053,79.48
721,2015,17,Mexican Grand Prix,44,HAM,Mercedes,80.808,79.829,79.668
722,2015,17,Mexican Grand Prix,5,VET,Ferrari,80.503,80.045,79.85
723,2015,17,Mexican Grand Prix,26,KVY,Red Bull,80.826,80.49,80.398
724,2015,17,Mexican Grand Prix,3,RIC,Red Bull,81.166,80.783,80.399
725,2015,17,Mexican Grand Prix,77,BOT,Williams,80.817,80.458,80.448
726,2015,17,Mexican Grand Prix,19,MAS,Williams,81.379,80.642,80.567
727,2015,17,Mexican Grand Prix,33,VER,Toro Rosso,80.995,80.894,80.71
728,2015,17,Mexican Grand Prix,11,PER,Force India,80.966,80.669,80.716
729,2015,17,Mexican Grand Prix,27,HUL,Force India,81.315,80.935,80.788
730,2015,17,Mexican Grand Prix,55,SAI,Toro Rosso,80.96,80.942,
731,2015,17,Mexican Grand Prix,8,GRO,Lotus F1,81.577,81.038,
732,2015,17,Mexican Grand Prix,13,MAL,Lotus F1,81.52,81.261,
733,2015,17,Mexican Grand Prix,9,ERI,Sauber,81.299,81.544,
734,2015,17,Mexican Grand Prix,7,RAI,Ferrari,81.422,82.494,
735,2015,17,Mexican Grand Prix,14,ALO,McLaren,81.779,,
736,2015,17,Mexican Grand Prix,12,NAS,Sauber,81.788,,
737,2015,17,Mexican Grand Prix,53,RSS,Manor Marussia,84.136,,
738,2015,17,Mexican Grand Prix,28,STE,Manor Marussia,84.386,,
739,2015,17,Mexican Grand Prix,22,BUT,McLaren,,,
740,2015,18,Brazilian Grand Prix,6,ROS,Mercedes,71.746,72.213,71.282
741,2015,18,Brazilian Grand Prix,44,HAM,Mercedes,71.682,71.665,71.36
742,2015,18,Brazilian Grand Prix,5,VET,Ferrari,72.24,71.928,71.804
743,2015,18,Brazilian Grand Prix,77,BOT,Williams,72.934,72.374,72.085
744,2015,18,Brazilian Grand Prix,7,RAI,Ferrari,72.185,72.243,72.144
745,2015,18,Brazilian Grand Prix,27,HUL,Force India,72.595,72.485,72.265
746,2015,18,Brazilian Grand Prix,26,KVY,Red Bull,72.73,72.527,72.322
747,2015,18,Brazilian Grand Prix,19,MAS,Williams,72.98,72.858,72.415
748,2015,18,Brazilian Grand Prix,3,RIC,Red Bull,72.639,72.825,72.417
749,2015,18,Brazilian Grand Prix,33,VER,Toro Rosso,72.824,72.712,72.739
750,2015,18,Brazilian Grand Prix,12,NAS,Sauber,73.111,72.989,
751,2015,18,Brazilian Grand Prix,55,SAI,Toro Rosso,73.267,73.045,
752,2015,18,Brazilian Grand Prix,11,PER,Force India,73.14,73.147,
753,2015,18,Brazilian Grand Prix,9,ERI,Sauber,73.346,73.233,
754,2015,18,Brazilian Grand Prix,8,GRO,Lotus F1,73.056,73.913,
755,2015,18,Brazilian Grand Prix,13,MAL,Lotus F1,73.385,,
756,2015,18,Brazilian Grand Prix,22,BUT,McLaren,73.425,,
757,2015,18,Brazilian Grand Prix,53,RSS,Manor Marussia,76.151,,
758,2015,18,Brazilian Grand Prix,28,STE,Manor Marussia,76.283,,
759,2015,18,Brazilian Grand Prix,14,ALO,McLaren,,,
760,2015,19,Abu Dhabi Grand Prix,6,ROS,Mercedes,101.111,100.979,100.237
761,2015,19,Abu Dhabi Grand Prix,44,HAM,Mercedes,100.974,100.758,100.614
762,2015,19,Abu Dhabi Grand Prix,7,RAI,Ferrari,102.5,101.612,101.051
763,2015,19,Abu Dhabi Grand Prix,11,PER,Force India,101.983,101.56,101.184
764,2015,19,Abu Dhabi Grand Prix,3,RIC,Red Bull,102.275,101.83,101.444
765,2015,19,Abu Dhabi Grand Prix,77,BOT,Williams,102.608,101.868,101.656
766,2015,19,Abu Dhabi Grand Prix,27,HUL,Force India,101.996,101.925,101.686
767,2015,19,Abu Dhabi Grand Prix,19,MAS,Williams,102.303,102.349,101.759
768,2015,19,Abu Dhabi Grand Prix,26,KVY,Red Bull,102.54,102.328,101.933
769,2015,19,Abu Dhabi Grand Prix,55,SAI,Toro Rosso,102.911,102.482,102.708
770,2015,19,Abu Dhabi Grand Prix,33,VER,Toro Rosso,102.889,102.521,
771,2015,19,Abu Dhabi Grand Prix,22,BUT,McLaren,102.57,102.668,
772,2015,19,Abu Dhabi Grand Prix,13,MAL,Lotus F1,102.929,102.807,
773,2015,19,Abu Dhabi Grand Prix,12,NAS,Sauber,102.896,103.614,
774,2015,19,Abu Dhabi Grand Prix,8,GRO,Lotus F1,102.585,,
775,2015,19,Abu Dhabi Grand Prix,5,VET,Ferrari,102.941,,
776,2015,19,Abu Dhabi Grand Prix,14,ALO,McLaren,103.187,,
777,2015,19,Abu Dhabi Grand Prix,9,ERI,Sauber,103.838,,
778,2015,19,Abu Dhabi Grand Prix,28,STE,Manor Marussia,106.297,,
779,2015,19,Abu Dhabi Grand Prix,98,MER,Manor Marussia,107.434,,
780,2016,1,Australian Grand Prix,44,HAM,Mercedes,85.351,84.605,83.837
781,2016,1,Australian Grand Prix,6,ROS,Mercedes,86.934,84.796,84.197
782,2016,1,Australian Grand Prix,5,VET,Ferrari,86.945,85.257,84.675
783,2016,1,Australian Grand Prix,7,RAI,Ferrari,86.579,85.615,85.033
784,2016,1,Australian Grand Prix,33,VER,Toro Rosso,86.934,85.615,85.434
785,2016,1,Australian Grand Prix,19,MAS,Williams,85.918,85.644,85.458
786,2016,1,Australian Grand Prix,55,SAI,Toro Rosso,87.057,85.384,85.582
787,2016,1,Australian Grand Prix,3,RIC,Red Bull,86.945,85.599,85.589
788,2016,1,Australian Grand Prix,11,PER,Force India,86.607,85.753,
789,2016,1,Australian Grand Prix,27,HUL,Force India,86.55,85.865,
790,2016,1,Australian Grand Prix,77,BOT,Williams,87.135,85.961,
791,2016,1,Australian Grand Prix,14,ALO,McLaren,86.537,86.125,
792,2016,1,Australian Grand Prix,22,BUT,McLaren,86.74,86.304,
793,2016,1,Australian Grand Prix,30,PAL,Renault,87.241,87.601,
794,2016,1,Australian Grand Prix,20,MAG,Renault,87.297,87.742,
795,2016,1,Australian Grand Prix,9,ERI,Sauber,87.435,,
796,2016,1,Australian Grand Prix,12,NAS,Sauber,87.958,,
797,2016,1,Australian Grand Prix,26,KVY,Red Bull,88.006,,
798,2016,1,Australian Grand Prix,8,GRO,Haas F1 Team,88.322,,
799,2016,1,Australian Grand Prix,21,GUT,Haas F1 Team,89.606,,
800,2016,1,Australian Grand Prix,88,HAR,Manor Marussia,89.627,,
801,2016,1,Australian Grand Prix,94,WEH,Manor Marussia,89.642,,
802,2016,2,Bahrain Grand Prix,44,HAM,Mercedes,91.391,90.039,89.493
803,2016,2,Bahrain Grand Prix,6,ROS,Mercedes,91.325,90.535,89.57
804,2016,2,Bahrain Grand Prix,5,VET,Ferrari,91.636,90.409,90.012
805,2016,2,Bahrain Grand Prix,7,RAI,Ferrari,91.685,90.559,90.244
806,2016,2,Bahrain Grand Prix,3,RIC,Red Bull,91.403,91.122,90.854
807,2016,2,Bahrain Grand Prix,77,BOT,Williams,91.672,90.931,91.153
808,2016,2,Bahrain Grand Prix,19,MAS,Williams,92.045,91.374,91.155
809,2016,2,Bahrain Grand Prix,27,HUL,Force India,91.987,91.604,91.62
810,2016,2,Bahrain Grand Prix,8,GRO,Haas F1 Team,92.005,91.756,
811,2016,2,Bahrain Grand Prix,33,VER,Toro Rosso,91.888,91.772,
812,2016,2,Bahrain Grand Prix,55,SAI,Toro Rosso,91.716,91.816,
813,2016,2,Bahrain Grand Prix,47,VAN,McLaren,92.472,91.934,
814,2016,2,Bahrain Grand Prix,21,GUT,Haas F1 Team,92.118,91.945,
815,2016,2,Bahrain Grand Prix,22,BUT,McLaren,91.976,91.998,
816,2016,2,Bahrain Grand Prix,26,KVY,Red Bull,92.559,92.241,
817,2016,2,Bahrain Grand Prix,94,WEH,Manor Marussia,92.806,,
818,2016,2,Bahrain Grand Prix,9,ERI,Sauber,92.84,,
819,2016,2,Bahrain Grand Prix,11,PER,Force India,92.911,,
820,2016,2,Bahrain Grand Prix,20,MAG,Renault,93.181,,
821,2016,2,Bahrain Grand Prix,30,PAL,Renault,93.438,,
822,2016,2,Bahrain Grand Prix,88,HAR,Manor Marussia,94.19,,
823,2016,2,Bahrain Grand Prix,12,NAS,Sauber,94.388,,
824,2016,3,Chinese Grand Prix,6,ROS,Mercedes,97.669,96.24,95.402
825,2016,3,Chinese Grand Prix,3,RIC,Red Bull,97.672,96.815,95.917
826,2016,3,Chinese Grand Prix,7,RAI,Ferrari,97.347,96.118,95.972
827,2016,3,Chinese Grand Prix,5,VET,Ferrari,97.001,96.183,96.246
828,2016,3,Chinese Grand Prix,77,BOT,Williams,97.537,96.831,96.296
829,2016,3,Chinese Grand Prix,26,KVY,Red Bull,97.719,96.948,96.399
830,2016,3,Chinese Grand Prix,11,PER,Force India,98.096,97.149,96.865
831,2016,3,Chinese Grand Prix,55,SAI,Toro Rosso,97.656,97.204,96.881
832,2016,3,Chinese Grand Prix,33,VER,Toro Rosso,98.181,97.265,97.194
833,2016,3,Chinese Grand Prix,27,HUL,Force India,98.165,97.333,
834,2016,3,Chinese Grand Prix,19,MAS,Williams,98.016,97.347,
835,2016,3,Chinese Grand Prix,14,ALO,McLaren,98.451,98.826,
836,2016,3,Chinese Grand Prix,22,BUT,McLaren,97.593,99.093,
837,2016,3,Chinese Grand Prix,8,GRO,Haas F1 Team,98.425,99.83,
838,2016,3,Chinese Grand Prix,9,ERI,Sauber,98.321,100.742,
839,2016,3,Chinese Grand Prix,12,NAS,Sauber,98.654,102.43,
840,2016,3,Chinese Grand Prix,20,MAG,Renault,98.673,,
841,2016,3,Chinese Grand Prix,21,GUT,Haas F1 Team,98.77,,
842,2016,3,Chinese Grand Prix,30,PAL,Renault,99.528,,
843,2016,3,Chinese Grand Prix,88,HAR,Manor Marussia,100.264,,
844,2016,3,Chinese Grand Prix,94,WEH,Manor Marussia,,,
845,2016,3,Chinese Grand Prix,44,HAM,Mercedes,,,
846,2016,4,Russian Grand Prix,6,ROS,Mercedes,96.119,95.337,95.417
847,2016,4,Russian Grand Prix,5,VET,Ferrari,96.555,96.623,96.123
848,2016,4,Russian Grand Prix,77,BOT,Williams,97.746,97.14,96.536
849,2016,4,Russian Grand Prix,7,RAI,Ferrari,96.976,96.741,96.663
850,2016,4,Russian Grand Prix,19,MAS,Williams,97.753,97.23,97.016
851,2016,4,Russian Grand Prix,3,RIC,Red Bull,98.091,97.569,97.125
852,2016,4,Russian Grand Prix,11,PER,Force India,98.006,97.282,97.212
853,2016,4,Russian Grand Prix,26,KVY,Red Bull,98.265,97.606,97.459
854,2016,4,Russian Grand Prix,33,VER,Toro Rosso,98.123,97.51,97.583
855,2016,4,Russian Grand Prix,44,HAM,Mercedes,96.006,95.82,
856,2016,4,Russian Grand Prix,55,SAI,Toro Rosso,97.784,97.652,
857,2016,4,Russian Grand Prix,22,BUT,McLaren,98.332,97.701,
858,2016,4,Russian Grand Prix,27,HUL,Force India,98.562,97.771,
859,2016,4,Russian Grand Prix,14,ALO,McLaren,97.971,97.807,
860,2016,4,Russian Grand Prix,8,GRO,Haas F1 Team,98.383,98.055,
861,2016,4,Russian Grand Prix,21,GUT,Haas F1 Team,98.678,98.115,
862,2016,4,Russian Grand Prix,20,MAG,Renault,98.914,,
863,2016,4,Russian Grand Prix,30,PAL,Renault,99.009,,
864,2016,4,Russian Grand Prix,12,NAS,Sauber,99.018,,
865,2016,4,Russian Grand Prix,94,WEH,Manor Marussia,99.399,,
866,2016,4,Russian Grand Prix,88,HAR,Manor Marussia,99.463,,
867,2016,4,Russian Grand Prix,9,ERI,Sauber,99.519,,
868,2016,5,Spanish Grand Prix,44,HAM,Mercedes,83.214,82.159,82.0
869,2016,5,Spanish Grand Prix,6,ROS,Mercedes,83.002,82.759,82.28
870,2016,5,Spanish Grand Prix,3,RIC,Red Bull,83.749,83.585,82.68
871,2016,5,Spanish Grand Prix,33,VER,Red Bull,83.578,83.178,83.087
872,2016,5,Spanish Grand Prix,7,RAI,Ferrari,83.796,83.504,83.113
873,2016,5,Spanish Grand Prix,5,VET,Ferrari,84.124,83.688,83.334
874,2016,5,Spanish Grand Prix,77,BOT,Williams,84.251,84.023,83.522
875,2016,5,Spanish Grand Prix,55,SAI,Toro Rosso,84.496,84.077,83.643
876,2016,5,Spanish Grand Prix,11,PER,Force India,84.698,84.003,83.782
877,2016,5,Spanish Grand Prix,14,ALO,McLaren,84.578,84.192,83.981
878,2016,5,Spanish Grand Prix,27,HUL,Force India,84.463,84.203,
879,2016,5,Spanish Grand Prix,22,BUT,McLaren,84.583,84.348,
880,2016,5,Spanish Grand Prix,26,KVY,Toro Rosso,84.696,84.445,
881,2016,5,Spanish Grand Prix,8,GRO,Haas F1 Team,84.716,84.48,
882,2016,5,Spanish Grand Prix,20,MAG,Renault,84.669,84.625,
883,2016,5,Spanish Grand Prix,21,GUT,Haas F1 Team,84.406,84.778,
884,2016,5,Spanish Grand Prix,30,PAL,Renault,84.903,,
885,2016,5,Spanish Grand Prix,19,MAS,Williams,84.941,,
886,2016,5,Spanish Grand Prix,9,ERI,Sauber,85.202,,
887,2016,5,Spanish Grand Prix,12,NAS,Sauber,85.579,,
888,2016,5,Spanish Grand Prix,94,WEH,Manor Marussia,85.745,,
889,2016,5,Spanish Grand Prix,88,HAR,Manor Marussia,85.939,,
890,2016,6,Monaco Grand Prix,3,RIC,Red Bull,74.912,74.357,73.622
891,2016,6,Monaco Grand Prix,6,ROS,Mercedes,74.873,74.043,73.791
892,2016,6,Monaco Grand Prix,44,HAM,Mercedes,74.826,74.056,73.942
893,2016,6,Monaco Grand Prix,5,VET,Ferrari,74.61,74.318,74.552
894,2016,6,Monaco Grand Prix,27,HUL,Force India,75.333,74.989,74.726
895,2016,6,Monaco Grand Prix,7,RAI,Ferrari,75.499,74.789,74.732
896,2016,6,Monaco Grand Prix,55,SAI,Toro Rosso,75.467,74.805,74.749
897,2016,6,Monaco Grand Prix,11,PER,Force India,75.328,74.937,74.902
898,2016,6,Monaco Grand Prix,26,KVY,Toro Rosso,75.384,74.794,75.273
899,2016,6,Monaco Grand Prix,14,ALO,McLaren,75.504,75.107,75.363
900,2016,6,Monaco Grand Prix,77,BOT,Williams,75.521,75.273,
901,2016,6,Monaco Grand Prix,21,GUT,Haas F1 Team,75.592,75.293,
902,2016,6,Monaco Grand Prix,22,BUT,McLaren,75.554,75.352,
903,2016,6,Monaco Grand Prix,19,MAS,Williams,75.71,75.385,
904,2016,6,Monaco Grand Prix,8,GRO,Haas F1 Team,75.465,75.571,
905,2016,6,Monaco Grand Prix,20,MAG,Renault,76.253,76.058,
906,2016,6,Monaco Grand Prix,9,ERI,Sauber,76.299,,
907,2016,6,Monaco Grand Prix,30,PAL,Renault,76.586,,
908,2016,6,Monaco Grand Prix,88,HAR,Manor Marussia,77.295,,
909,2016,6,Monaco Grand Prix,94,WEH,Manor Marussia,77.452,,
910,2016,6,Monaco Grand Prix,33,VER,Red Bull,82.467,,
911,2016,6,Monaco Grand Prix,12,NAS,Sauber,,,
912,2016,7,Canadian Grand Prix,44,HAM,Mercedes,74.121,73.076,72.812
913,2016,7,Canadian Grand Prix,6,ROS,Mercedes,73.714,73.094,72.874
914,2016,7,Canadian Grand Prix,5,VET,Ferrari,73.925,73.857,72.99
915,2016,7,Canadian Grand Prix,3,RIC,Red Bull,74.03,73.54,73.166
916,2016,7,Canadian Grand Prix,33,VER,Red Bull,74.601,73.793,73.414
917,2016,7,Canadian Grand Prix,7,RAI,Ferrari,74.477,73.849,73.579
918,2016,7,Canadian Grand Prix,77,BOT,Williams,74.389,73.791,73.67
919,2016,7,Canadian Grand Prix,19,MAS,Williams,74.815,73.864,73.769
920,2016,7,Canadian Grand Prix,27,HUL,Force India,74.663,74.166,73.952
921,2016,7,Canadian Grand Prix,14,ALO,McLaren,75.026,74.26,74.338
922,2016,7,Canadian Grand Prix,11,PER,Force India,74.814,74.317,
923,2016,7,Canadian Grand Prix,22,BUT,McLaren,74.755,74.437,
924,2016,7,Canadian Grand Prix,26,KVY,Toro Rosso,74.829,74.457,
925,2016,7,Canadian Grand Prix,21,GUT,Haas F1 Team,75.148,74.571,
926,2016,7,Canadian Grand Prix,8,GRO,Haas F1 Team,75.444,74.803,
927,2016,7,Canadian Grand Prix,55,SAI,Toro Rosso,74.714,81.956,
928,2016,7,Canadian Grand Prix,30,PAL,Renault,75.459,,
929,2016,7,Canadian Grand Prix,94,WEH,Manor Marussia,75.599,,
930,2016,7,Canadian Grand Prix,9,ERI,Sauber,75.635,,
931,2016,7,Canadian Grand Prix,12,NAS,Sauber,76.663,,
932,2016,7,Canadian Grand Prix,88,HAR,Manor Marussia,77.052,,
933,2016,8,European Grand Prix,6,ROS,Mercedes,103.685,102.52,102.758
934,2016,8,European Grand Prix,11,PER,Force India,104.462,103.939,103.515
935,2016,8,European Grand Prix,3,RIC,Red Bull,104.57,104.141,103.966
936,2016,8,European Grand Prix,5,VET,Ferrari,105.062,104.461,103.966
937,2016,8,European Grand Prix,7,RAI,Ferrari,104.936,104.533,104.269
938,2016,8,European Grand Prix,19,MAS,Williams,105.494,104.696,104.483
939,2016,8,European Grand Prix,26,KVY,Toro Rosso,104.694,104.687,104.717
940,2016,8,European Grand Prix,77,BOT,Williams,104.706,104.477,105.246
941,2016,8,European Grand Prix,33,VER,Red Bull,104.939,104.387,105.57
942,2016,8,European Grand Prix,44,HAM,Mercedes,104.259,103.526,121.954
943,2016,8,European Grand Prix,8,GRO,Haas F1 Team,105.507,104.755,
944,2016,8,European Grand Prix,27,HUL,Force India,104.86,104.824,
945,2016,8,European Grand Prix,55,SAI,Toro Rosso,104.827,105.0,
946,2016,8,European Grand Prix,14,ALO,McLaren,105.525,105.27,
947,2016,8,European Grand Prix,21,GUT,Haas F1 Team,105.3,105.349,
948,2016,8,European Grand Prix,12,NAS,Sauber,105.549,106.048,
949,2016,8,European Grand Prix,88,HAR,Manor Marussia,105.665,,
950,2016,8,European Grand Prix,94,WEH,Manor Marussia,105.75,,
951,2016,8,European Grand Prix,22,BUT,McLaren,105.804,,
952,2016,8,European Grand Prix,9,ERI,Sauber,106.231,,
953,2016,8,European Grand Prix,20,MAG,Renault,106.348,,
954,2016,8,European Grand Prix,30,PAL,Renault,106.394,,
955,2016,9,Austrian Grand Prix,44,HAM,Mercedes,66.947,66.228,67.922
956,2016,9,Austrian Grand Prix,6,ROS,Mercedes,66.516,66.403,68.465
957,2016,9,Austrian Grand Prix,27,HUL,Force India,67.385,67.257,69.285
958,2016,9,Austrian Grand Prix,5,VET,Ferrari,66.761,66.602,69.781
959,2016,9,Austrian Grand Prix,22,BUT,McLaren,67.653,67.572,69.9
960,2016,9,Austrian Grand Prix,7,RAI,Ferrari,67.24,66.94,69.901
961,2016,9,Austrian Grand Prix,3,RIC,Red Bull,67.5,66.84,69.98
962,2016,9,Austrian Grand Prix,77,BOT,Williams,67.148,66.911,70.44
963,2016,9,Austrian Grand Prix,33,VER,Red Bull,67.131,66.866,71.153
964,2016,9,Austrian Grand Prix,19,MAS,Williams,67.419,67.145,71.977
965,2016,9,Austrian Grand Prix,21,GUT,Haas F1 Team,67.66,67.578,
966,2016,9,Austrian Grand Prix,94,WEH,Manor Marussia,67.565,67.7,
967,2016,9,Austrian Grand Prix,8,GRO,Haas F1 Team,67.662,67.85,
968,2016,9,Austrian Grand Prix,14,ALO,McLaren,67.671,68.154,
969,2016,9,Austrian Grand Prix,55,SAI,Toro Rosso,67.618,,
970,2016,9,Austrian Grand Prix,11,PER,Force India,67.657,,
971,2016,9,Austrian Grand Prix,20,MAG,Renault,67.941,,
972,2016,9,Austrian Grand Prix,30,PAL,Renault,67.965,,
973,2016,9,Austrian Grand Prix,88,HAR,Manor Marussia,68.026,,
974,2016,9,Austrian Grand Prix,26,KVY,Toro Rosso,68.409,,
975,2016,9,Austrian Grand Prix,9,ERI,Sauber,68.418,,
976,2016,9,Austrian Grand Prix,12,NAS,Sauber,68.446,,
977,2016,10,British Grand Prix,44,HAM,Mercedes,90.739,89.243,89.287
978,2016,10,British Grand Prix,6,ROS,Mercedes,90.724,89.97,89.606
979,2016,10,British Grand Prix,33,VER,Red Bull,91.305,90.697,90.313
980,2016,10,British Grand Prix,3,RIC,Red Bull,91.684,91.319,90.618
981,2016,10,British Grand Prix,7,RAI,Ferrari,91.326,91.385,90.881
982,2016,10,British Grand Prix,5,VET,Ferrari,91.606,90.711,91.49
983,2016,10,British Grand Prix,77,BOT,Williams,91.913,91.478,91.557
984,2016,10,British Grand Prix,55,SAI,Toro Rosso,92.115,91.708,91.989
985,2016,10,British Grand Prix,27,HUL,Force India,92.349,91.77,92.172
986,2016,10,British Grand Prix,14,ALO,McLaren,92.281,91.74,92.343
987,2016,10,British Grand Prix,11,PER,Force India,92.336,91.875,
988,2016,10,British Grand Prix,19,MAS,Williams,92.146,92.002,
989,2016,10,British Grand Prix,8,GRO,Haas F1 Team,92.283,92.05,
990,2016,10,British Grand Prix,21,GUT,Haas F1 Team,92.237,92.241,
991,2016,10,British Grand Prix,26,KVY,Toro Rosso,92.553,92.306,
992,2016,10,British Grand Prix,20,MAG,Renault,92.729,97.06,
993,2016,10,British Grand Prix,22,BUT,McLaren,92.788,,
994,2016,10,British Grand Prix,30,PAL,Renault,92.905,,
995,2016,10,British Grand Prix,88,HAR,Manor Marussia,93.098,,
996,2016,10,British Grand Prix,94,WEH,Manor Marussia,93.151,,
997,2016,10,British Grand Prix,12,NAS,Sauber,93.544,,
998,2016,11,Hungarian Grand Prix,6,ROS,Mercedes,93.302,82.806,79.965
999,2016,11,Hungarian Grand Prix,44,HAM,Mercedes,94.21,84.836,80.108
1000,2016,11,Hungarian Grand Prix,3,RIC,Red Bull,99.968,83.234,80.28
1001,2016,11,Hungarian Grand Prix,33,VER,Red Bull,100.424,82.66,80.557
1002,2016,11,Hungarian Grand Prix,5,VET,Ferrari,95.718,84.082,80.874
1003,2016,11,Hungarian Grand Prix,55,SAI,Toro Rosso,96.115,84.734,81.131
1004,2016,11,Hungarian Grand Prix,14,ALO,McLaren,95.165,83.816,81.211
1005,2016,11,Hungarian Grand Prix,22,BUT,McLaren,97.983,84.456,81.597
1006,2016,11,Hungarian Grand Prix,27,HUL,Force India,101.471,83.901,81.823
1007,2016,11,Hungarian Grand Prix,77,BOT,Williams,102.758,84.506,82.182
1008,2016,11,Hungarian Grand Prix,8,GRO,Haas F1 Team,95.906,84.941,
1009,2016,11,Hungarian Grand Prix,26,KVY,Toro Rosso,96.714,85.301,
1010,2016,11,Hungarian Grand Prix,11,PER,Force India,101.411,85.416,
1011,2016,11,Hungarian Grand Prix,7,RAI,Ferrari,96.853,85.435,
1012,2016,11,Hungarian Grand Prix,21,GUT,Haas F1 Team,98.959,86.189,
1013,2016,11,Hungarian Grand Prix,12,NAS,Sauber,97.772,87.063,
1014,2016,11,Hungarian Grand Prix,30,PAL,Renault,103.965,,
1015,2016,11,Hungarian Grand Prix,19,MAS,Williams,103.999,,
1016,2016,11,Hungarian Grand Prix,20,MAG,Renault,104.543,,
1017,2016,11,Hungarian Grand Prix,9,ERI,Sauber,106.984,,
1018,2016,11,Hungarian Grand Prix,94,WEH,Manor Marussia,107.343,,
1019,2016,11,Hungarian Grand Prix,88,HAR,Manor Marussia,110.189,,
1020,2016,12,German Grand Prix,6,ROS,Mercedes,75.485,74.839,74.363
1021,2016,12,German Grand Prix,44,HAM,Mercedes,75.243,74.748,74.47
1022,2016,12,German Grand Prix,3,RIC,Red Bull,75.591,75.545,74.726
1023,2016,12,German Grand Prix,33,VER,Red Bull,75.875,75.124,74.834
1024,2016,12,German Grand Prix,7,RAI,Ferrari,75.752,75.242,75.142
1025,2016,12,German Grand Prix,5,VET,Ferrari,75.927,75.63,75.315
1026,2016,12,German Grand Prix,27,HUL,Force India,76.301,75.623,75.51
1027,2016,12,German Grand Prix,77,BOT,Williams,75.952,75.49,75.53
1028,2016,12,German Grand Prix,11,PER,Force India,76.169,75.5,75.537
1029,2016,12,German Grand Prix,19,MAS,Williams,76.503,75.699,75.615
1030,2016,12,German Grand Prix,21,GUT,Haas F1 Team,75.987,75.883,
1031,2016,12,German Grand Prix,22,BUT,McLaren,76.172,75.909,
1032,2016,12,German Grand Prix,55,SAI,Toro Rosso,76.317,75.989,
1033,2016,12,German Grand Prix,14,ALO,McLaren,76.338,76.041,
1034,2016,12,German Grand Prix,8,GRO,Haas F1 Team,76.328,76.086,
1035,2016,12,German Grand Prix,30,PAL,Renault,76.636,76.665,
1036,2016,12,German Grand Prix,20,MAG,Renault,76.716,,
1037,2016,12,German Grand Prix,94,WEH,Manor Marussia,76.717,,
1038,2016,12,German Grand Prix,26,KVY,Toro Rosso,76.876,,
1039,2016,12,German Grand Prix,88,HAR,Manor Marussia,76.977,,
1040,2016,12,German Grand Prix,12,NAS,Sauber,77.123,,
1041,2016,12,German Grand Prix,9,ERI,Sauber,77.238,,
1042,2016,13,Belgian Grand Prix,6,ROS,Mercedes,108.019,106.999,106.744
1043,2016,13,Belgian Grand Prix,33,VER,Red Bull,108.407,107.163,106.893
1044,2016,13,Belgian Grand Prix,7,RAI,Ferrari,107.912,107.664,106.91
1045,2016,13,Belgian Grand Prix,5,VET,Ferrari,107.802,107.944,107.108
1046,2016,13,Belgian Grand Prix,3,RIC,Red Bull,108.407,108.027,107.216
1047,2016,13,Belgian Grand Prix,11,PER,Force India,108.106,107.485,107.407
1048,2016,13,Belgian Grand Prix,27,HUL,Force India,108.08,107.317,107.543
1049,2016,13,Belgian Grand Prix,77,BOT,Williams,108.655,107.918,107.612
1050,2016,13,Belgian Grand Prix,22,BUT,McLaren,108.7,108.051,108.114
1051,2016,13,Belgian Grand Prix,19,MAS,Williams,107.738,107.667,108.263
1052,2016,13,Belgian Grand Prix,8,GRO,Haas F1 Team,108.751,108.316,
1053,2016,13,Belgian Grand Prix,20,MAG,Renault,108.8,108.485,
1054,2016,13,Belgian Grand Prix,21,GUT,Haas F1 Team,108.748,108.598,
1055,2016,13,Belgian Grand Prix,30,PAL,Renault,108.901,108.888,
1056,2016,13,Belgian Grand Prix,55,SAI,Toro Rosso,108.876,109.038,
1057,2016,13,Belgian Grand Prix,94,WEH,Manor Marussia,108.554,109.32,
1058,2016,13,Belgian Grand Prix,12,NAS,Sauber,108.949,,
1059,2016,13,Belgian Grand Prix,31,OCO,Manor Marussia,109.05,,
1060,2016,13,Belgian Grand Prix,26,KVY,Toro Rosso,109.058,,
1061,2016,13,Belgian Grand Prix,9,ERI,Sauber,109.071,,
1062,2016,13,Belgian Grand Prix,44,HAM,Mercedes,110.033,,
1063,2016,14,Italian Grand Prix,44,HAM,Mercedes,81.854,81.498,81.135
1064,2016,14,Italian Grand Prix,6,ROS,Mercedes,82.497,81.809,81.613
1065,2016,14,Italian Grand Prix,5,VET,Ferrari,83.077,82.275,81.972
1066,2016,14,Italian Grand Prix,7,RAI,Ferrari,83.217,82.568,82.065
1067,2016,14,Italian Grand Prix,77,BOT,Williams,83.264,82.499,82.388
1068,2016,14,Italian Grand Prix,3,RIC,Red Bull,83.158,82.638,82.389
1069,2016,14,Italian Grand Prix,33,VER,Red Bull,83.229,82.857,82.411
1070,2016,14,Italian Grand Prix,11,PER,Force India,83.439,82.922,82.814
1071,2016,14,Italian Grand Prix,27,HUL,Force India,83.259,82.951,82.836
1072,2016,14,Italian Grand Prix,21,GUT,Haas F1 Team,83.386,82.856,83.184
1073,2016,14,Italian Grand Prix,19,MAS,Williams,83.489,82.967,
1074,2016,14,Italian Grand Prix,8,GRO,Haas F1 Team,83.421,83.092,
1075,2016,14,Italian Grand Prix,14,ALO,McLaren,83.783,83.273,
1076,2016,14,Italian Grand Prix,94,WEH,Manor Marussia,83.76,83.315,
1077,2016,14,Italian Grand Prix,22,BUT,McLaren,83.666,83.399,
1078,2016,14,Italian Grand Prix,55,SAI,Toro Rosso,83.661,83.496,
1079,2016,14,Italian Grand Prix,26,KVY,Toro Rosso,83.825,,
1080,2016,14,Italian Grand Prix,12,NAS,Sauber,83.956,,
1081,2016,14,Italian Grand Prix,9,ERI,Sauber,84.087,,
1082,2016,14,Italian Grand Prix,30,PAL,Renault,84.23,,
1083,2016,14,Italian Grand Prix,20,MAG,Renault,84.436,,
1084,2016,15,Singapore Grand Prix,6,ROS,Mercedes,105.316,103.02,102.584
1085,2016,15,Singapore Grand Prix,3,RIC,Red Bull,104.255,103.933,103.115
1086,2016,15,Singapore Grand Prix,44,HAM,Mercedes,105.167,103.471,103.288
1087,2016,15,Singapore Grand Prix,33,VER,Red Bull,105.036,104.112,103.328
1088,2016,15,Singapore Grand Prix,7,RAI,Ferrari,104.964,104.159,103.54
1089,2016,15,Singapore Grand Prix,55,SAI,Toro Rosso,105.499,104.493,104.197
1090,2016,15,Singapore Grand Prix,26,KVY,Toro Rosso,105.291,104.475,104.469
1091,2016,15,Singapore Grand Prix,27,HUL,Force India,106.081,104.737,104.479
1092,2016,15,Singapore Grand Prix,14,ALO,McLaren,105.373,104.653,104.553
1093,2016,15,Singapore Grand Prix,11,PER,Force India,105.204,104.703,104.582
1094,2016,15,Singapore Grand Prix,77,BOT,Williams,106.086,104.74,
1095,2016,15,Singapore Grand Prix,19,MAS,Williams,106.056,104.991,
1096,2016,15,Singapore Grand Prix,22,BUT,McLaren,105.262,105.144,
1097,2016,15,Singapore Grand Prix,21,GUT,Haas F1 Team,105.465,105.593,
1098,2016,15,Singapore Grand Prix,8,GRO,Haas F1 Team,105.609,105.723,
1099,2016,15,Singapore Grand Prix,9,ERI,Sauber,106.427,107.827,
1100,2016,15,Singapore Grand Prix,20,MAG,Renault,106.825,,
1101,2016,15,Singapore Grand Prix,12,NAS,Sauber,106.86,,
1102,2016,15,Singapore Grand Prix,30,PAL,Renault,106.96,,
1103,2016,15,Singapore Grand Prix,94,WEH,Manor Marussia,107.667,,
1104,2016,15,Singapore Grand Prix,31,OCO,Manor Marussia,108.296,,
1105,2016,15,Singapore Grand Prix,5,VET,Ferrari,109.116,,
1106,2016,16,Malaysian Grand Prix,44,HAM,Mercedes,94.444,93.046,92.85
1107,2016,16,Malaysian Grand Prix,6,ROS,Mercedes,94.46,93.609,93.264
1108,2016,16,Malaysian Grand Prix,33,VER,Red Bull,95.443,93.775,93.42
1109,2016,16,Malaysian Grand Prix,3,RIC,Red Bull,95.079,93.888,93.467
1110,2016,16,Malaysian Grand Prix,5,VET,Ferrari,94.557,93.972,93.584
1111,2016,16,Malaysian Grand Prix,7,RAI,Ferrari,94.556,93.903,93.632
1112,2016,16,Malaysian Grand Prix,11,PER,Force India,95.068,94.538,94.319
1113,2016,16,Malaysian Grand Prix,27,HUL,Force India,94.827,94.441,94.489
1114,2016,16,Malaysian Grand Prix,22,BUT,McLaren,95.267,94.431,94.518
1115,2016,16,Malaysian Grand Prix,19,MAS,Williams,95.267,94.422,94.671
1116,2016,16,Malaysian Grand Prix,77,BOT,Williams,95.166,94.577,
1117,2016,16,Malaysian Grand Prix,8,GRO,Haas F1 Team,95.4,95.001,
1118,2016,16,Malaysian Grand Prix,21,GUT,Haas F1 Team,95.658,95.097,
1119,2016,16,Malaysian Grand Prix,20,MAG,Renault,95.593,95.277,
1120,2016,16,Malaysian Grand Prix,26,KVY,Toro Rosso,95.695,95.369,
1121,2016,16,Malaysian Grand Prix,55,SAI,Toro Rosso,95.605,95.374,
1122,2016,16,Malaysian Grand Prix,9,ERI,Sauber,95.816,,
1123,2016,16,Malaysian Grand Prix,12,NAS,Sauber,95.949,,
1124,2016,16,Malaysian Grand Prix,30,PAL,Renault,95.999,,
1125,2016,16,Malaysian Grand Prix,31,OCO,Manor Marussia,96.451,,
1126,2016,16,Malaysian Grand Prix,94,WEH,Manor Marussia,96.587,,
1127,2016,16,Malaysian Grand Prix,14,ALO,McLaren,97.155,,
1128,2016,17,Japanese Grand Prix,6,ROS,Mercedes,91.858,90.714,90.647
1129,2016,17,Japanese Grand Prix,44,HAM,Mercedes,92.218,91.129,90.66
1130,2016,17,Japanese Grand Prix,7,RAI,Ferrari,91.674,91.406,90.949
1131,2016,17,Japanese Grand Prix,5,VET,Ferrari,91.659,91.227,91.028
1132,2016,17,Japanese Grand Prix,33,VER,Red Bull,92.487,91.489,91.178
1133,2016,17,Japanese Grand Prix,3,RIC,Red Bull,92.538,91.719,91.24
1134,2016,17,Japanese Grand Prix,11,PER,Force India,92.682,92.237,91.961
1135,2016,17,Japanese Grand Prix,8,GRO,Haas F1 Team,92.458,92.176,91.961
1136,2016,17,Japanese Grand Prix,27,HUL,Force India,92.448,92.2,92.142
1137,2016,17,Japanese Grand Prix,21,GUT,Haas F1 Team,92.62,92.155,92.547
1138,2016,17,Japanese Grand Prix,77,BOT,Williams,92.383,92.315,
1139,2016,17,Japanese Grand Prix,19,MAS,Williams,92.562,92.38,
1140,2016,17,Japanese Grand Prix,26,KVY,Toro Rosso,92.645,92.623,
1141,2016,17,Japanese Grand Prix,55,SAI,Toro Rosso,92.789,92.685,
1142,2016,17,Japanese Grand Prix,14,ALO,McLaren,92.819,92.689,
1143,2016,17,Japanese Grand Prix,30,PAL,Renault,92.796,92.807,
1144,2016,17,Japanese Grand Prix,22,BUT,McLaren,92.851,,
1145,2016,17,Japanese Grand Prix,20,MAG,Renault,93.023,,
1146,2016,17,Japanese Grand Prix,9,ERI,Sauber,93.222,,
1147,2016,17,Japanese Grand Prix,12,NAS,Sauber,93.332,,
1148,2016,17,Japanese Grand Prix,31,OCO,Manor Marussia,93.353,,
1149,2016,17,Japanese Grand Prix,94,WEH,Manor Marussia,93.561,,
1150,2016,18,United States Grand Prix,44,HAM,Mercedes,96.296,96.45,94.999
1151,2016,18,United States Grand Prix,6,ROS,Mercedes,96.397,96.351,95.215
1152,2016,18,United States Grand Prix,3,RIC,Red Bull,96.759,96.255,95.509
1153,2016,18,United States Grand Prix,33,VER,Red Bull,96.613,96.857,95.747
1154,2016,18,United States Grand Prix,7,RAI,Ferrari,96.985,96.584,96.131
1155,2016,18,United States Grand Prix,5,VET,Ferrari,97.151,96.462,96.358
1156,2016,18,United States Grand Prix,27,HUL,Force India,96.95,96.626,96.628
1157,2016,18,United States Grand Prix,77,BOT,Williams,97.456,97.202,97.116
1158,2016,18,United States Grand Prix,19,MAS,Williams,97.402,97.214,97.269
1159,2016,18,United States Grand Prix,55,SAI,Toro Rosso,97.744,97.175,97.326
1160,2016,18,United States Grand Prix,11,PER,Force India,97.345,97.353,
1161,2016,18,United States Grand Prix,14,ALO,McLaren,97.913,97.417,
1162,2016,18,United States Grand Prix,26,KVY,Toro Rosso,97.844,97.48,
1163,2016,18,United States Grand Prix,21,GUT,Haas F1 Team,98.053,97.773,
1164,2016,18,United States Grand Prix,30,PAL,Renault,98.084,97.935,
1165,2016,18,United States Grand Prix,9,ERI,Sauber,98.04,99.356,
1166,2016,18,United States Grand Prix,8,GRO,Haas F1 Team,98.308,,
1167,2016,18,United States Grand Prix,20,MAG,Renault,98.317,,
1168,2016,18,United States Grand Prix,22,BUT,McLaren,98.327,,
1169,2016,18,United States Grand Prix,94,WEH,Manor Marussia,98.548,,
1170,2016,18,United States Grand Prix,12,NAS,Sauber,98.583,,
1171,2016,18,United States Grand Prix,31,OCO,Manor Marussia,98.806,,
1172,2016,19,Mexican Grand Prix,44,HAM,Mercedes,79.447,79.137,78.704
1173,2016,19,Mexican Grand Prix,6,ROS,Mercedes,79.996,79.761,78.958
1174,2016,19,Mexican Grand Prix,33,VER,Red Bull,79.874,78.972,79.054
1175,2016,19,Mexican Grand Prix,3,RIC,Red Bull,79.713,79.553,79.133
1176,2016,19,Mexican Grand Prix,27,HUL,Force India,80.599,79.769,79.33
1177,2016,19,Mexican Grand Prix,7,RAI,Ferrari,79.554,79.936,79.376
1178,2016,19,Mexican Grand Prix,5,VET,Ferrari,79.865,79.385,79.381
1179,2016,19,Mexican Grand Prix,77,BOT,Williams,80.338,79.958,79.551
1180,2016,19,Mexican Grand Prix,19,MAS,Williams,80.423,80.151,80.032
1181,2016,19,Mexican Grand Prix,55,SAI,Toro Rosso,80.457,80.169,80.378
1182,2016,19,Mexican Grand Prix,14,ALO,McLaren,80.552,80.282,
1183,2016,19,Mexican Grand Prix,11,PER,Force India,80.308,80.287,
1184,2016,19,Mexican Grand Prix,22,BUT,McLaren,81.333,80.673,
1185,2016,19,Mexican Grand Prix,20,MAG,Renault,81.254,81.131,
1186,2016,19,Mexican Grand Prix,9,ERI,Sauber,81.062,81.536,
1187,2016,19,Mexican Grand Prix,94,WEH,Manor Marussia,81.363,81.785,
1188,2016,19,Mexican Grand Prix,21,GUT,Haas F1 Team,81.401,,
1189,2016,19,Mexican Grand Prix,26,KVY,Toro Rosso,81.454,,
1190,2016,19,Mexican Grand Prix,12,NAS,Sauber,81.692,,
1191,2016,19,Mexican Grand Prix,31,OCO,Manor Marussia,81.881,,
1192,2016,19,Mexican Grand Prix,8,GRO,Haas F1 Team,81.916,,
1193,2016,20,Brazilian Grand Prix,44,HAM,Mercedes,71.511,71.238,70.736
1194,2016,20,Brazilian Grand Prix,6,ROS,Mercedes,71.815,71.373,70.838
1195,2016,20,Brazilian Grand Prix,7,RAI,Ferrari,72.1,72.301,71.404
1196,2016,20,Brazilian Grand Prix,33,VER,Red Bull,71.957,71.834,71.485
1197,2016,20,Brazilian Grand Prix,5,VET,Ferrari,72.159,72.01,71.495
1198,2016,20,Brazilian Grand Prix,3,RIC,Red Bull,72.409,72.047,71.54
1199,2016,20,Brazilian Grand Prix,8,GRO,Haas F1 Team,72.893,72.343,71.937
1200,2016,20,Brazilian Grand Prix,27,HUL,Force India,72.428,72.36,72.104
1201,2016,20,Brazilian Grand Prix,11,PER,Force India,72.684,72.331,72.165
1202,2016,20,Brazilian Grand Prix,14,ALO,McLaren,72.7,72.312,72.266
1203,2016,20,Brazilian Grand Prix,77,BOT,Williams,72.68,72.42,
1204,2016,20,Brazilian Grand Prix,21,GUT,Haas F1 Team,73.052,72.431,
1205,2016,20,Brazilian Grand Prix,19,MAS,Williams,72.432,72.521,
1206,2016,20,Brazilian Grand Prix,26,KVY,Toro Rosso,73.071,72.726,
1207,2016,20,Brazilian Grand Prix,55,SAI,Toro Rosso,72.95,72.92,
1208,2016,20,Brazilian Grand Prix,30,PAL,Renault,73.259,73.258,
1209,2016,20,Brazilian Grand Prix,22,BUT,McLaren,73.276,,
1210,2016,20,Brazilian Grand Prix,20,MAG,Renault,73.41,,
1211,2016,20,Brazilian Grand Prix,94,WEH,Manor Marussia,73.427,,
1212,2016,20,Brazilian Grand Prix,31,OCO,Manor Marussia,73.432,,
1213,2016,20,Brazilian Grand Prix,9,ERI,Sauber,73.623,,
1214,2016,20,Brazilian Grand Prix,12,NAS,Sauber,73.681,,
1215,2016,21,Abu Dhabi Grand Prix,44,HAM,Mercedes,99.487,99.382,98.755
1216,2016,21,Abu Dhabi Grand Prix,6,ROS,Mercedes,100.511,99.49,99.058
1217,2016,21,Abu Dhabi Grand Prix,3,RIC,Red Bull,101.002,100.429,99.589
1218,2016,21,Abu Dhabi Grand Prix,7,RAI,Ferrari,100.338,99.629,99.604
1219,2016,21,Abu Dhabi Grand Prix,5,VET,Ferrari,100.341,100.034,99.661
1220,2016,21,Abu Dhabi Grand Prix,33,VER,Red Bull,100.424,99.903,99.818
1221,2016,21,Abu Dhabi Grand Prix,27,HUL,Force India,101.0,100.709,100.501
1222,2016,21,Abu Dhabi Grand Prix,11,PER,Force India,100.864,100.743,100.519
1223,2016,21,Abu Dhabi Grand Prix,14,ALO,McLaren,101.616,101.044,101.106
1224,2016,21,Abu Dhabi Grand Prix,19,MAS,Williams,101.157,100.858,101.213
1225,2016,21,Abu Dhabi Grand Prix,77,BOT,Williams,101.192,101.084,
1226,2016,21,Abu Dhabi Grand Prix,22,BUT,McLaren,101.158,101.272,
1227,2016,21,Abu Dhabi Grand Prix,21,GUT,Haas F1 Team,101.639,101.48,
1228,2016,21,Abu Dhabi Grand Prix,8,GRO,Haas F1 Team,101.467,101.564,
1229,2016,21,Abu Dhabi Grand Prix,30,PAL,Renault,101.775,101.82,
1230,2016,21,Abu Dhabi Grand Prix,94,WEH,Manor Marussia,101.886,101.995,
1231,2016,21,Abu Dhabi Grand Prix,26,KVY,Toro Rosso,102.003,,
1232,2016,21,Abu Dhabi Grand Prix,20,MAG,Renault,102.142,,
1233,2016,21,Abu Dhabi Grand Prix,12,NAS,Sauber,102.247,,
1234,2016,21,Abu Dhabi Grand Prix,31,OCO,Manor Marussia,102.286,,
1235,2016,21,Abu Dhabi Grand Prix,55,SAI,Toro Rosso,102.393,,
1236,2016,21,Abu Dhabi Grand Prix,9,ERI,Sauber,102.637,,
1237,2017,1,Australian Grand Prix,44,HAM,Mercedes,84.191,83.251,82.188
1238,2017,1,Australian Grand Prix,5,VET,Ferrari,85.21,83.401,82.456
1239,2017,1,Australian Grand Prix,77,BOT,Mercedes,84.514,83.215,82.481
1240,2017,1,Australian Grand Prix,7,RAI,Ferrari,84.352,83.376,83.033
1241,2017,1,Australian Grand Prix,33,VER,Red Bull,84.482,84.092,83.485
1242,2017,1,Australian Grand Prix,8,GRO,Haas F1 Team,85.419,84.718,84.074
1243,2017,1,Australian Grand Prix,19,MAS,Williams,85.099,84.597,84.443
1244,2017,1,Australian Grand Prix,55,SAI,Toro Rosso,85.542,84.997,84.487
1245,2017,1,Australian Grand Prix,26,KVY,Toro Rosso,85.97,84.864,84.512
1246,2017,1,Australian Grand Prix,3,RIC,Red Bull,85.383,83.989,
1247,2017,1,Australian Grand Prix,11,PER,Force India,85.064,85.081,
1248,2017,1,Australian Grand Prix,27,HUL,Renault,84.975,85.091,
1249,2017,1,Australian Grand Prix,14,ALO,McLaren,85.872,85.425,
1250,2017,1,Australian Grand Prix,31,OCO,Force India,86.009,85.568,
1251,2017,1,Australian Grand Prix,9,ERI,Sauber,86.236,86.465,
1252,2017,1,Australian Grand Prix,36,GIO,Sauber,86.419,,
1253,2017,1,Australian Grand Prix,20,MAG,Haas F1 Team,86.847,,
1254,2017,1,Australian Grand Prix,2,VAN,McLaren,86.858,,
1255,2017,1,Australian Grand Prix,18,STR,Williams,87.143,,
1256,2017,1,Australian Grand Prix,30,PAL,Renault,88.244,,
1257,2017,2,Chinese Grand Prix,44,HAM,Mercedes,93.333,92.406,91.678
1258,2017,2,Chinese Grand Prix,5,VET,Ferrari,93.078,92.391,91.864
1259,2017,2,Chinese Grand Prix,77,BOT,Mercedes,93.684,92.552,91.865
1260,2017,2,Chinese Grand Prix,7,RAI,Ferrari,93.341,92.181,92.14
1261,2017,2,Chinese Grand Prix,3,RIC,Red Bull,94.041,93.546,93.033
1262,2017,2,Chinese Grand Prix,19,MAS,Williams,94.205,93.759,93.507
1263,2017,2,Chinese Grand Prix,27,HUL,Renault,94.453,93.636,93.58
1264,2017,2,Chinese Grand Prix,11,PER,Force India,94.657,93.92,93.706
1265,2017,2,Chinese Grand Prix,26,KVY,Toro Rosso,94.44,94.034,93.719
1266,2017,2,Chinese Grand Prix,18,STR,Williams,93.986,94.09,94.22
1267,2017,2,Chinese Grand Prix,55,SAI,Toro Rosso,94.567,94.15,
1268,2017,2,Chinese Grand Prix,20,MAG,Haas F1 Team,94.942,94.164,
1269,2017,2,Chinese Grand Prix,14,ALO,McLaren,94.499,94.372,
1270,2017,2,Chinese Grand Prix,9,ERI,Sauber,94.892,95.046,
1271,2017,2,Chinese Grand Prix,36,GIO,Sauber,94.963,,
1272,2017,2,Chinese Grand Prix,2,VAN,McLaren,95.023,,
1273,2017,2,Chinese Grand Prix,8,GRO,Haas F1 Team,95.223,,
1274,2017,2,Chinese Grand Prix,30,PAL,Renault,95.279,,
1275,2017,2,Chinese Grand Prix,33,VER,Red Bull,95.433,,
1276,2017,2,Chinese Grand Prix,31,OCO,Force India,95.496,,
1277,2017,3,Bahrain Grand Prix,77,BOT,Mercedes,91.041,89.555,88.769
1278,2017,3,Bahrain Grand Prix,44,HAM,Mercedes,90.814,89.535,88.792
1279,2017,3,Bahrain Grand Prix,5,VET,Ferrari,91.037,89.596,89.247
1280,2017,3,Bahrain Grand Prix,3,RIC,Red Bull,91.667,90.497,89.545
1281,2017,3,Bahrain Grand Prix,7,RAI,Ferrari,90.988,89.843,89.567
1282,2017,3,Bahrain Grand Prix,33,VER,Red Bull,90.904,90.307,89.687
1283,2017,3,Bahrain Grand Prix,27,HUL,Renault,91.057,90.169,89.842
1284,2017,3,Bahrain Grand Prix,19,MAS,Williams,91.373,90.677,90.074
1285,2017,3,Bahrain Grand Prix,8,GRO,Haas F1 Team,91.691,90.857,90.763
1286,2017,3,Bahrain Grand Prix,30,PAL,Renault,91.458,90.899,91.074
1287,2017,3,Bahrain Grand Prix,26,KVY,Toro Rosso,91.531,90.923,
1288,2017,3,Bahrain Grand Prix,18,STR,Williams,91.748,91.168,
1289,2017,3,Bahrain Grand Prix,94,WEH,Sauber,91.995,91.414,
1290,2017,3,Bahrain Grand Prix,31,OCO,Force India,91.774,91.684,
1291,2017,3,Bahrain Grand Prix,14,ALO,McLaren,92.054,,
1292,2017,3,Bahrain Grand Prix,55,SAI,Toro Rosso,92.118,,
1293,2017,3,Bahrain Grand Prix,2,VAN,McLaren,92.313,,
1294,2017,3,Bahrain Grand Prix,11,PER,Force India,92.318,,
1295,2017,3,Bahrain Grand Prix,9,ERI,Sauber,92.543,,
1296,2017,3,Bahrain Grand Prix,20,MAG,Haas F1 Team,92.9,,
1297,2017,4,Russian Grand Prix,5,VET,Ferrari,94.493,94.038,93.194
1298,2017,4,Russian Grand Prix,7,RAI,Ferrari,94.953,93.663,93.253
1299,2017,4,Russian Grand Prix,77,BOT,Mercedes,94.041,93.264,93.289
1300,2017,4,Russian Grand Prix,44,HAM,Mercedes,94.409,93.76,93.767
1301,2017,4,Russian Grand Prix,3,RIC,Red Bull,95.56,95.483,94.905
1302,2017,4,Russian Grand Prix,19,MAS,Williams,95.828,95.049,95.11
1303,2017,4,Russian Grand Prix,33,VER,Red Bull,95.301,95.221,95.161
1304,2017,4,Russian Grand Prix,27,HUL,Renault,95.507,95.328,95.285
1305,2017,4,Russian Grand Prix,11,PER,Force India,96.185,95.513,95.337
1306,2017,4,Russian Grand Prix,31,OCO,Force India,95.372,95.729,95.43
1307,2017,4,Russian Grand Prix,55,SAI,Toro Rosso,95.827,95.948,
1308,2017,4,Russian Grand Prix,18,STR,Williams,96.279,95.964,
1309,2017,4,Russian Grand Prix,26,KVY,Toro Rosso,95.984,95.968,
1310,2017,4,Russian Grand Prix,20,MAG,Haas F1 Team,96.408,96.017,
1311,2017,4,Russian Grand Prix,14,ALO,McLaren,96.353,96.66,
1312,2017,4,Russian Grand Prix,30,PAL,Renault,96.462,,
1313,2017,4,Russian Grand Prix,2,VAN,McLaren,97.07,,
1314,2017,4,Russian Grand Prix,94,WEH,Sauber,97.332,,
1315,2017,4,Russian Grand Prix,9,ERI,Sauber,97.507,,
1316,2017,4,Russian Grand Prix,8,GRO,Haas F1 Team,97.62,,
1317,2017,5,Spanish Grand Prix,44,HAM,Mercedes,80.511,80.21,79.149
1318,2017,5,Spanish Grand Prix,5,VET,Ferrari,80.939,80.295,79.2
1319,2017,5,Spanish Grand Prix,77,BOT,Mercedes,80.991,80.3,79.373
1320,2017,5,Spanish Grand Prix,7,RAI,Ferrari,80.742,80.621,79.439
1321,2017,5,Spanish Grand Prix,33,VER,Red Bull,81.43,80.722,79.706
1322,2017,5,Spanish Grand Prix,3,RIC,Red Bull,81.704,80.855,80.175
1323,2017,5,Spanish Grand Prix,14,ALO,McLaren,82.015,81.251,81.048
1324,2017,5,Spanish Grand Prix,11,PER,Force India,81.998,81.239,81.07
1325,2017,5,Spanish Grand Prix,19,MAS,Williams,82.138,81.222,81.232
1326,2017,5,Spanish Grand Prix,31,OCO,Force India,81.901,81.148,81.272
1327,2017,5,Spanish Grand Prix,20,MAG,Haas F1 Team,81.945,81.329,
1328,2017,5,Spanish Grand Prix,55,SAI,Toro Rosso,81.941,81.371,
1329,2017,5,Spanish Grand Prix,27,HUL,Renault,82.091,81.397,
1330,2017,5,Spanish Grand Prix,8,GRO,Haas F1 Team,81.822,81.517,
1331,2017,5,Spanish Grand Prix,94,WEH,Sauber,82.327,81.803,
1332,2017,5,Spanish Grand Prix,9,ERI,Sauber,82.332,,
1333,2017,5,Spanish Grand Prix,30,PAL,Renault,82.401,,
1334,2017,5,Spanish Grand Prix,18,STR,Williams,82.411,,
1335,2017,5,Spanish Grand Prix,2,VAN,McLaren,82.532,,
1336,2017,5,Spanish Grand Prix,26,KVY,Toro Rosso,82.746,,
1337,2017,6,Monaco Grand Prix,7,RAI,Ferrari,73.117,72.231,72.178
1338,2017,6,Monaco Grand Prix,5,VET,Ferrari,73.09,72.449,72.221
1339,2017,6,Monaco Grand Prix,77,BOT,Mercedes,73.325,72.901,72.223
1340,2017,6,Monaco Grand Prix,33,VER,Red Bull,73.078,72.697,72.496
1341,2017,6,Monaco Grand Prix,3,RIC,Red Bull,73.219,73.011,72.998
1342,2017,6,Monaco Grand Prix,55,SAI,Toro Rosso,73.526,73.397,73.162
1343,2017,6,Monaco Grand Prix,11,PER,Force India,73.53,73.43,73.329
1344,2017,6,Monaco Grand Prix,8,GRO,Haas F1 Team,73.786,73.203,73.349
1345,2017,6,Monaco Grand Prix,22,BUT,McLaren,73.723,73.453,73.613
1346,2017,6,Monaco Grand Prix,2,VAN,McLaren,73.476,73.249,
1347,2017,6,Monaco Grand Prix,26,KVY,Toro Rosso,73.899,73.516,
1348,2017,6,Monaco Grand Prix,27,HUL,Renault,73.787,73.628,
1349,2017,6,Monaco Grand Prix,20,MAG,Haas F1 Team,73.531,73.959,
1350,2017,6,Monaco Grand Prix,44,HAM,Mercedes,73.64,74.106,
1351,2017,6,Monaco Grand Prix,19,MAS,Williams,73.796,80.529,
1352,2017,6,Monaco Grand Prix,31,OCO,Force India,74.101,,
1353,2017,6,Monaco Grand Prix,30,PAL,Renault,74.696,,
1354,2017,6,Monaco Grand Prix,18,STR,Williams,74.893,,
1355,2017,6,Monaco Grand Prix,94,WEH,Sauber,75.159,,
1356,2017,6,Monaco Grand Prix,9,ERI,Sauber,75.276,,
1357,2017,7,Canadian Grand Prix,44,HAM,Mercedes,72.692,72.496,71.459
1358,2017,7,Canadian Grand Prix,5,VET,Ferrari,73.046,72.749,71.789
1359,2017,7,Canadian Grand Prix,77,BOT,Mercedes,72.685,72.563,72.177
1360,2017,7,Canadian Grand Prix,7,RAI,Ferrari,73.548,72.58,72.252
1361,2017,7,Canadian Grand Prix,33,VER,Red Bull,73.177,72.751,72.403
1362,2017,7,Canadian Grand Prix,3,RIC,Red Bull,73.543,72.81,72.557
1363,2017,7,Canadian Grand Prix,19,MAS,Williams,73.435,73.012,72.858
1364,2017,7,Canadian Grand Prix,11,PER,Force India,73.47,73.262,73.018
1365,2017,7,Canadian Grand Prix,31,OCO,Force India,73.52,73.32,73.135
1366,2017,7,Canadian Grand Prix,27,HUL,Renault,73.804,73.406,73.271
1367,2017,7,Canadian Grand Prix,26,KVY,Toro Rosso,73.802,73.69,
1368,2017,7,Canadian Grand Prix,14,ALO,McLaren,73.669,73.693,
1369,2017,7,Canadian Grand Prix,55,SAI,Toro Rosso,74.051,73.756,
1370,2017,7,Canadian Grand Prix,8,GRO,Haas F1 Team,73.78,73.839,
1371,2017,7,Canadian Grand Prix,30,PAL,Renault,73.99,74.293,
1372,2017,7,Canadian Grand Prix,2,VAN,McLaren,74.182,,
1373,2017,7,Canadian Grand Prix,18,STR,Williams,74.209,,
1374,2017,7,Canadian Grand Prix,20,MAG,Haas F1 Team,74.318,,
1375,2017,7,Canadian Grand Prix,9,ERI,Sauber,74.495,,
1376,2017,7,Canadian Grand Prix,94,WEH,Sauber,74.81,,
1377,2017,8,Azerbaijan Grand Prix,44,HAM,Mercedes,101.983,101.275,100.593
1378,2017,8,Azerbaijan Grand Prix,77,BOT,Mercedes,103.026,101.502,101.027
1379,2017,8,Azerbaijan Grand Prix,7,RAI,Ferrari,102.678,102.09,101.693
1380,2017,8,Azerbaijan Grand Prix,5,VET,Ferrari,102.952,101.911,101.841
1381,2017,8,Azerbaijan Grand Prix,33,VER,Red Bull,102.544,101.961,101.879
1382,2017,8,Azerbaijan Grand Prix,11,PER,Force India,103.162,102.467,102.111
1383,2017,8,Azerbaijan Grand Prix,31,OCO,Force India,103.051,102.751,102.186
1384,2017,8,Azerbaijan Grand Prix,18,STR,Williams,103.613,102.284,102.753
1385,2017,8,Azerbaijan Grand Prix,19,MAS,Williams,103.165,102.735,102.798
1386,2017,8,Azerbaijan Grand Prix,3,RIC,Red Bull,102.857,102.215,103.414
1387,2017,8,Azerbaijan Grand Prix,26,KVY,Toro Rosso,102.927,103.186,
1388,2017,8,Azerbaijan Grand Prix,55,SAI,Toro Rosso,103.489,103.347,
1389,2017,8,Azerbaijan Grand Prix,20,MAG,Haas F1 Team,104.029,103.796,
1390,2017,8,Azerbaijan Grand Prix,27,HUL,Renault,103.93,104.267,
1391,2017,8,Azerbaijan Grand Prix,94,WEH,Sauber,104.317,104.603,
1392,2017,8,Azerbaijan Grand Prix,14,ALO,McLaren,104.334,,
1393,2017,8,Azerbaijan Grand Prix,8,GRO,Haas F1 Team,104.468,,
1394,2017,8,Azerbaijan Grand Prix,9,ERI,Sauber,104.795,,
1395,2017,8,Azerbaijan Grand Prix,2,VAN,McLaren,105.03,,
1396,2017,9,Austrian Grand Prix,77,BOT,Mercedes,65.76,64.316,64.251
1397,2017,9,Austrian Grand Prix,5,VET,Ferrari,65.585,64.772,64.293
1398,2017,9,Austrian Grand Prix,44,HAM,Mercedes,65.064,64.8,64.424
1399,2017,9,Austrian Grand Prix,7,RAI,Ferrari,65.148,65.004,64.779
1400,2017,9,Austrian Grand Prix,3,RIC,Red Bull,65.854,65.161,64.896
1401,2017,9,Austrian Grand Prix,33,VER,Red Bull,65.779,64.948,64.983
1402,2017,9,Austrian Grand Prix,8,GRO,Haas F1 Team,65.902,65.319,65.48
1403,2017,9,Austrian Grand Prix,11,PER,Force India,65.975,65.435,65.605
1404,2017,9,Austrian Grand Prix,31,OCO,Force India,66.033,65.55,65.674
1405,2017,9,Austrian Grand Prix,55,SAI,Toro Rosso,65.675,65.544,65.726
1406,2017,9,Austrian Grand Prix,27,HUL,Renault,66.174,65.597,
1407,2017,9,Austrian Grand Prix,14,ALO,McLaren,66.158,65.602,
1408,2017,9,Austrian Grand Prix,2,VAN,McLaren,66.316,65.741,
1409,2017,9,Austrian Grand Prix,26,KVY,Toro Rosso,65.99,65.884,
1410,2017,9,Austrian Grand Prix,20,MAG,Haas F1 Team,66.143,,
1411,2017,9,Austrian Grand Prix,30,PAL,Renault,66.345,,
1412,2017,9,Austrian Grand Prix,19,MAS,Williams,66.534,,
1413,2017,9,Austrian Grand Prix,18,STR,Williams,66.608,,
1414,2017,9,Austrian Grand Prix,9,ERI,Sauber,66.857,,
1415,2017,9,Austrian Grand Prix,94,WEH,Sauber,67.011,,
1416,2017,10,British Grand Prix,44,HAM,Mercedes,99.069,87.893,86.6
1417,2017,10,British Grand Prix,7,RAI,Ferrari,100.455,88.992,87.147
1418,2017,10,British Grand Prix,5,VET,Ferrari,99.962,88.978,87.356
1419,2017,10,British Grand Prix,77,BOT,Mercedes,99.698,88.732,87.376
1420,2017,10,British Grand Prix,33,VER,Red Bull,98.912,89.431,88.13
1421,2017,10,British Grand Prix,27,HUL,Renault,99.201,89.34,88.856
1422,2017,10,British Grand Prix,11,PER,Force India,102.009,89.824,88.902
1423,2017,10,British Grand Prix,31,OCO,Force India,99.738,89.701,89.074
1424,2017,10,British Grand Prix,2,VAN,McLaren,100.011,90.105,89.418
1425,2017,10,British Grand Prix,8,GRO,Haas F1 Team,102.042,89.966,89.549
1426,2017,10,British Grand Prix,30,PAL,Renault,101.404,90.193,
1427,2017,10,British Grand Prix,26,KVY,Toro Rosso,101.726,90.355,
1428,2017,10,British Grand Prix,14,ALO,McLaren,97.598,90.6,
1429,2017,10,British Grand Prix,55,SAI,Toro Rosso,101.114,91.368,
1430,2017,10,British Grand Prix,19,MAS,Williams,101.874,91.482,
1431,2017,10,British Grand Prix,18,STR,Williams,102.573,,
1432,2017,10,British Grand Prix,20,MAG,Haas F1 Team,102.577,,
1433,2017,10,British Grand Prix,94,WEH,Sauber,102.593,,
1434,2017,10,British Grand Prix,9,ERI,Sauber,102.633,,
1435,2017,10,British Grand Prix,3,RIC,Red Bull,102.966,,
1436,2017,11,Hungarian Grand Prix,5,VET,Ferrari,77.244,76.802,76.276
1437,2017,11,Hungarian Grand Prix,7,RAI,Ferrari,77.364,77.207,76.444
1438,2017,11,Hungarian Grand Prix,77,BOT,Mercedes,78.058,77.362,76.53
1439,2017,11,Hungarian Grand Prix,44,HAM,Mercedes,77.492,76.693,76.707
1440,2017,11,Hungarian Grand Prix,33,VER,Red Bull,77.266,77.028,76.797
1441,2017,11,Hungarian Grand Prix,3,RIC,Red Bull,77.702,77.698,76.818
1442,2017,11,Hungarian Grand Prix,27,HUL,Renault,78.137,77.655,77.468
1443,2017,11,Hungarian Grand Prix,14,ALO,McLaren,78.395,77.919,77.549
1444,2017,11,Hungarian Grand Prix,2,VAN,McLaren,78.479,78.0,77.894
1445,2017,11,Hungarian Grand Prix,55,SAI,Toro Rosso,78.948,78.311,78.912
1446,2017,11,Hungarian Grand Prix,30,PAL,Renault,78.699,78.415,
1447,2017,11,Hungarian Grand Prix,31,OCO,Force India,78.843,78.495,
1448,2017,11,Hungarian Grand Prix,26,KVY,Toro Rosso,78.702,78.538,
1449,2017,11,Hungarian Grand Prix,11,PER,Force India,79.095,78.639,
1450,2017,11,Hungarian Grand Prix,8,GRO,Haas F1 Team,79.085,78.771,
1451,2017,11,Hungarian Grand Prix,20,MAG,Haas F1 Team,79.095,,
1452,2017,11,Hungarian Grand Prix,18,STR,Williams,79.102,,
1453,2017,11,Hungarian Grand Prix,94,WEH,Sauber,79.839,,
1454,2017,11,Hungarian Grand Prix,40,DIR,Williams,79.868,,
1455,2017,11,Hungarian Grand Prix,9,ERI,Sauber,79.972,,
1456,2017,12,Belgian Grand Prix,44,HAM,Mercedes,104.184,102.927,102.553
1457,2017,12,Belgian Grand Prix,5,VET,Ferrari,104.275,103.987,102.795
1458,2017,12,Belgian Grand Prix,77,BOT,Mercedes,104.773,103.249,103.094
1459,2017,12,Belgian Grand Prix,7,RAI,Ferrari,104.729,103.7,103.27
1460,2017,12,Belgian Grand Prix,33,VER,Red Bull,104.535,103.94,103.38
1461,2017,12,Belgian Grand Prix,3,RIC,Red Bull,105.114,104.224,103.863
1462,2017,12,Belgian Grand Prix,27,HUL,Renault,105.28,104.988,104.982
1463,2017,12,Belgian Grand Prix,11,PER,Force India,105.591,104.894,105.244
1464,2017,12,Belgian Grand Prix,31,OCO,Force India,105.277,105.006,105.369
1465,2017,12,Belgian Grand Prix,30,PAL,Renault,105.447,104.685,
1466,2017,12,Belgian Grand Prix,14,ALO,McLaren,105.668,105.09,
1467,2017,12,Belgian Grand Prix,8,GRO,Haas F1 Team,105.728,105.133,
1468,2017,12,Belgian Grand Prix,20,MAG,Haas F1 Team,105.535,105.4,
1469,2017,12,Belgian Grand Prix,55,SAI,Toro Rosso,105.374,105.439,
1470,2017,12,Belgian Grand Prix,2,VAN,McLaren,105.441,,
1471,2017,12,Belgian Grand Prix,19,MAS,Williams,105.823,,
1472,2017,12,Belgian Grand Prix,26,KVY,Toro Rosso,106.028,,
1473,2017,12,Belgian Grand Prix,18,STR,Williams,106.915,,
1474,2017,12,Belgian Grand Prix,9,ERI,Sauber,107.214,,
1475,2017,12,Belgian Grand Prix,94,WEH,Sauber,107.679,,
1476,2017,13,Italian Grand Prix,44,HAM,Mercedes,96.009,94.66,95.554
1477,2017,13,Italian Grand Prix,33,VER,Red Bull,97.344,96.113,96.702
1478,2017,13,Italian Grand Prix,3,RIC,Red Bull,98.304,97.313,96.841
1479,2017,13,Italian Grand Prix,18,STR,Williams,97.653,97.002,97.032
1480,2017,13,Italian Grand Prix,31,OCO,Force India,98.775,97.58,97.719
1481,2017,13,Italian Grand Prix,77,BOT,Mercedes,95.716,95.396,97.833
1482,2017,13,Italian Grand Prix,7,RAI,Ferrari,98.235,97.031,97.987
1483,2017,13,Italian Grand Prix,5,VET,Ferrari,97.198,96.223,98.064
1484,2017,13,Italian Grand Prix,19,MAS,Williams,98.338,97.456,98.251
1485,2017,13,Italian Grand Prix,2,VAN,McLaren,98.767,97.471,99.157
1486,2017,13,Italian Grand Prix,11,PER,Force India,98.511,97.582,
1487,2017,13,Italian Grand Prix,27,HUL,Renault,99.242,98.059,
1488,2017,13,Italian Grand Prix,14,ALO,McLaren,99.134,98.202,
1489,2017,13,Italian Grand Prix,26,KVY,Toro Rosso,99.183,98.245,
1490,2017,13,Italian Grand Prix,55,SAI,Toro Rosso,99.788,98.526,
1491,2017,13,Italian Grand Prix,20,MAG,Haas F1 Team,100.489,,
1492,2017,13,Italian Grand Prix,30,PAL,Renault,100.646,,
1493,2017,13,Italian Grand Prix,9,ERI,Sauber,101.732,,
1494,2017,13,Italian Grand Prix,94,WEH,Sauber,101.875,,
1495,2017,13,Italian Grand Prix,8,GRO,Haas F1 Team,103.355,,
1496,2017,14,Singapore Grand Prix,5,VET,Ferrari,103.336,100.529,99.491
1497,2017,14,Singapore Grand Prix,33,VER,Red Bull,102.01,100.332,99.814
1498,2017,14,Singapore Grand Prix,3,RIC,Red Bull,102.063,100.385,99.84
1499,2017,14,Singapore Grand Prix,7,RAI,Ferrari,103.328,100.525,100.069
1500,2017,14,Singapore Grand Prix,44,HAM,Mercedes,102.455,100.577,100.126
1501,2017,14,Singapore Grand Prix,77,BOT,Mercedes,103.137,101.409,100.81
1502,2017,14,Singapore Grand Prix,27,HUL,Renault,102.586,101.277,101.013
1503,2017,14,Singapore Grand Prix,14,ALO,McLaren,102.086,101.442,101.179
1504,2017,14,Singapore Grand Prix,2,VAN,McLaren,102.222,101.227,101.398
1505,2017,14,Singapore Grand Prix,55,SAI,Toro Rosso,102.176,101.826,102.056
1506,2017,14,Singapore Grand Prix,30,PAL,Renault,102.472,102.107,
1507,2017,14,Singapore Grand Prix,11,PER,Force India,103.594,102.246,
1508,2017,14,Singapore Grand Prix,26,KVY,Toro Rosso,102.544,102.338,
1509,2017,14,Singapore Grand Prix,31,OCO,Force India,103.626,102.76,
1510,2017,14,Singapore Grand Prix,8,GRO,Haas F1 Team,103.627,103.883,
1511,2017,14,Singapore Grand Prix,20,MAG,Haas F1 Team,103.756,,
1512,2017,14,Singapore Grand Prix,19,MAS,Williams,104.014,,
1513,2017,14,Singapore Grand Prix,18,STR,Williams,104.728,,
1514,2017,14,Singapore Grand Prix,94,WEH,Sauber,105.059,,
1515,2017,14,Singapore Grand Prix,9,ERI,Sauber,105.57,,
1516,2017,15,Malaysian Grand Prix,44,HAM,Mercedes,91.605,90.977,90.076
1517,2017,15,Malaysian Grand Prix,7,RAI,Ferrari,92.259,90.926,90.121
1518,2017,15,Malaysian Grand Prix,33,VER,Red Bull,91.92,90.931,90.541
1519,2017,15,Malaysian Grand Prix,3,RIC,Red Bull,92.416,91.061,90.595
1520,2017,15,Malaysian Grand Prix,77,BOT,Mercedes,92.254,90.803,90.758
1521,2017,15,Malaysian Grand Prix,31,OCO,Force India,92.527,91.651,91.478
1522,2017,15,Malaysian Grand Prix,2,VAN,McLaren,92.838,91.848,91.582
1523,2017,15,Malaysian Grand Prix,27,HUL,Renault,92.586,91.778,91.607
1524,2017,15,Malaysian Grand Prix,11,PER,Force India,92.768,91.484,91.658
1525,2017,15,Malaysian Grand Prix,14,ALO,McLaren,93.049,92.01,91.704
1526,2017,15,Malaysian Grand Prix,19,MAS,Williams,92.267,92.034,
1527,2017,15,Malaysian Grand Prix,30,PAL,Renault,92.576,92.1,
1528,2017,15,Malaysian Grand Prix,18,STR,Williams,93.0,92.307,
1529,2017,15,Malaysian Grand Prix,55,SAI,Toro Rosso,92.65,92.402,
1530,2017,15,Malaysian Grand Prix,10,GAS,Toro Rosso,92.547,92.558,
1531,2017,15,Malaysian Grand Prix,8,GRO,Haas F1 Team,93.308,,
1532,2017,15,Malaysian Grand Prix,20,MAG,Haas F1 Team,93.434,,
1533,2017,15,Malaysian Grand Prix,94,WEH,Sauber,93.483,,
1534,2017,15,Malaysian Grand Prix,9,ERI,Sauber,93.97,,
1535,2017,15,Malaysian Grand Prix,5,VET,Ferrari,,,
1536,2017,16,Japanese Grand Prix,44,HAM,Mercedes,89.047,87.819,87.319
1537,2017,16,Japanese Grand Prix,77,BOT,Mercedes,89.332,88.543,87.651
1538,2017,16,Japanese Grand Prix,5,VET,Ferrari,89.352,88.225,87.791
1539,2017,16,Japanese Grand Prix,3,RIC,Red Bull,89.475,88.935,88.306
1540,2017,16,Japanese Grand Prix,33,VER,Red Bull,89.181,88.747,88.332
1541,2017,16,Japanese Grand Prix,7,RAI,Ferrari,89.163,89.079,88.498
1542,2017,16,Japanese Grand Prix,31,OCO,Force India,90.115,89.199,89.111
1543,2017,16,Japanese Grand Prix,11,PER,Force India,89.696,89.343,89.26
1544,2017,16,Japanese Grand Prix,19,MAS,Williams,90.352,89.687,89.48
1545,2017,16,Japanese Grand Prix,14,ALO,McLaren,90.525,89.749,90.687
1546,2017,16,Japanese Grand Prix,2,VAN,McLaren,90.654,89.778,
1547,2017,16,Japanese Grand Prix,27,HUL,Renault,90.252,89.879,
1548,2017,16,Japanese Grand Prix,20,MAG,Haas F1 Team,90.774,89.972,
1549,2017,16,Japanese Grand Prix,30,PAL,Renault,90.516,90.022,
1550,2017,16,Japanese Grand Prix,55,SAI,Toro Rosso,90.565,90.413,
1551,2017,16,Japanese Grand Prix,8,GRO,Haas F1 Team,90.849,,
1552,2017,16,Japanese Grand Prix,10,GAS,Toro Rosso,91.317,,
1553,2017,16,Japanese Grand Prix,18,STR,Williams,91.409,,
1554,2017,16,Japanese Grand Prix,9,ERI,Sauber,91.597,,
1555,2017,16,Japanese Grand Prix,94,WEH,Sauber,91.885,,
1556,2017,17,United States Grand Prix,44,HAM,Mercedes,94.822,93.437,93.108
1557,2017,17,United States Grand Prix,5,VET,Ferrari,95.42,94.103,93.347
1558,2017,17,United States Grand Prix,77,BOT,Mercedes,95.309,93.769,93.568
1559,2017,17,United States Grand Prix,3,RIC,Red Bull,95.991,94.495,93.577
1560,2017,17,United States Grand Prix,7,RAI,Ferrari,95.649,93.84,93.577
1561,2017,17,United States Grand Prix,33,VER,Red Bull,94.899,94.716,93.658
1562,2017,17,United States Grand Prix,31,OCO,Force India,95.849,95.113,94.647
1563,2017,17,United States Grand Prix,55,SAI,Renault,95.517,94.899,94.852
1564,2017,17,United States Grand Prix,14,ALO,McLaren,95.712,95.046,95.007
1565,2017,17,United States Grand Prix,11,PER,Force India,96.358,94.789,95.148
1566,2017,17,United States Grand Prix,19,MAS,Williams,95.603,95.155,
1567,2017,17,United States Grand Prix,26,KVY,Toro Rosso,96.073,95.529,
1568,2017,17,United States Grand Prix,2,VAN,McLaren,96.286,95.641,
1569,2017,17,United States Grand Prix,8,GRO,Haas F1 Team,96.835,95.87,
1570,2017,17,United States Grand Prix,27,HUL,Renault,95.74,,
1571,2017,17,United States Grand Prix,9,ERI,Sauber,96.842,,
1572,2017,17,United States Grand Prix,18,STR,Williams,96.868,,
1573,2017,17,United States Grand Prix,39,HAR,Toro Rosso,96.889,,
1574,2017,17,United States Grand Prix,94,WEH,Sauber,97.179,,
1575,2017,17,United States Grand Prix,20,MAG,Haas F1 Team,97.394,,
1576,2017,18,Mexican Grand Prix,5,VET,Ferrari,77.665,76.87,76.488
1577,2017,18,Mexican Grand Prix,33,VER,Red Bull,77.63,76.524,76.574
1578,2017,18,Mexican Grand Prix,44,HAM,Mercedes,77.518,77.035,76.934
1579,2017,18,Mexican Grand Prix,77,BOT,Mercedes,77.578,77.161,76.958
1580,2017,18,Mexican Grand Prix,7,RAI,Ferrari,78.148,77.534,77.238
1581,2017,18,Mexican Grand Prix,31,OCO,Force India,78.336,77.827,77.437
1582,2017,18,Mexican Grand Prix,3,RIC,Red Bull,78.208,77.631,77.447
1583,2017,18,Mexican Grand Prix,27,HUL,Renault,78.322,77.792,77.466
1584,2017,18,Mexican Grand Prix,55,SAI,Renault,78.405,77.753,77.794
1585,2017,18,Mexican Grand Prix,11,PER,Force India,78.02,77.868,77.807
1586,2017,18,Mexican Grand Prix,19,MAS,Williams,78.57,78.099,
1587,2017,18,Mexican Grand Prix,18,STR,Williams,78.902,79.159,
1588,2017,18,Mexican Grand Prix,28,HAR,Toro Rosso,78.683,,
1589,2017,18,Mexican Grand Prix,14,ALO,McLaren,77.71,,
1590,2017,18,Mexican Grand Prix,2,VAN,McLaren,78.578,,
1591,2017,18,Mexican Grand Prix,9,ERI,Sauber,79.176,,
1592,2017,18,Mexican Grand Prix,94,WEH,Sauber,79.333,,
1593,2017,18,Mexican Grand Prix,20,MAG,Haas F1 Team,79.443,,
1594,2017,18,Mexican Grand Prix,8,GRO,Haas F1 Team,79.473,,
1595,2017,19,Brazilian Grand Prix,77,BOT,Mercedes,69.452,68.638,68.322
1596,2017,19,Brazilian Grand Prix,5,VET,Ferrari,69.643,68.494,68.36
1597,2017,19,Brazilian Grand Prix,7,RAI,Ferrari,69.405,69.116,68.538
1598,2017,19,Brazilian Grand Prix,33,VER,Red Bull,69.82,69.05,68.925
1599,2017,19,Brazilian Grand Prix,3,RIC,Red Bull,69.828,69.533,69.33
1600,2017,19,Brazilian Grand Prix,11,PER,Force India,70.145,69.76,69.598
1601,2017,19,Brazilian Grand Prix,14,ALO,McLaren,70.172,69.593,69.617
1602,2017,19,Brazilian Grand Prix,27,HUL,Renault,70.078,69.726,69.703
1603,2017,19,Brazilian Grand Prix,55,SAI,Renault,70.227,69.768,69.805
1604,2017,19,Brazilian Grand Prix,19,MAS,Williams,69.789,69.612,69.841
1605,2017,19,Brazilian Grand Prix,31,OCO,Force India,70.168,69.83,
1606,2017,19,Brazilian Grand Prix,8,GRO,Haas F1 Team,70.148,69.879,
1607,2017,19,Brazilian Grand Prix,2,VAN,McLaren,70.286,70.116,
1608,2017,19,Brazilian Grand Prix,20,MAG,Haas F1 Team,70.521,70.154,
1609,2017,19,Brazilian Grand Prix,28,HAR,Toro Rosso,70.625,,
1610,2017,19,Brazilian Grand Prix,94,WEH,Sauber,70.678,,
1611,2017,19,Brazilian Grand Prix,10,GAS,Toro Rosso,70.686,,
1612,2017,19,Brazilian Grand Prix,18,STR,Williams,70.776,,
1613,2017,19,Brazilian Grand Prix,9,ERI,Sauber,70.875,,
1614,2017,19,Brazilian Grand Prix,44,HAM,Mercedes,,,
1615,2017,20,Abu Dhabi Grand Prix,77,BOT,Mercedes,97.356,96.822,96.231
1616,2017,20,Abu Dhabi Grand Prix,44,HAM,Mercedes,97.391,96.742,96.403
1617,2017,20,Abu Dhabi Grand Prix,5,VET,Ferrari,97.817,97.023,96.777
1618,2017,20,Abu Dhabi Grand Prix,3,RIC,Red Bull,98.016,97.583,96.959
1619,2017,20,Abu Dhabi Grand Prix,7,RAI,Ferrari,97.453,97.302,96.985
1620,2017,20,Abu Dhabi Grand Prix,33,VER,Red Bull,98.021,97.777,97.328
1621,2017,20,Abu Dhabi Grand Prix,27,HUL,Renault,98.781,98.138,98.282
1622,2017,20,Abu Dhabi Grand Prix,11,PER,Force India,98.601,98.359,98.374
1623,2017,20,Abu Dhabi Grand Prix,31,OCO,Force India,98.896,98.392,98.397
1624,2017,20,Abu Dhabi Grand Prix,19,MAS,Williams,98.629,98.565,98.55
1625,2017,20,Abu Dhabi Grand Prix,14,ALO,McLaren,98.82,98.636,
1626,2017,20,Abu Dhabi Grand Prix,55,SAI,Renault,98.81,98.725,
1627,2017,20,Abu Dhabi Grand Prix,2,VAN,McLaren,98.777,98.808,
1628,2017,20,Abu Dhabi Grand Prix,20,MAG,Haas F1 Team,99.395,99.298,
1629,2017,20,Abu Dhabi Grand Prix,18,STR,Williams,99.503,99.646,
1630,2017,20,Abu Dhabi Grand Prix,8,GRO,Haas F1 Team,99.516,,
1631,2017,20,Abu Dhabi Grand Prix,10,GAS,Toro Rosso,99.724,,
1632,2017,20,Abu Dhabi Grand Prix,94,WEH,Sauber,99.93,,
1633,2017,20,Abu Dhabi Grand Prix,9,ERI,Sauber,99.994,,
1634,2017,20,Abu Dhabi Grand Prix,28,HAR,Toro Rosso,100.471,,
1635,2018,1,Australian Grand Prix,44,HAM,Mercedes,82.824,82.051,81.164
1636,2018,1,Australian Grand Prix,7,RAI,Ferrari,83.096,82.507,81.828
1637,2018,1,Australian Grand Prix,5,VET,Ferrari,83.348,81.944,81.838
1638,2018,1,Australian Grand Prix,33,VER,Red Bull Racing,83.483,82.416,81.879
1639,2018,1,Australian Grand Prix,3,RIC,Red Bull Racing,83.494,82.897,82.152
1640,2018,1,Australian Grand Prix,20,MAG,Haas F1 Team,83.909,83.3,83.187
1641,2018,1,Australian Grand Prix,8,GRO,Haas F1 Team,83.671,83.468,83.339
1642,2018,1,Australian Grand Prix,27,HUL,Renault,83.782,83.544,83.532
1643,2018,1,Australian Grand Prix,55,SAI,Renault,83.529,83.061,83.577
1644,2018,1,Australian Grand Prix,77,BOT,Mercedes,83.686,82.089,
1645,2018,1,Australian Grand Prix,14,ALO,McLaren,83.597,83.692,
1646,2018,1,Australian Grand Prix,2,VAN,McLaren,84.073,83.853,
1647,2018,1,Australian Grand Prix,11,PER,Force India,84.344,84.005,
1648,2018,1,Australian Grand Prix,18,STR,Williams,84.464,84.23,
1649,2018,1,Australian Grand Prix,31,OCO,Force India,84.503,84.786,
1650,2018,1,Australian Grand Prix,28,HAR,Toro Rosso,84.532,,
1651,2018,1,Australian Grand Prix,9,ERI,Sauber,84.556,,
1652,2018,1,Australian Grand Prix,16,LEC,Sauber,84.636,,
1653,2018,1,Australian Grand Prix,35,SIR,Williams,84.922,,
1654,2018,1,Australian Grand Prix,10,GAS,Toro Rosso,85.295,,
1655,2018,2,Bahrain Grand Prix,5,VET,Ferrari,89.06,88.341,87.958
1656,2018,2,Bahrain Grand Prix,7,RAI,Ferrari,88.951,88.515,88.101
1657,2018,2,Bahrain Grand Prix,77,BOT,Mercedes,89.275,88.794,88.124
1658,2018,2,Bahrain Grand Prix,44,HAM,Mercedes,89.396,88.458,88.22
1659,2018,2,Bahrain Grand Prix,3,RIC,Red Bull Racing,89.552,88.962,88.398
1660,2018,2,Bahrain Grand Prix,10,GAS,Toro Rosso,90.121,89.836,89.329
1661,2018,2,Bahrain Grand Prix,20,MAG,Haas F1 Team,89.594,89.623,89.358
1662,2018,2,Bahrain Grand Prix,27,HUL,Renault,90.26,89.187,89.57
1663,2018,2,Bahrain Grand Prix,31,OCO,Force India,90.338,90.009,89.874
1664,2018,2,Bahrain Grand Prix,55,SAI,Renault,89.893,89.802,89.986
1665,2018,2,Bahrain Grand Prix,28,HAR,Toro Rosso,90.412,90.105,
1666,2018,2,Bahrain Grand Prix,11,PER,Force India,90.218,90.156,
1667,2018,2,Bahrain Grand Prix,14,ALO,McLaren,90.53,90.212,
1668,2018,2,Bahrain Grand Prix,2,VAN,McLaren,90.479,90.525,
1669,2018,2,Bahrain Grand Prix,33,VER,Red Bull Racing,89.374,,
1670,2018,2,Bahrain Grand Prix,8,GRO,Haas F1 Team,90.53,,
1671,2018,2,Bahrain Grand Prix,9,ERI,Sauber,91.063,,
1672,2018,2,Bahrain Grand Prix,35,SIR,Williams,91.414,,
1673,2018,2,Bahrain Grand Prix,16,LEC,Sauber,91.42,,
1674,2018,2,Bahrain Grand Prix,18,STR,Williams,91.503,,
1675,2018,3,Chinese Grand Prix,5,VET,Ferrari,92.171,92.385,91.095
1676,2018,3,Chinese Grand Prix,7,RAI,Ferrari,92.474,92.286,91.182
1677,2018,3,Chinese Grand Prix,77,BOT,Mercedes,92.921,92.063,91.625
1678,2018,3,Chinese Grand Prix,44,HAM,Mercedes,93.283,91.914,91.675
1679,2018,3,Chinese Grand Prix,33,VER,Red Bull Racing,92.932,92.809,91.796
1680,2018,3,Chinese Grand Prix,3,RIC,Red Bull Racing,93.877,92.688,91.948
1681,2018,3,Chinese Grand Prix,27,HUL,Renault,93.545,92.494,92.532
1682,2018,3,Chinese Grand Prix,11,PER,Force India,93.464,92.931,92.758
1683,2018,3,Chinese Grand Prix,55,SAI,Renault,93.315,92.97,92.819
1684,2018,3,Chinese Grand Prix,8,GRO,Haas F1 Team,93.238,92.524,92.855
1685,2018,3,Chinese Grand Prix,20,MAG,Haas F1 Team,93.359,92.986,
1686,2018,3,Chinese Grand Prix,31,OCO,Force India,93.585,93.057,
1687,2018,3,Chinese Grand Prix,14,ALO,McLaren,93.428,93.232,
1688,2018,3,Chinese Grand Prix,2,VAN,McLaren,93.824,93.505,
1689,2018,3,Chinese Grand Prix,28,HAR,Toro Rosso,94.013,93.795,
1690,2018,3,Chinese Grand Prix,35,SIR,Williams,94.062,,
1691,2018,3,Chinese Grand Prix,10,GAS,Toro Rosso,94.101,,
1692,2018,3,Chinese Grand Prix,18,STR,Williams,94.285,,
1693,2018,3,Chinese Grand Prix,16,LEC,Sauber,94.454,,
1694,2018,3,Chinese Grand Prix,9,ERI,Sauber,94.914,,
1695,2018,4,Azerbaijan Grand Prix,5,VET,Ferrari,102.762,103.015,101.498
1696,2018,4,Azerbaijan Grand Prix,44,HAM,Mercedes,102.693,102.676,101.677
1697,2018,4,Azerbaijan Grand Prix,77,BOT,Mercedes,103.355,102.679,101.837
1698,2018,4,Azerbaijan Grand Prix,3,RIC,Red Bull Racing,102.857,103.482,101.911
1699,2018,4,Azerbaijan Grand Prix,33,VER,Red Bull Racing,102.642,102.901,101.994
1700,2018,4,Azerbaijan Grand Prix,7,RAI,Ferrari,102.538,102.51,102.49
1701,2018,4,Azerbaijan Grand Prix,31,OCO,Force India,103.021,102.967,102.523
1702,2018,4,Azerbaijan Grand Prix,11,PER,Force India,103.992,103.366,102.547
1703,2018,4,Azerbaijan Grand Prix,27,HUL,Renault,103.746,103.232,103.066
1704,2018,4,Azerbaijan Grand Prix,55,SAI,Renault,103.426,103.464,103.351
1705,2018,4,Azerbaijan Grand Prix,18,STR,Williams,104.359,103.585,
1706,2018,4,Azerbaijan Grand Prix,35,SIR,Williams,104.261,103.886,
1707,2018,4,Azerbaijan Grand Prix,14,ALO,McLaren,104.01,104.019,
1708,2018,4,Azerbaijan Grand Prix,16,LEC,Sauber,103.752,104.074,
1709,2018,4,Azerbaijan Grand Prix,20,MAG,Haas F1 Team,103.674,104.759,
1710,2018,4,Azerbaijan Grand Prix,2,VAN,McLaren,104.489,,
1711,2018,4,Azerbaijan Grand Prix,10,GAS,Toro Rosso,104.496,,
1712,2018,4,Azerbaijan Grand Prix,9,ERI,Sauber,105.541,,
1713,2018,4,Azerbaijan Grand Prix,28,HAR,Toro Rosso,117.354,,
1714,2018,4,Azerbaijan Grand Prix,8,GRO,Haas F1 Team,,,
1715,2018,5,Spanish Grand Prix,44,HAM,Mercedes,77.633,77.166,76.173
1716,2018,5,Spanish Grand Prix,77,BOT,Mercedes,77.674,77.111,76.213
1717,2018,5,Spanish Grand Prix,5,VET,Ferrari,77.031,76.802,76.305
1718,2018,5,Spanish Grand Prix,7,RAI,Ferrari,77.483,77.071,76.612
1719,2018,5,Spanish Grand Prix,33,VER,Red Bull Racing,77.411,77.266,76.816
1720,2018,5,Spanish Grand Prix,3,RIC,Red Bull Racing,77.623,77.638,76.818
1721,2018,5,Spanish Grand Prix,20,MAG,Haas F1 Team,78.169,77.618,77.676
1722,2018,5,Spanish Grand Prix,14,ALO,McLaren,78.276,78.1,77.721
1723,2018,5,Spanish Grand Prix,55,SAI,Renault,78.48,77.803,77.79
1724,2018,5,Spanish Grand Prix,8,GRO,Haas F1 Team,78.305,77.699,77.835
1725,2018,5,Spanish Grand Prix,2,VAN,McLaren,78.885,78.323,
1726,2018,5,Spanish Grand Prix,10,GAS,Toro Rosso,78.55,78.463,
1727,2018,5,Spanish Grand Prix,31,OCO,Force India,78.813,78.696,
1728,2018,5,Spanish Grand Prix,16,LEC,Sauber,78.661,78.91,
1729,2018,5,Spanish Grand Prix,11,PER,Force India,78.74,79.098,
1730,2018,5,Spanish Grand Prix,27,HUL,Renault,78.923,,
1731,2018,5,Spanish Grand Prix,9,ERI,Sauber,79.493,,
1732,2018,5,Spanish Grand Prix,35,SIR,Williams,79.695,,
1733,2018,5,Spanish Grand Prix,18,STR,Williams,80.225,,
1734,2018,5,Spanish Grand Prix,28,HAR,Toro Rosso,,,
1735,2018,6,Monaco Grand Prix,3,RIC,Red Bull Racing,72.013,71.278,70.81
1736,2018,6,Monaco Grand Prix,5,VET,Ferrari,72.415,71.518,71.039
1737,2018,6,Monaco Grand Prix,44,HAM,Mercedes,72.46,71.584,71.232
1738,2018,6,Monaco Grand Prix,7,RAI,Ferrari,72.639,71.391,71.266
1739,2018,6,Monaco Grand Prix,77,BOT,Mercedes,72.434,72.002,71.441
1740,2018,6,Monaco Grand Prix,31,OCO,Force India,73.028,72.188,72.061
1741,2018,6,Monaco Grand Prix,14,ALO,McLaren,72.657,72.269,72.11
1742,2018,6,Monaco Grand Prix,55,SAI,Renault,72.95,72.286,72.13
1743,2018,6,Monaco Grand Prix,11,PER,Force India,72.848,72.194,72.154
1744,2018,6,Monaco Grand Prix,10,GAS,Toro Rosso,72.941,72.313,72.221
1745,2018,6,Monaco Grand Prix,27,HUL,Renault,73.065,72.411,
1746,2018,6,Monaco Grand Prix,2,VAN,McLaren,72.463,72.44,
1747,2018,6,Monaco Grand Prix,35,SIR,Williams,72.706,72.521,
1748,2018,6,Monaco Grand Prix,16,LEC,Sauber,72.829,72.714,
1749,2018,6,Monaco Grand Prix,8,GRO,Haas F1 Team,72.93,72.728,
1750,2018,6,Monaco Grand Prix,28,HAR,Toro Rosso,73.179,,
1751,2018,6,Monaco Grand Prix,9,ERI,Sauber,73.265,,
1752,2018,6,Monaco Grand Prix,18,STR,Williams,73.323,,
1753,2018,6,Monaco Grand Prix,20,MAG,Haas F1 Team,73.393,,
1754,2018,6,Monaco Grand Prix,33,VER,Red Bull Racing,,,
1755,2018,7,Canadian Grand Prix,5,VET,Ferrari,71.71,71.524,70.764
1756,2018,7,Canadian Grand Prix,77,BOT,Mercedes,71.95,71.514,70.857
1757,2018,7,Canadian Grand Prix,33,VER,Red Bull Racing,72.008,71.472,70.937
1758,2018,7,Canadian Grand Prix,44,HAM,Mercedes,71.835,71.74,70.996
1759,2018,7,Canadian Grand Prix,7,RAI,Ferrari,71.725,71.62,71.095
1760,2018,7,Canadian Grand Prix,3,RIC,Red Bull Racing,72.459,71.434,71.116
1761,2018,7,Canadian Grand Prix,27,HUL,Renault,72.795,71.916,71.973
1762,2018,7,Canadian Grand Prix,31,OCO,Force India,72.577,72.141,72.084
1763,2018,7,Canadian Grand Prix,55,SAI,Renault,72.689,72.097,72.168
1764,2018,7,Canadian Grand Prix,11,PER,Force India,72.702,72.395,72.671
1765,2018,7,Canadian Grand Prix,20,MAG,Haas F1 Team,72.68,72.606,
1766,2018,7,Canadian Grand Prix,28,HAR,Toro Rosso,72.587,72.635,
1767,2018,7,Canadian Grand Prix,16,LEC,Sauber,72.945,72.661,
1768,2018,7,Canadian Grand Prix,14,ALO,McLaren,72.979,72.856,
1769,2018,7,Canadian Grand Prix,2,VAN,McLaren,72.998,72.865,
1770,2018,7,Canadian Grand Prix,10,GAS,Toro Rosso,73.047,,
1771,2018,7,Canadian Grand Prix,18,STR,Williams,73.59,,
1772,2018,7,Canadian Grand Prix,35,SIR,Williams,73.643,,
1773,2018,7,Canadian Grand Prix,9,ERI,Sauber,74.593,,
1774,2018,7,Canadian Grand Prix,8,GRO,Haas F1 Team,,,
1775,2018,8,French Grand Prix,44,HAM,Mercedes,91.271,90.645,90.029
1776,2018,8,French Grand Prix,77,BOT,Mercedes,91.776,91.227,90.147
1777,2018,8,French Grand Prix,5,VET,Ferrari,91.82,90.751,90.4
1778,2018,8,French Grand Prix,33,VER,Red Bull Racing,91.531,90.818,90.705
1779,2018,8,French Grand Prix,3,RIC,Red Bull Racing,91.91,91.538,90.895
1780,2018,8,French Grand Prix,7,RAI,Ferrari,91.567,90.772,91.057
1781,2018,8,French Grand Prix,55,SAI,Renault,92.394,92.016,92.126
1782,2018,8,French Grand Prix,16,LEC,Sauber,92.538,92.055,92.635
1783,2018,8,French Grand Prix,20,MAG,Haas F1 Team,92.169,91.51,92.93
1784,2018,8,French Grand Prix,8,GRO,Haas F1 Team,92.083,91.472,
1785,2018,8,French Grand Prix,31,OCO,Force India,92.786,92.075,
1786,2018,8,French Grand Prix,27,HUL,Renault,92.949,92.115,
1787,2018,8,French Grand Prix,11,PER,Force India,92.692,92.454,
1788,2018,8,French Grand Prix,10,GAS,Toro Rosso,92.447,92.46,
1789,2018,8,French Grand Prix,9,ERI,Sauber,92.804,92.82,
1790,2018,8,French Grand Prix,14,ALO,McLaren,92.976,,
1791,2018,8,French Grand Prix,28,HAR,Toro Rosso,93.025,,
1792,2018,8,French Grand Prix,2,VAN,McLaren,93.162,,
1793,2018,8,French Grand Prix,35,SIR,Williams,93.636,,
1794,2018,8,French Grand Prix,18,STR,Williams,93.729,,
1795,2018,9,Austrian Grand Prix,77,BOT,Mercedes,64.175,63.756,63.13
1796,2018,9,Austrian Grand Prix,44,HAM,Mercedes,64.08,63.577,63.149
1797,2018,9,Austrian Grand Prix,5,VET,Ferrari,64.347,63.544,63.464
1798,2018,9,Austrian Grand Prix,7,RAI,Ferrari,64.234,63.975,63.66
1799,2018,9,Austrian Grand Prix,33,VER,Red Bull Racing,64.273,64.001,63.84
1800,2018,9,Austrian Grand Prix,8,GRO,Haas F1 Team,64.242,64.059,63.892
1801,2018,9,Austrian Grand Prix,3,RIC,Red Bull Racing,64.723,64.403,63.996
1802,2018,9,Austrian Grand Prix,20,MAG,Haas F1 Team,64.46,64.291,64.051
1803,2018,9,Austrian Grand Prix,55,SAI,Renault,64.948,64.561,64.725
1804,2018,9,Austrian Grand Prix,27,HUL,Renault,64.864,64.676,65.019
1805,2018,9,Austrian Grand Prix,31,OCO,Force India,65.148,64.845,
1806,2018,9,Austrian Grand Prix,10,GAS,Toro Rosso,65.011,64.874,
1807,2018,9,Austrian Grand Prix,16,LEC,Sauber,64.967,64.979,
1808,2018,9,Austrian Grand Prix,14,ALO,McLaren,64.965,65.058,
1809,2018,9,Austrian Grand Prix,18,STR,Williams,65.264,65.286,
1810,2018,9,Austrian Grand Prix,2,VAN,McLaren,65.271,,
1811,2018,9,Austrian Grand Prix,11,PER,Force India,65.279,,
1812,2018,9,Austrian Grand Prix,35,SIR,Williams,65.322,,
1813,2018,9,Austrian Grand Prix,28,HAR,Toro Rosso,65.366,,
1814,2018,9,Austrian Grand Prix,9,ERI,Sauber,65.479,,
1815,2018,10,British Grand Prix,44,HAM,Mercedes,86.818,86.256,85.892
1816,2018,10,British Grand Prix,5,VET,Ferrari,86.585,86.372,85.936
1817,2018,10,British Grand Prix,7,RAI,Ferrari,87.549,86.483,85.99
1818,2018,10,British Grand Prix,77,BOT,Mercedes,87.025,86.413,86.217
1819,2018,10,British Grand Prix,33,VER,Red Bull Racing,87.309,87.013,86.602
1820,2018,10,British Grand Prix,3,RIC,Red Bull Racing,87.979,87.369,87.099
1821,2018,10,British Grand Prix,20,MAG,Haas F1 Team,88.143,87.73,87.244
1822,2018,10,British Grand Prix,8,GRO,Haas F1 Team,88.086,87.522,87.455
1823,2018,10,British Grand Prix,16,LEC,Sauber,87.962,87.79,87.879
1824,2018,10,British Grand Prix,31,OCO,Force India,88.279,87.843,88.194
1825,2018,10,British Grand Prix,27,HUL,Renault,88.017,87.901,
1826,2018,10,British Grand Prix,11,PER,Force India,88.21,87.928,
1827,2018,10,British Grand Prix,14,ALO,McLaren,88.187,88.139,
1828,2018,10,British Grand Prix,10,GAS,Toro Rosso,88.399,88.343,
1829,2018,10,British Grand Prix,9,ERI,Sauber,88.249,88.391,
1830,2018,10,British Grand Prix,55,SAI,Renault,88.456,,
1831,2018,10,British Grand Prix,2,VAN,McLaren,89.096,,
1832,2018,10,British Grand Prix,35,SIR,Williams,89.252,,
1833,2018,10,British Grand Prix,18,STR,Williams,,,
1834,2018,10,British Grand Prix,28,HAR,Toro Rosso,,,
1835,2018,11,German Grand Prix,5,VET,Ferrari,72.538,72.505,71.212
1836,2018,11,German Grand Prix,77,BOT,Mercedes,72.962,72.152,71.416
1837,2018,11,German Grand Prix,7,RAI,Ferrari,72.505,72.336,71.547
1838,2018,11,German Grand Prix,33,VER,Red Bull Racing,73.127,72.188,71.822
1839,2018,11,German Grand Prix,20,MAG,Haas F1 Team,73.105,72.523,72.2
1840,2018,11,German Grand Prix,8,GRO,Haas F1 Team,72.986,72.722,72.544
1841,2018,11,German Grand Prix,27,HUL,Renault,73.479,72.946,72.56
1842,2018,11,German Grand Prix,55,SAI,Renault,73.324,73.032,72.692
1843,2018,11,German Grand Prix,16,LEC,Sauber,73.077,72.995,72.717
1844,2018,11,German Grand Prix,11,PER,Force India,73.427,73.072,72.774
1845,2018,11,German Grand Prix,14,ALO,McLaren,73.614,73.657,
1846,2018,11,German Grand Prix,35,SIR,Williams,73.708,73.702,
1847,2018,11,German Grand Prix,9,ERI,Sauber,73.562,73.736,
1848,2018,11,German Grand Prix,44,HAM,Mercedes,73.012,,
1849,2018,11,German Grand Prix,3,RIC,Red Bull Racing,73.318,,
1850,2018,11,German Grand Prix,31,OCO,Force India,73.72,,
1851,2018,11,German Grand Prix,10,GAS,Toro Rosso,73.749,,
1852,2018,11,German Grand Prix,28,HAR,Toro Rosso,74.045,,
1853,2018,11,German Grand Prix,18,STR,Williams,74.206,,
1854,2018,11,German Grand Prix,2,VAN,McLaren,74.401,,
1855,2018,12,Hungarian Grand Prix,44,HAM,Mercedes,77.419,91.242,95.658
1856,2018,12,Hungarian Grand Prix,77,BOT,Mercedes,77.123,92.081,95.918
1857,2018,12,Hungarian Grand Prix,7,RAI,Ferrari,77.526,92.762,96.186
1858,2018,12,Hungarian Grand Prix,5,VET,Ferrari,76.666,88.636,96.21
1859,2018,12,Hungarian Grand Prix,55,SAI,Renault,77.829,90.771,96.743
1860,2018,12,Hungarian Grand Prix,10,GAS,Toro Rosso,78.577,91.286,97.591
1861,2018,12,Hungarian Grand Prix,33,VER,Red Bull Racing,76.94,91.178,98.032
1862,2018,12,Hungarian Grand Prix,28,HAR,Toro Rosso,78.429,92.59,98.128
1863,2018,12,Hungarian Grand Prix,20,MAG,Haas F1 Team,78.314,92.968,99.858
1864,2018,12,Hungarian Grand Prix,8,GRO,Haas F1 Team,77.901,93.65,100.593
1865,2018,12,Hungarian Grand Prix,14,ALO,McLaren,78.208,95.214,
1866,2018,12,Hungarian Grand Prix,3,RIC,Red Bull Racing,78.54,96.442,
1867,2018,12,Hungarian Grand Prix,27,HUL,Renault,77.905,96.506,
1868,2018,12,Hungarian Grand Prix,9,ERI,Sauber,78.641,97.075,
1869,2018,12,Hungarian Grand Prix,18,STR,Williams,78.56,,
1870,2018,12,Hungarian Grand Prix,2,VAN,McLaren,78.782,,
1871,2018,12,Hungarian Grand Prix,16,LEC,Sauber,78.817,,
1872,2018,12,Hungarian Grand Prix,31,OCO,Force India,79.142,,
1873,2018,12,Hungarian Grand Prix,11,PER,Force India,79.2,,
1874,2018,12,Hungarian Grand Prix,35,SIR,Williams,79.301,,
1875,2018,13,Belgian Grand Prix,44,HAM,Mercedes,102.977,101.553,118.179
1876,2018,13,Belgian Grand Prix,5,VET,Ferrari,103.035,101.501,118.905
1877,2018,13,Belgian Grand Prix,31,OCO,Racing Point,104.003,103.302,121.851
1878,2018,13,Belgian Grand Prix,11,PER,Racing Point,104.004,103.014,121.894
1879,2018,13,Belgian Grand Prix,8,GRO,Haas F1 Team,103.597,103.042,122.122
1880,2018,13,Belgian Grand Prix,7,RAI,Ferrari,102.585,101.533,122.671
1881,2018,13,Belgian Grand Prix,33,VER,Red Bull Racing,103.199,102.554,122.769
1882,2018,13,Belgian Grand Prix,3,RIC,Red Bull Racing,103.604,103.126,122.939
1883,2018,13,Belgian Grand Prix,20,MAG,Haas F1 Team,103.834,103.32,124.933
1884,2018,13,Belgian Grand Prix,77,BOT,Mercedes,102.805,102.191,
1885,2018,13,Belgian Grand Prix,10,GAS,Toro Rosso,104.221,103.844,
1886,2018,13,Belgian Grand Prix,28,HAR,Toro Rosso,104.153,103.865,
1887,2018,13,Belgian Grand Prix,16,LEC,Sauber,103.654,104.062,
1888,2018,13,Belgian Grand Prix,9,ERI,Sauber,103.846,104.301,
1889,2018,13,Belgian Grand Prix,27,HUL,Renault,104.145,,
1890,2018,13,Belgian Grand Prix,55,SAI,Renault,104.489,,
1891,2018,13,Belgian Grand Prix,14,ALO,McLaren,104.917,,
1892,2018,13,Belgian Grand Prix,35,SIR,Williams,104.998,,
1893,2018,13,Belgian Grand Prix,18,STR,Williams,105.134,,
1894,2018,13,Belgian Grand Prix,2,VAN,McLaren,105.307,,
1895,2018,14,Italian Grand Prix,7,RAI,Ferrari,80.722,79.846,79.119
1896,2018,14,Italian Grand Prix,5,VET,Ferrari,80.542,79.629,79.28
1897,2018,14,Italian Grand Prix,44,HAM,Mercedes,80.81,79.798,79.294
1898,2018,14,Italian Grand Prix,77,BOT,Mercedes,81.381,80.427,79.656
1899,2018,14,Italian Grand Prix,33,VER,Red Bull Racing,81.381,80.333,80.615
1900,2018,14,Italian Grand Prix,8,GRO,Haas F1 Team,81.887,81.239,80.936
1901,2018,14,Italian Grand Prix,55,SAI,Renault,81.732,81.552,81.041
1902,2018,14,Italian Grand Prix,31,OCO,Racing Point,81.57,81.315,81.099
1903,2018,14,Italian Grand Prix,10,GAS,Toro Rosso,81.834,81.667,81.35
1904,2018,14,Italian Grand Prix,18,STR,Williams,81.838,81.494,81.627
1905,2018,14,Italian Grand Prix,20,MAG,Haas F1 Team,81.783,81.669,
1906,2018,14,Italian Grand Prix,35,SIR,Williams,81.813,81.732,
1907,2018,14,Italian Grand Prix,14,ALO,McLaren,81.85,82.568,
1908,2018,14,Italian Grand Prix,27,HUL,Renault,81.801,,
1909,2018,14,Italian Grand Prix,3,RIC,Red Bull Racing,81.28,,
1910,2018,14,Italian Grand Prix,11,PER,Racing Point,81.888,,
1911,2018,14,Italian Grand Prix,16,LEC,Sauber,81.889,,
1912,2018,14,Italian Grand Prix,28,HAR,Toro Rosso,81.934,,
1913,2018,14,Italian Grand Prix,9,ERI,Sauber,82.048,,
1914,2018,14,Italian Grand Prix,2,VAN,McLaren,82.085,,
1915,2018,15,Singapore Grand Prix,44,HAM,Mercedes,99.403,97.344,96.015
1916,2018,15,Singapore Grand Prix,33,VER,Red Bull Racing,98.751,97.214,96.334
1917,2018,15,Singapore Grand Prix,5,VET,Ferrari,98.218,97.876,96.628
1918,2018,15,Singapore Grand Prix,77,BOT,Mercedes,99.291,97.254,96.702
1919,2018,15,Singapore Grand Prix,7,RAI,Ferrari,98.534,97.194,96.794
1920,2018,15,Singapore Grand Prix,3,RIC,Red Bull Racing,98.153,97.406,96.996
1921,2018,15,Singapore Grand Prix,11,PER,Racing Point,98.814,98.342,97.985
1922,2018,15,Singapore Grand Prix,8,GRO,Haas F1 Team,98.685,98.367,98.32
1923,2018,15,Singapore Grand Prix,31,OCO,Racing Point,98.912,98.534,98.365
1924,2018,15,Singapore Grand Prix,27,HUL,Renault,98.932,98.45,98.588
1925,2018,15,Singapore Grand Prix,14,ALO,McLaren,99.022,98.641,
1926,2018,15,Singapore Grand Prix,55,SAI,Renault,99.103,98.716,
1927,2018,15,Singapore Grand Prix,16,LEC,Sauber,99.206,98.747,
1928,2018,15,Singapore Grand Prix,9,ERI,Sauber,99.366,99.453,
1929,2018,15,Singapore Grand Prix,10,GAS,Toro Rosso,99.614,99.691,
1930,2018,15,Singapore Grand Prix,20,MAG,Haas F1 Team,99.644,,
1931,2018,15,Singapore Grand Prix,28,HAR,Toro Rosso,99.809,,
1932,2018,15,Singapore Grand Prix,2,VAN,McLaren,99.864,,
1933,2018,15,Singapore Grand Prix,35,SIR,Williams,101.263,,
1934,2018,15,Singapore Grand Prix,18,STR,Williams,101.334,,
1935,2018,16,Russian Grand Prix,77,BOT,Mercedes,92.964,92.744,91.387
1936,2018,16,Russian Grand Prix,44,HAM,Mercedes,92.41,92.595,91.532
1937,2018,16,Russian Grand Prix,5,VET,Ferrari,93.476,93.045,91.943
1938,2018,16,Russian Grand Prix,7,RAI,Ferrari,93.341,93.065,92.237
1939,2018,16,Russian Grand Prix,20,MAG,Haas F1 Team,94.078,93.747,93.181
1940,2018,16,Russian Grand Prix,31,OCO,Racing Point,94.29,93.596,93.413
1941,2018,16,Russian Grand Prix,16,LEC,Sauber,93.924,93.488,93.419
1942,2018,16,Russian Grand Prix,11,PER,Racing Point,94.084,93.923,93.563
1943,2018,16,Russian Grand Prix,8,GRO,Haas F1 Team,94.022,93.517,93.704
1944,2018,16,Russian Grand Prix,9,ERI,Sauber,94.17,93.995,95.196
1945,2018,16,Russian Grand Prix,33,VER,Red Bull Racing,93.048,,
1946,2018,16,Russian Grand Prix,3,RIC,Red Bull Racing,93.247,,
1947,2018,16,Russian Grand Prix,10,GAS,Toro Rosso,94.383,,
1948,2018,16,Russian Grand Prix,55,SAI,Renault,94.626,,
1949,2018,16,Russian Grand Prix,27,HUL,Renault,94.655,,
1950,2018,16,Russian Grand Prix,28,HAR,Toro Rosso,95.037,,
1951,2018,16,Russian Grand Prix,14,ALO,McLaren,95.504,,
1952,2018,16,Russian Grand Prix,35,SIR,Williams,95.612,,
1953,2018,16,Russian Grand Prix,2,VAN,McLaren,95.977,,
1954,2018,16,Russian Grand Prix,18,STR,Williams,96.437,,
1955,2018,17,Japanese Grand Prix,44,HAM,Mercedes,88.702,88.017,87.76
1956,2018,17,Japanese Grand Prix,77,BOT,Mercedes,89.297,87.987,88.059
1957,2018,17,Japanese Grand Prix,33,VER,Red Bull Racing,89.48,88.849,89.057
1958,2018,17,Japanese Grand Prix,7,RAI,Ferrari,89.631,88.595,89.521
1959,2018,17,Japanese Grand Prix,8,GRO,Haas F1 Team,89.724,89.678,89.761
1960,2018,17,Japanese Grand Prix,28,HAR,Toro Rosso,90.248,89.848,90.023
1961,2018,17,Japanese Grand Prix,10,GAS,Toro Rosso,90.137,89.81,90.093
1962,2018,17,Japanese Grand Prix,31,OCO,Racing Point,89.899,89.538,90.126
1963,2018,17,Japanese Grand Prix,5,VET,Ferrari,89.049,88.279,92.192
1964,2018,17,Japanese Grand Prix,11,PER,Racing Point,90.247,89.567,97.229
1965,2018,17,Japanese Grand Prix,16,LEC,Sauber,89.706,89.864,
1966,2018,17,Japanese Grand Prix,20,MAG,Haas F1 Team,90.219,90.226,
1967,2018,17,Japanese Grand Prix,55,SAI,Renault,90.236,90.49,
1968,2018,17,Japanese Grand Prix,18,STR,Williams,90.317,90.714,
1969,2018,17,Japanese Grand Prix,3,RIC,Red Bull Racing,89.806,,
1970,2018,17,Japanese Grand Prix,27,HUL,Renault,90.361,,
1971,2018,17,Japanese Grand Prix,35,SIR,Williams,90.372,,
1972,2018,17,Japanese Grand Prix,14,ALO,McLaren,90.573,,
1973,2018,17,Japanese Grand Prix,2,VAN,McLaren,91.041,,
1974,2018,17,Japanese Grand Prix,9,ERI,Sauber,91.213,,
1975,2018,18,United States Grand Prix,44,HAM,Mercedes,94.13,93.48,92.237
1976,2018,18,United States Grand Prix,5,VET,Ferrari,94.569,93.079,92.298
1977,2018,18,United States Grand Prix,7,RAI,Ferrari,94.703,92.884,92.307
1978,2018,18,United States Grand Prix,77,BOT,Mercedes,94.518,93.702,92.616
1979,2018,18,United States Grand Prix,3,RIC,Red Bull Racing,94.755,94.185,93.494
1980,2018,18,United States Grand Prix,31,OCO,Racing Point,94.876,94.522,94.145
1981,2018,18,United States Grand Prix,27,HUL,Renault,94.932,94.564,94.215
1982,2018,18,United States Grand Prix,8,GRO,Haas F1 Team,94.892,94.419,94.25
1983,2018,18,United States Grand Prix,16,LEC,Sauber,95.069,94.255,94.42
1984,2018,18,United States Grand Prix,11,PER,Racing Point,95.193,94.525,94.594
1985,2018,18,United States Grand Prix,55,SAI,Renault,94.891,94.566,
1986,2018,18,United States Grand Prix,20,MAG,Haas F1 Team,94.972,94.732,
1987,2018,18,United States Grand Prix,10,GAS,Toro Rosso,94.85,,
1988,2018,18,United States Grand Prix,28,HAR,Toro Rosso,95.206,,
1989,2018,18,United States Grand Prix,33,VER,Red Bull Racing,94.766,,
1990,2018,18,United States Grand Prix,14,ALO,McLaren,95.294,,
1991,2018,18,United States Grand Prix,35,SIR,Williams,95.362,,
1992,2018,18,United States Grand Prix,18,STR,Williams,95.48,,
1993,2018,18,United States Grand Prix,9,ERI,Sauber,95.536,,
1994,2018,18,United States Grand Prix,2,VAN,McLaren,95.735,,
1995,2018,19,Mexican Grand Prix,3,RIC,Red Bull Racing,75.866,75.845,74.759
1996,2018,19,Mexican Grand Prix,33,VER,Red Bull Racing,75.756,75.64,74.785
1997,2018,19,Mexican Grand Prix,44,HAM,Mercedes,75.673,75.644,74.894
1998,2018,19,Mexican Grand Prix,5,VET,Ferrari,76.089,75.715,74.97
1999,2018,19,Mexican Grand Prix,77,BOT,Mercedes,75.58,75.923,75.16
2000,2018,19,Mexican Grand Prix,7,RAI,Ferrari,76.446,75.996,75.33
2001,2018,19,Mexican Grand Prix,27,HUL,Renault,76.498,76.126,75.827
2002,2018,19,Mexican Grand Prix,55,SAI,Renault,76.813,76.188,76.084
2003,2018,19,Mexican Grand Prix,16,LEC,Sauber,76.862,76.32,76.189
2004,2018,19,Mexican Grand Prix,9,ERI,Sauber,76.701,76.633,76.513
2005,2018,19,Mexican Grand Prix,31,OCO,Racing Point,76.252,76.844,
2006,2018,19,Mexican Grand Prix,14,ALO,McLaren,76.857,76.871,
2007,2018,19,Mexican Grand Prix,11,PER,Racing Point,76.242,77.167,
2008,2018,19,Mexican Grand Prix,28,HAR,Toro Rosso,76.682,77.184,
2009,2018,19,Mexican Grand Prix,10,GAS,Toro Rosso,76.828,,
2010,2018,19,Mexican Grand Prix,8,GRO,Haas F1 Team,76.911,,
2011,2018,19,Mexican Grand Prix,2,VAN,McLaren,76.966,,
2012,2018,19,Mexican Grand Prix,20,MAG,Haas F1 Team,77.599,,
2013,2018,19,Mexican Grand Prix,18,STR,Williams,77.689,,
2014,2018,19,Mexican Grand Prix,35,SIR,Williams,77.886,,
2015,2018,20,Brazilian Grand Prix,44,HAM,Mercedes,68.464,67.795,67.281
2016,2018,20,Brazilian Grand Prix,5,VET,Ferrari,68.452,67.776,67.374
2017,2018,20,Brazilian Grand Prix,77,BOT,Mercedes,68.492,67.727,67.441
2018,2018,20,Brazilian Grand Prix,7,RAI,Ferrari,68.452,68.028,67.456
2019,2018,20,Brazilian Grand Prix,33,VER,Red Bull Racing,68.205,68.017,67.778
2020,2018,20,Brazilian Grand Prix,3,RIC,Red Bull Racing,68.544,68.055,67.78
2021,2018,20,Brazilian Grand Prix,9,ERI,Sauber,68.754,68.579,68.296
2022,2018,20,Brazilian Grand Prix,16,LEC,Sauber,68.667,68.335,68.492
2023,2018,20,Brazilian Grand Prix,8,GRO,Haas F1 Team,68.735,68.239,68.517
2024,2018,20,Brazilian Grand Prix,10,GAS,Toro Rosso,69.046,68.616,69.029
2025,2018,20,Brazilian Grand Prix,20,MAG,Haas F1 Team,68.474,68.659,
2026,2018,20,Brazilian Grand Prix,11,PER,Racing Point,69.217,68.741,
2027,2018,20,Brazilian Grand Prix,31,OCO,Racing Point,69.264,68.77,
2028,2018,20,Brazilian Grand Prix,27,HUL,Renault,69.009,68.834,
2029,2018,20,Brazilian Grand Prix,35,SIR,Williams,69.259,70.381,
2030,2018,20,Brazilian Grand Prix,55,SAI,Renault,69.269,,
2031,2018,20,Brazilian Grand Prix,28,HAR,Toro Rosso,69.28,,
2032,2018,20,Brazilian Grand Prix,14,ALO,McLaren,69.402,,
2033,2018,20,Brazilian Grand Prix,18,STR,Williams,69.441,,
2034,2018,20,Brazilian Grand Prix,2,VAN,McLaren,69.601,,
2035,2018,21,Abu Dhabi Grand Prix,44,HAM,Mercedes,96.828,95.693,94.794
2036,2018,21,Abu Dhabi Grand Prix,77,BOT,Mercedes,96.789,96.392,94.956
2037,2018,21,Abu Dhabi Grand Prix,5,VET,Ferrari,96.775,96.345,95.125
2038,2018,21,Abu Dhabi Grand Prix,7,RAI,Ferrari,97.01,96.735,95.365
2039,2018,21,Abu Dhabi Grand Prix,3,RIC,Red Bull Racing,97.117,96.964,95.401
2040,2018,21,Abu Dhabi Grand Prix,33,VER,Red Bull Racing,97.195,96.144,95.589
2041,2018,21,Abu Dhabi Grand Prix,8,GRO,Haas F1 Team,97.575,96.732,96.192
2042,2018,21,Abu Dhabi Grand Prix,16,LEC,Sauber,97.124,96.58,96.237
2043,2018,21,Abu Dhabi Grand Prix,31,OCO,Racing Point,96.936,96.814,96.54
2044,2018,21,Abu Dhabi Grand Prix,27,HUL,Renault,97.569,96.63,96.542
2045,2018,21,Abu Dhabi Grand Prix,55,SAI,Renault,97.757,96.982,
2046,2018,21,Abu Dhabi Grand Prix,9,ERI,Sauber,97.619,97.132,
2047,2018,21,Abu Dhabi Grand Prix,20,MAG,Haas F1 Team,97.934,97.309,
2048,2018,21,Abu Dhabi Grand Prix,11,PER,Racing Point,97.255,97.541,
2049,2018,21,Abu Dhabi Grand Prix,14,ALO,McLaren,97.89,97.743,
2050,2018,21,Abu Dhabi Grand Prix,28,HAR,Toro Rosso,97.994,,
2051,2018,21,Abu Dhabi Grand Prix,10,GAS,Toro Rosso,98.166,,
2052,2018,21,Abu Dhabi Grand Prix,2,VAN,McLaren,98.577,,
2053,2018,21,Abu Dhabi Grand Prix,35,SIR,Williams,98.635,,
2054,2018,21,Abu Dhabi Grand Prix,18,STR,Williams,98.682,,
2055,2019,1,Australian Grand Prix,44,HAM,Mercedes,82.043,81.014,80.486
2056,2019,1,Australian Grand Prix,77,BOT,Mercedes,82.367,81.193,80.598
2057,2019,1,Australian Grand Prix,5,VET,Ferrari,82.885,81.912,81.19
2058,2019,1,Australian Grand Prix,33,VER,Red Bull Racing,82.876,81.678,81.32
2059,2019,1,Australian Grand Prix,16,LEC,Ferrari,82.017,81.739,81.442
2060,2019,1,Australian Grand Prix,8,GRO,Haas F1 Team,82.959,81.87,81.826
2061,2019,1,Australian Grand Prix,20,MAG,Haas F1 Team,82.519,82.221,82.099
2062,2019,1,Australian Grand Prix,4,NOR,McLaren,82.702,82.423,82.304
2063,2019,1,Australian Grand Prix,7,RAI,Alfa Romeo Racing,82.966,82.349,82.314
2064,2019,1,Australian Grand Prix,11,PER,Racing Point,82.908,82.532,82.781
2065,2019,1,Australian Grand Prix,27,HUL,Renault,82.54,82.562,
2066,2019,1,Australian Grand Prix,3,RIC,Renault,82.921,82.57,
2067,2019,1,Australian Grand Prix,23,ALB,Toro Rosso,82.757,82.636,
2068,2019,1,Australian Grand Prix,99,GIO,Alfa Romeo Racing,82.431,82.714,
2069,2019,1,Australian Grand Prix,26,KVY,Toro Rosso,82.511,82.774,
2070,2019,1,Australian Grand Prix,18,STR,Racing Point,83.017,,
2071,2019,1,Australian Grand Prix,10,GAS,Red Bull Racing,83.02,,
2072,2019,1,Australian Grand Prix,55,SAI,McLaren,83.084,,
2073,2019,1,Australian Grand Prix,63,RUS,Williams,84.36,,
2074,2019,1,Australian Grand Prix,88,KUB,Williams,86.067,,
2075,2019,2,Bahrain Grand Prix,16,LEC,Ferrari,88.495,88.046,87.866
2076,2019,2,Bahrain Grand Prix,5,VET,Ferrari,88.733,88.356,88.16
2077,2019,2,Bahrain Grand Prix,44,HAM,Mercedes,89.262,88.578,88.19
2078,2019,2,Bahrain Grand Prix,77,BOT,Mercedes,89.498,88.83,88.256
2079,2019,2,Bahrain Grand Prix,33,VER,Red Bull Racing,89.579,89.109,88.752
2080,2019,2,Bahrain Grand Prix,20,MAG,Haas F1 Team,89.532,89.017,88.757
2081,2019,2,Bahrain Grand Prix,55,SAI,McLaren,89.528,89.055,88.813
2082,2019,2,Bahrain Grand Prix,8,GRO,Haas F1 Team,89.688,89.249,89.015
2083,2019,2,Bahrain Grand Prix,7,RAI,Alfa Romeo Racing,89.959,89.471,89.022
2084,2019,2,Bahrain Grand Prix,4,NOR,McLaren,89.381,89.258,89.043
2085,2019,2,Bahrain Grand Prix,3,RIC,Renault,89.859,89.488,
2086,2019,2,Bahrain Grand Prix,23,ALB,Toro Rosso,89.514,89.513,
2087,2019,2,Bahrain Grand Prix,10,GAS,Red Bull Racing,89.9,89.526,
2088,2019,2,Bahrain Grand Prix,11,PER,Racing Point,89.893,89.756,
2089,2019,2,Bahrain Grand Prix,26,KVY,Toro Rosso,89.876,89.854,
2090,2019,2,Bahrain Grand Prix,99,GIO,Alfa Romeo Racing,90.026,,
2091,2019,2,Bahrain Grand Prix,27,HUL,Renault,90.034,,
2092,2019,2,Bahrain Grand Prix,18,STR,Racing Point,90.217,,
2093,2019,2,Bahrain Grand Prix,63,RUS,Williams,91.759,,
2094,2019,2,Bahrain Grand Prix,88,KUB,Williams,91.799,,
2095,2019,3,Chinese Grand Prix,77,BOT,Mercedes,92.658,91.728,91.547
2096,2019,3,Chinese Grand Prix,44,HAM,Mercedes,93.115,91.637,91.57
2097,2019,3,Chinese Grand Prix,5,VET,Ferrari,93.557,92.232,91.848
2098,2019,3,Chinese Grand Prix,16,LEC,Ferrari,92.712,92.324,91.865
2099,2019,3,Chinese Grand Prix,33,VER,Red Bull Racing,93.274,92.369,92.089
2100,2019,3,Chinese Grand Prix,10,GAS,Red Bull Racing,93.863,92.948,92.93
2101,2019,3,Chinese Grand Prix,3,RIC,Renault,93.709,93.214,92.958
2102,2019,3,Chinese Grand Prix,27,HUL,Renault,93.644,93.968,92.962
2103,2019,3,Chinese Grand Prix,20,MAG,Haas F1 Team,94.036,93.15,
2104,2019,3,Chinese Grand Prix,8,GRO,Haas F1 Team,93.752,93.156,
2105,2019,3,Chinese Grand Prix,26,KVY,Toro Rosso,93.783,93.236,
2106,2019,3,Chinese Grand Prix,11,PER,Racing Point,94.026,93.299,
2107,2019,3,Chinese Grand Prix,7,RAI,Alfa Romeo Racing,94.125,93.419,
2108,2019,3,Chinese Grand Prix,55,SAI,McLaren,93.686,93.523,
2109,2019,3,Chinese Grand Prix,4,NOR,McLaren,94.148,93.967,
2110,2019,3,Chinese Grand Prix,18,STR,Racing Point,94.292,,
2111,2019,3,Chinese Grand Prix,63,RUS,Williams,95.253,,
2112,2019,3,Chinese Grand Prix,88,KUB,Williams,95.281,,
2113,2019,3,Chinese Grand Prix,23,ALB,Toro Rosso,,,
2114,2019,3,Chinese Grand Prix,99,GIO,Alfa Romeo Racing,,,
2115,2019,4,Azerbaijan Grand Prix,77,BOT,Mercedes,102.026,101.5,100.495
2116,2019,4,Azerbaijan Grand Prix,44,HAM,Mercedes,101.614,101.58,100.554
2117,2019,4,Azerbaijan Grand Prix,5,VET,Ferrari,102.042,101.889,100.797
2118,2019,4,Azerbaijan Grand Prix,33,VER,Red Bull Racing,101.727,101.388,101.069
2119,2019,4,Azerbaijan Grand Prix,11,PER,Racing Point,102.249,101.87,101.593
2120,2019,4,Azerbaijan Grand Prix,26,KVY,Toro Rosso,102.324,102.221,101.681
2121,2019,4,Azerbaijan Grand Prix,4,NOR,McLaren,102.371,102.084,101.886
2122,2019,4,Azerbaijan Grand Prix,99,GIO,Alfa Romeo Racing,102.14,102.381,102.424
2123,2019,4,Azerbaijan Grand Prix,16,LEC,Ferrari,101.426,101.995,
2124,2019,4,Azerbaijan Grand Prix,55,SAI,McLaren,101.936,102.398,
2125,2019,4,Azerbaijan Grand Prix,3,RIC,Renault,102.486,102.477,
2126,2019,4,Azerbaijan Grand Prix,23,ALB,Toro Rosso,102.154,102.494,
2127,2019,4,Azerbaijan Grand Prix,20,MAG,Haas F1 Team,102.382,102.699,
2128,2019,4,Azerbaijan Grand Prix,18,STR,Racing Point,102.63,,
2129,2019,4,Azerbaijan Grand Prix,8,GRO,Haas F1 Team,103.407,,
2130,2019,4,Azerbaijan Grand Prix,27,HUL,Renault,103.427,,
2131,2019,4,Azerbaijan Grand Prix,63,RUS,Williams,105.062,,
2132,2019,4,Azerbaijan Grand Prix,88,KUB,Williams,105.455,,
2133,2019,4,Azerbaijan Grand Prix,7,RAI,Alfa Romeo Racing,,,
2134,2019,4,Azerbaijan Grand Prix,10,GAS,Red Bull Racing,,,
2135,2019,5,Spanish Grand Prix,77,BOT,Mercedes,76.979,75.924,75.406
2136,2019,5,Spanish Grand Prix,44,HAM,Mercedes,77.292,76.038,76.04
2137,2019,5,Spanish Grand Prix,5,VET,Ferrari,77.425,76.667,76.272
2138,2019,5,Spanish Grand Prix,33,VER,Red Bull Racing,77.244,76.726,76.357
2139,2019,5,Spanish Grand Prix,16,LEC,Ferrari,77.388,76.714,76.588
2140,2019,5,Spanish Grand Prix,10,GAS,Red Bull Racing,77.862,76.932,76.708
2141,2019,5,Spanish Grand Prix,8,GRO,Haas F1 Team,78.042,77.066,76.911
2142,2019,5,Spanish Grand Prix,20,MAG,Haas F1 Team,77.669,77.272,76.922
2143,2019,5,Spanish Grand Prix,26,KVY,Toro Rosso,77.914,77.243,77.573
2144,2019,5,Spanish Grand Prix,3,RIC,Renault,78.385,77.299,78.106
2145,2019,5,Spanish Grand Prix,4,NOR,McLaren,77.611,77.338,
2146,2019,5,Spanish Grand Prix,23,ALB,Toro Rosso,77.796,77.445,
2147,2019,5,Spanish Grand Prix,55,SAI,McLaren,77.76,77.599,
2148,2019,5,Spanish Grand Prix,7,RAI,Alfa Romeo Racing,78.132,77.788,
2149,2019,5,Spanish Grand Prix,11,PER,Racing Point,78.286,77.886,
2150,2019,5,Spanish Grand Prix,27,HUL,Renault,78.404,,
2151,2019,5,Spanish Grand Prix,18,STR,Racing Point,78.471,,
2152,2019,5,Spanish Grand Prix,99,GIO,Alfa Romeo Racing,78.664,,
2153,2019,5,Spanish Grand Prix,63,RUS,Williams,79.072,,
2154,2019,5,Spanish Grand Prix,88,KUB,Williams,80.254,,
2155,2019,6,Monaco Grand Prix,44,HAM,Mercedes,71.542,70.835,70.166
2156,2019,6,Monaco Grand Prix,77,BOT,Mercedes,71.562,70.701,70.252
2157,2019,6,Monaco Grand Prix,33,VER,Red Bull Racing,71.597,70.618,70.641
2158,2019,6,Monaco Grand Prix,5,VET,Ferrari,71.434,71.227,70.947
2159,2019,6,Monaco Grand Prix,10,GAS,Red Bull Racing,71.74,71.457,71.041
2160,2019,6,Monaco Grand Prix,20,MAG,Haas F1 Team,71.865,71.363,71.109
2161,2019,6,Monaco Grand Prix,3,RIC,Renault,71.767,71.543,71.218
2162,2019,6,Monaco Grand Prix,26,KVY,Toro Rosso,71.602,71.412,71.271
2163,2019,6,Monaco Grand Prix,55,SAI,McLaren,71.872,71.608,71.417
2164,2019,6,Monaco Grand Prix,23,ALB,Toro Rosso,72.007,71.429,71.653
2165,2019,6,Monaco Grand Prix,27,HUL,Renault,72.097,71.67,
2166,2019,6,Monaco Grand Prix,4,NOR,McLaren,71.845,71.724,
2167,2019,6,Monaco Grand Prix,8,GRO,Haas F1 Team,71.837,72.027,
2168,2019,6,Monaco Grand Prix,7,RAI,Alfa Romeo Racing,71.993,72.115,
2169,2019,6,Monaco Grand Prix,99,GIO,Alfa Romeo Racing,71.976,72.185,
2170,2019,6,Monaco Grand Prix,16,LEC,Ferrari,72.149,,
2171,2019,6,Monaco Grand Prix,11,PER,Racing Point,72.233,,
2172,2019,6,Monaco Grand Prix,18,STR,Racing Point,72.846,,
2173,2019,6,Monaco Grand Prix,63,RUS,Williams,73.477,,
2174,2019,6,Monaco Grand Prix,88,KUB,Williams,73.751,,
2175,2019,7,Canadian Grand Prix,5,VET,Ferrari,71.2,71.142,70.24
2176,2019,7,Canadian Grand Prix,44,HAM,Mercedes,71.518,71.01,70.446
2177,2019,7,Canadian Grand Prix,16,LEC,Ferrari,71.214,71.205,70.92
2178,2019,7,Canadian Grand Prix,3,RIC,Renault,71.837,71.532,71.071
2179,2019,7,Canadian Grand Prix,10,GAS,Red Bull Racing,72.023,71.196,71.079
2180,2019,7,Canadian Grand Prix,77,BOT,Mercedes,71.229,71.095,71.101
2181,2019,7,Canadian Grand Prix,27,HUL,Renault,71.72,71.553,71.324
2182,2019,7,Canadian Grand Prix,4,NOR,McLaren,71.78,71.735,71.863
2183,2019,7,Canadian Grand Prix,55,SAI,McLaren,71.75,71.572,73.981
2184,2019,7,Canadian Grand Prix,20,MAG,Haas F1 Team,72.107,71.786,
2185,2019,7,Canadian Grand Prix,33,VER,Red Bull Racing,71.619,71.8,
2186,2019,7,Canadian Grand Prix,26,KVY,Toro Rosso,71.965,71.921,
2187,2019,7,Canadian Grand Prix,99,GIO,Alfa Romeo Racing,72.122,72.136,
2188,2019,7,Canadian Grand Prix,23,ALB,Toro Rosso,72.02,72.193,
2189,2019,7,Canadian Grand Prix,8,GRO,Haas F1 Team,72.109,,
2190,2019,7,Canadian Grand Prix,11,PER,Racing Point,72.197,,
2191,2019,7,Canadian Grand Prix,7,RAI,Alfa Romeo Racing,72.23,,
2192,2019,7,Canadian Grand Prix,18,STR,Racing Point,72.266,,
2193,2019,7,Canadian Grand Prix,63,RUS,Williams,73.617,,
2194,2019,7,Canadian Grand Prix,88,KUB,Williams,74.393,,
2195,2019,8,French Grand Prix,44,HAM,Mercedes,90.609,89.52,88.319
2196,2019,8,French Grand Prix,77,BOT,Mercedes,90.55,89.437,88.605
2197,2019,8,French Grand Prix,16,LEC,Ferrari,90.647,89.699,88.965
2198,2019,8,French Grand Prix,33,VER,Red Bull Racing,91.327,90.099,89.409
2199,2019,8,French Grand Prix,4,NOR,McLaren,90.989,90.019,89.418
2200,2019,8,French Grand Prix,55,SAI,McLaren,91.073,90.319,89.522
2201,2019,8,French Grand Prix,5,VET,Ferrari,91.075,89.506,89.799
2202,2019,8,French Grand Prix,3,RIC,Renault,90.954,90.369,89.918
2203,2019,8,French Grand Prix,10,GAS,Red Bull Racing,91.152,90.421,90.184
2204,2019,8,French Grand Prix,99,GIO,Alfa Romeo Racing,91.18,90.408,93.42
2205,2019,8,French Grand Prix,23,ALB,Toro Rosso,91.445,90.461,
2206,2019,8,French Grand Prix,7,RAI,Alfa Romeo Racing,90.972,90.533,
2207,2019,8,French Grand Prix,27,HUL,Renault,90.865,90.544,
2208,2019,8,French Grand Prix,11,PER,Racing Point,90.964,90.738,
2209,2019,8,French Grand Prix,20,MAG,Haas F1 Team,91.166,91.44,
2210,2019,8,French Grand Prix,26,KVY,Toro Rosso,91.564,,
2211,2019,8,French Grand Prix,8,GRO,Haas F1 Team,91.626,,
2212,2019,8,French Grand Prix,18,STR,Racing Point,91.726,,
2213,2019,8,French Grand Prix,63,RUS,Williams,92.789,,
2214,2019,8,French Grand Prix,88,KUB,Williams,93.205,,
2215,2019,9,Austrian Grand Prix,16,LEC,Ferrari,64.138,63.378,63.003
2216,2019,9,Austrian Grand Prix,44,HAM,Mercedes,63.818,63.803,63.262
2217,2019,9,Austrian Grand Prix,33,VER,Red Bull Racing,63.807,63.835,63.439
2218,2019,9,Austrian Grand Prix,77,BOT,Mercedes,64.084,63.863,63.537
2219,2019,9,Austrian Grand Prix,20,MAG,Haas F1 Team,64.778,64.466,64.072
2220,2019,9,Austrian Grand Prix,4,NOR,McLaren,64.361,64.211,64.099
2221,2019,9,Austrian Grand Prix,7,RAI,Alfa Romeo Racing,64.615,64.056,64.166
2222,2019,9,Austrian Grand Prix,99,GIO,Alfa Romeo Racing,64.45,64.194,64.179
2223,2019,9,Austrian Grand Prix,10,GAS,Red Bull Racing,64.412,63.988,64.199
2224,2019,9,Austrian Grand Prix,5,VET,Ferrari,64.43,63.667,
2225,2019,9,Austrian Grand Prix,8,GRO,Haas F1 Team,64.552,64.49,
2226,2019,9,Austrian Grand Prix,27,HUL,Renault,64.733,64.516,
2227,2019,9,Austrian Grand Prix,23,ALB,Toro Rosso,64.708,64.665,
2228,2019,9,Austrian Grand Prix,3,RIC,Renault,64.647,64.79,
2229,2019,9,Austrian Grand Prix,55,SAI,McLaren,64.453,73.601,
2230,2019,9,Austrian Grand Prix,11,PER,Racing Point,64.789,,
2231,2019,9,Austrian Grand Prix,18,STR,Racing Point,64.832,,
2232,2019,9,Austrian Grand Prix,26,KVY,Toro Rosso,65.324,,
2233,2019,9,Austrian Grand Prix,63,RUS,Williams,65.904,,
2234,2019,9,Austrian Grand Prix,88,KUB,Williams,66.206,,
2235,2019,10,British Grand Prix,77,BOT,Mercedes,85.75,85.672,85.093
2236,2019,10,British Grand Prix,44,HAM,Mercedes,85.513,85.84,85.099
2237,2019,10,British Grand Prix,16,LEC,Ferrari,85.533,85.546,85.172
2238,2019,10,British Grand Prix,33,VER,Red Bull Racing,85.7,85.848,85.276
2239,2019,10,British Grand Prix,10,GAS,Red Bull Racing,86.273,86.038,85.59
2240,2019,10,British Grand Prix,5,VET,Ferrari,85.898,86.023,85.787
2241,2019,10,British Grand Prix,3,RIC,Renault,86.428,86.283,86.182
2242,2019,10,British Grand Prix,4,NOR,McLaren,86.079,86.385,86.224
2243,2019,10,British Grand Prix,23,ALB,Toro Rosso,86.482,86.403,86.345
2244,2019,10,British Grand Prix,27,HUL,Renault,86.568,86.397,86.386
2245,2019,10,British Grand Prix,99,GIO,Alfa Romeo Racing,86.449,86.519,
2246,2019,10,British Grand Prix,7,RAI,Alfa Romeo Racing,86.558,86.546,
2247,2019,10,British Grand Prix,55,SAI,McLaren,86.203,86.578,
2248,2019,10,British Grand Prix,8,GRO,Haas F1 Team,86.347,86.757,
2249,2019,10,British Grand Prix,11,PER,Racing Point,86.649,86.928,
2250,2019,10,British Grand Prix,20,MAG,Haas F1 Team,86.662,,
2251,2019,10,British Grand Prix,26,KVY,Toro Rosso,86.721,,
2252,2019,10,British Grand Prix,18,STR,Racing Point,86.762,,
2253,2019,10,British Grand Prix,63,RUS,Williams,87.789,,
2254,2019,10,British Grand Prix,88,KUB,Williams,88.257,,
2255,2019,11,German Grand Prix,44,HAM,Mercedes,72.852,72.149,71.767
2256,2019,11,German Grand Prix,33,VER,Red Bull Racing,72.593,72.427,72.113
2257,2019,11,German Grand Prix,77,BOT,Mercedes,73.075,72.424,72.129
2258,2019,11,German Grand Prix,10,GAS,Red Bull Racing,72.991,72.385,72.522
2259,2019,11,German Grand Prix,7,RAI,Alfa Romeo Racing,73.066,72.519,72.538
2260,2019,11,German Grand Prix,8,GRO,Haas F1 Team,73.146,72.769,72.851
2261,2019,11,German Grand Prix,55,SAI,McLaren,73.221,72.632,72.897
2262,2019,11,German Grand Prix,11,PER,Racing Point,73.194,72.776,73.065
2263,2019,11,German Grand Prix,27,HUL,Renault,73.186,72.766,73.126
2264,2019,11,German Grand Prix,16,LEC,Ferrari,72.229,72.344,
2265,2019,11,German Grand Prix,99,GIO,Alfa Romeo Racing,73.17,72.786,
2266,2019,11,German Grand Prix,20,MAG,Haas F1 Team,73.103,72.789,
2267,2019,11,German Grand Prix,3,RIC,Renault,73.131,72.799,
2268,2019,11,German Grand Prix,26,KVY,Toro Rosso,73.278,73.135,
2269,2019,11,German Grand Prix,18,STR,Racing Point,73.256,73.45,
2270,2019,11,German Grand Prix,4,NOR,McLaren,73.333,,
2271,2019,11,German Grand Prix,23,ALB,Toro Rosso,73.461,,
2272,2019,11,German Grand Prix,63,RUS,Williams,74.721,,
2273,2019,11,German Grand Prix,88,KUB,Williams,74.839,,
2274,2019,11,German Grand Prix,5,VET,Ferrari,,,
2275,2019,12,Hungarian Grand Prix,33,VER,Red Bull Racing,75.817,75.573,74.572
2276,2019,12,Hungarian Grand Prix,77,BOT,Mercedes,76.078,75.669,74.59
2277,2019,12,Hungarian Grand Prix,44,HAM,Mercedes,76.068,75.548,74.769
2278,2019,12,Hungarian Grand Prix,16,LEC,Ferrari,76.337,75.792,75.043
2279,2019,12,Hungarian Grand Prix,5,VET,Ferrari,76.452,75.885,75.071
2280,2019,12,Hungarian Grand Prix,10,GAS,Red Bull Racing,76.716,76.393,75.45
2281,2019,12,Hungarian Grand Prix,4,NOR,McLaren,76.697,76.06,75.8
2282,2019,12,Hungarian Grand Prix,55,SAI,McLaren,76.493,76.308,75.852
2283,2019,12,Hungarian Grand Prix,8,GRO,Haas F1 Team,76.978,76.319,76.013
2284,2019,12,Hungarian Grand Prix,7,RAI,Alfa Romeo Racing,76.506,76.518,76.041
2285,2019,12,Hungarian Grand Prix,27,HUL,Renault,76.79,76.565,
2286,2019,12,Hungarian Grand Prix,23,ALB,Toro Rosso,76.912,76.687,
2287,2019,12,Hungarian Grand Prix,26,KVY,Toro Rosso,76.75,76.692,
2288,2019,12,Hungarian Grand Prix,99,GIO,Alfa Romeo Racing,76.894,76.804,
2289,2019,12,Hungarian Grand Prix,20,MAG,Haas F1 Team,76.122,77.081,
2290,2019,12,Hungarian Grand Prix,63,RUS,Williams,77.031,,
2291,2019,12,Hungarian Grand Prix,11,PER,Racing Point,77.109,,
2292,2019,12,Hungarian Grand Prix,3,RIC,Renault,77.257,,
2293,2019,12,Hungarian Grand Prix,18,STR,Racing Point,77.542,,
2294,2019,12,Hungarian Grand Prix,88,KUB,Williams,78.324,,
2295,2019,13,Belgian Grand Prix,16,LEC,Ferrari,103.587,102.938,102.519
2296,2019,13,Belgian Grand Prix,5,VET,Ferrari,104.109,103.037,103.267
2297,2019,13,Belgian Grand Prix,44,HAM,Mercedes,105.26,103.592,103.282
2298,2019,13,Belgian Grand Prix,77,BOT,Mercedes,105.141,103.98,103.415
2299,2019,13,Belgian Grand Prix,33,VER,Red Bull Racing,104.622,104.132,103.69
2300,2019,13,Belgian Grand Prix,3,RIC,Renault,105.56,104.103,104.257
2301,2019,13,Belgian Grand Prix,27,HUL,Renault,105.899,104.549,104.542
2302,2019,13,Belgian Grand Prix,7,RAI,Alfa Romeo Racing,105.842,104.14,104.557
2303,2019,13,Belgian Grand Prix,11,PER,Racing Point,105.732,104.707,104.706
2304,2019,13,Belgian Grand Prix,20,MAG,Haas F1 Team,105.839,104.738,105.086
2305,2019,13,Belgian Grand Prix,8,GRO,Haas F1 Team,105.694,104.797,
2306,2019,13,Belgian Grand Prix,4,NOR,McLaren,106.154,104.847,
2307,2019,13,Belgian Grand Prix,18,STR,Racing Point,106.0,105.047,
2308,2019,13,Belgian Grand Prix,23,ALB,Red Bull Racing,105.528,105.799,
2309,2019,13,Belgian Grand Prix,99,GIO,Alfa Romeo Racing,105.637,,
2310,2019,13,Belgian Grand Prix,10,GAS,Toro Rosso,106.435,,
2311,2019,13,Belgian Grand Prix,55,SAI,McLaren,106.507,,
2312,2019,13,Belgian Grand Prix,26,KVY,Toro Rosso,106.518,,
2313,2019,13,Belgian Grand Prix,63,RUS,Williams,107.548,,
2314,2019,13,Belgian Grand Prix,88,KUB,Williams,,,
2315,2019,14,Italian Grand Prix,16,LEC,Ferrari,80.126,79.553,79.307
2316,2019,14,Italian Grand Prix,44,HAM,Mercedes,80.272,79.464,79.346
2317,2019,14,Italian Grand Prix,77,BOT,Mercedes,80.156,80.018,79.354
2318,2019,14,Italian Grand Prix,5,VET,Ferrari,80.378,79.715,79.457
2319,2019,14,Italian Grand Prix,3,RIC,Renault,80.374,79.833,79.839
2320,2019,14,Italian Grand Prix,27,HUL,Renault,80.155,80.275,80.049
2321,2019,14,Italian Grand Prix,55,SAI,McLaren,80.413,80.202,80.455
2322,2019,14,Italian Grand Prix,23,ALB,Red Bull Racing,80.382,80.021,
2323,2019,14,Italian Grand Prix,18,STR,Racing Point,80.643,80.498,
2324,2019,14,Italian Grand Prix,7,RAI,Alfa Romeo Racing,80.634,80.515,
2325,2019,14,Italian Grand Prix,99,GIO,Alfa Romeo Racing,80.657,80.517,
2326,2019,14,Italian Grand Prix,20,MAG,Haas F1 Team,80.616,80.615,
2327,2019,14,Italian Grand Prix,26,KVY,Toro Rosso,80.723,80.63,
2328,2019,14,Italian Grand Prix,4,NOR,McLaren,80.646,81.068,
2329,2019,14,Italian Grand Prix,10,GAS,Toro Rosso,80.508,81.125,
2330,2019,14,Italian Grand Prix,8,GRO,Haas F1 Team,80.784,,
2331,2019,14,Italian Grand Prix,11,PER,Racing Point,81.291,,
2332,2019,14,Italian Grand Prix,63,RUS,Williams,81.8,,
2333,2019,14,Italian Grand Prix,88,KUB,Williams,82.356,,
2334,2019,14,Italian Grand Prix,33,VER,Red Bull Racing,,,
2335,2019,15,Singapore Grand Prix,16,LEC,Ferrari,98.014,96.65,96.217
2336,2019,15,Singapore Grand Prix,44,HAM,Mercedes,97.565,96.933,96.408
2337,2019,15,Singapore Grand Prix,5,VET,Ferrari,98.374,96.72,96.437
2338,2019,15,Singapore Grand Prix,33,VER,Red Bull Racing,98.54,97.089,96.813
2339,2019,15,Singapore Grand Prix,77,BOT,Mercedes,97.317,97.142,97.146
2340,2019,15,Singapore Grand Prix,23,ALB,Red Bull Racing,99.106,97.865,97.411
2341,2019,15,Singapore Grand Prix,55,SAI,McLaren,98.882,97.982,97.818
2342,2019,15,Singapore Grand Prix,27,HUL,Renault,99.001,98.58,98.264
2343,2019,15,Singapore Grand Prix,4,NOR,McLaren,98.606,97.572,98.329
2344,2019,15,Singapore Grand Prix,11,PER,Racing Point,99.909,98.52,
2345,2019,15,Singapore Grand Prix,99,GIO,Alfa Romeo Racing,99.272,98.697,
2346,2019,15,Singapore Grand Prix,10,GAS,Toro Rosso,99.085,98.699,
2347,2019,15,Singapore Grand Prix,7,RAI,Alfa Romeo Racing,99.454,98.858,
2348,2019,15,Singapore Grand Prix,20,MAG,Haas F1 Team,99.942,99.65,
2349,2019,15,Singapore Grand Prix,26,KVY,Toro Rosso,99.957,,
2350,2019,15,Singapore Grand Prix,18,STR,Racing Point,99.979,,
2351,2019,15,Singapore Grand Prix,8,GRO,Haas F1 Team,100.277,,
2352,2019,15,Singapore Grand Prix,63,RUS,Williams,100.867,,
2353,2019,15,Singapore Grand Prix,88,KUB,Williams,101.186,,
2354,2019,15,Singapore Grand Prix,3,RIC,Renault,,,
2355,2019,16,Russian Grand Prix,16,LEC,Ferrari,93.613,92.434,91.628
2356,2019,16,Russian Grand Prix,44,HAM,Mercedes,93.23,93.134,92.03
2357,2019,16,Russian Grand Prix,5,VET,Ferrari,93.032,92.536,92.053
2358,2019,16,Russian Grand Prix,33,VER,Red Bull Racing,93.368,92.634,92.31
2359,2019,16,Russian Grand Prix,77,BOT,Mercedes,93.413,93.281,92.632
2360,2019,16,Russian Grand Prix,55,SAI,McLaren,94.184,93.807,93.222
2361,2019,16,Russian Grand Prix,27,HUL,Renault,94.236,93.898,93.289
2362,2019,16,Russian Grand Prix,4,NOR,McLaren,94.201,93.725,93.301
2363,2019,16,Russian Grand Prix,8,GRO,Haas F1 Team,94.283,93.643,93.517
2364,2019,16,Russian Grand Prix,3,RIC,Renault,94.138,93.862,93.661
2365,2019,16,Russian Grand Prix,10,GAS,Toro Rosso,94.456,93.95,
2366,2019,16,Russian Grand Prix,11,PER,Racing Point,94.336,93.958,
2367,2019,16,Russian Grand Prix,99,GIO,Alfa Romeo Racing,94.755,94.037,
2368,2019,16,Russian Grand Prix,20,MAG,Haas F1 Team,93.889,94.082,
2369,2019,16,Russian Grand Prix,18,STR,Racing Point,94.287,94.233,
2370,2019,16,Russian Grand Prix,7,RAI,Alfa Romeo Racing,94.84,,
2371,2019,16,Russian Grand Prix,63,RUS,Williams,95.356,,
2372,2019,16,Russian Grand Prix,88,KUB,Williams,96.474,,
2373,2019,16,Russian Grand Prix,23,ALB,Red Bull Racing,99.197,,
2374,2019,16,Russian Grand Prix,26,KVY,Toro Rosso,99.544,,
2375,2019,17,Japanese Grand Prix,5,VET,Ferrari,88.988,88.174,87.064
2376,2019,17,Japanese Grand Prix,16,LEC,Ferrari,88.405,88.179,87.253
2377,2019,17,Japanese Grand Prix,77,BOT,Mercedes,88.896,87.688,87.293
2378,2019,17,Japanese Grand Prix,44,HAM,Mercedes,88.735,87.826,87.302
2379,2019,17,Japanese Grand Prix,33,VER,Red Bull Racing,88.754,88.499,87.851
2380,2019,17,Japanese Grand Prix,23,ALB,Red Bull Racing,89.351,88.156,87.851
2381,2019,17,Japanese Grand Prix,55,SAI,McLaren,89.018,88.577,88.304
2382,2019,17,Japanese Grand Prix,4,NOR,McLaren,88.873,88.571,88.464
2383,2019,17,Japanese Grand Prix,10,GAS,Toro Rosso,89.411,88.779,88.836
2384,2019,17,Japanese Grand Prix,8,GRO,Haas F1 Team,89.572,89.144,89.341
2385,2019,17,Japanese Grand Prix,99,GIO,Alfa Romeo Racing,89.604,89.254,
2386,2019,17,Japanese Grand Prix,18,STR,Racing Point,89.594,89.345,
2387,2019,17,Japanese Grand Prix,7,RAI,Alfa Romeo Racing,89.636,89.358,
2388,2019,17,Japanese Grand Prix,26,KVY,Toro Rosso,89.723,89.563,
2389,2019,17,Japanese Grand Prix,27,HUL,Renault,89.619,90.112,
2390,2019,17,Japanese Grand Prix,3,RIC,Renault,89.822,,
2391,2019,17,Japanese Grand Prix,11,PER,Racing Point,90.344,,
2392,2019,17,Japanese Grand Prix,63,RUS,Williams,90.364,,
2393,2019,17,Japanese Grand Prix,20,MAG,Haas F1 Team,,,
2394,2019,17,Japanese Grand Prix,88,KUB,Williams,,,
2395,2019,18,Mexican Grand Prix,33,VER,Red Bull Racing,75.949,76.136,74.758
2396,2019,18,Mexican Grand Prix,16,LEC,Ferrari,76.364,76.219,75.024
2397,2019,18,Mexican Grand Prix,5,VET,Ferrari,76.696,75.914,75.17
2398,2019,18,Mexican Grand Prix,44,HAM,Mercedes,76.424,75.721,75.262
2399,2019,18,Mexican Grand Prix,23,ALB,Red Bull Racing,76.175,76.574,75.336
2400,2019,18,Mexican Grand Prix,77,BOT,Mercedes,77.062,75.852,75.338
2401,2019,18,Mexican Grand Prix,55,SAI,McLaren,77.044,76.267,76.014
2402,2019,18,Mexican Grand Prix,4,NOR,McLaren,77.092,76.447,76.322
2403,2019,18,Mexican Grand Prix,26,KVY,Toro Rosso,77.041,76.657,76.469
2404,2019,18,Mexican Grand Prix,10,GAS,Toro Rosso,77.065,76.679,76.586
2405,2019,18,Mexican Grand Prix,11,PER,Racing Point,77.465,76.687,
2406,2019,18,Mexican Grand Prix,27,HUL,Renault,77.608,76.885,
2407,2019,18,Mexican Grand Prix,3,RIC,Renault,77.27,76.933,
2408,2019,18,Mexican Grand Prix,7,RAI,Alfa Romeo Racing,77.225,76.967,
2409,2019,18,Mexican Grand Prix,99,GIO,Alfa Romeo Racing,77.794,77.269,
2410,2019,18,Mexican Grand Prix,18,STR,Racing Point,78.065,,
2411,2019,18,Mexican Grand Prix,20,MAG,Haas F1 Team,78.436,,
2412,2019,18,Mexican Grand Prix,8,GRO,Haas F1 Team,78.599,,
2413,2019,18,Mexican Grand Prix,63,RUS,Williams,78.823,,
2414,2019,18,Mexican Grand Prix,88,KUB,Williams,80.179,,
2415,2019,19,United States Grand Prix,77,BOT,Mercedes,93.75,93.16,92.029
2416,2019,19,United States Grand Prix,5,VET,Ferrari,93.766,93.782,92.041
2417,2019,19,United States Grand Prix,33,VER,Red Bull Racing,93.549,93.12,92.096
2418,2019,19,United States Grand Prix,16,LEC,Ferrari,93.988,92.76,92.137
2419,2019,19,United States Grand Prix,44,HAM,Mercedes,93.454,93.045,92.321
2420,2019,19,United States Grand Prix,23,ALB,Red Bull Racing,93.984,92.898,92.548
2421,2019,19,United States Grand Prix,55,SAI,McLaren,93.916,93.422,92.847
2422,2019,19,United States Grand Prix,4,NOR,McLaren,93.353,93.316,93.175
2423,2019,19,United States Grand Prix,3,RIC,Renault,93.835,93.608,93.488
2424,2019,19,United States Grand Prix,10,GAS,Toro Rosso,93.556,93.715,93.601
2425,2019,19,United States Grand Prix,27,HUL,Renault,94.092,93.815,
2426,2019,19,United States Grand Prix,20,MAG,Haas F1 Team,93.812,93.979,
2427,2019,19,United States Grand Prix,26,KVY,Toro Rosso,94.138,93.989,
2428,2019,19,United States Grand Prix,18,STR,Racing Point,93.921,94.1,
2429,2019,19,United States Grand Prix,8,GRO,Haas F1 Team,94.161,94.158,
2430,2019,19,United States Grand Prix,99,GIO,Alfa Romeo Racing,94.226,,
2431,2019,19,United States Grand Prix,7,RAI,Alfa Romeo Racing,94.369,,
2432,2019,19,United States Grand Prix,63,RUS,Williams,95.372,,
2433,2019,19,United States Grand Prix,11,PER,Racing Point,95.808,,
2434,2019,19,United States Grand Prix,88,KUB,Williams,95.889,,
2435,2019,20,Brazilian Grand Prix,33,VER,Red Bull Racing,68.242,67.503,67.508
2436,2019,20,Brazilian Grand Prix,5,VET,Ferrari,68.556,68.05,67.631
2437,2019,20,Brazilian Grand Prix,44,HAM,Mercedes,68.614,68.088,67.699
2438,2019,20,Brazilian Grand Prix,16,LEC,Ferrari,68.496,67.888,67.728
2439,2019,20,Brazilian Grand Prix,77,BOT,Mercedes,68.545,68.232,67.874
2440,2019,20,Brazilian Grand Prix,23,ALB,Red Bull Racing,68.503,68.117,67.935
2441,2019,20,Brazilian Grand Prix,10,GAS,Toro Rosso,68.909,68.77,68.837
2442,2019,20,Brazilian Grand Prix,8,GRO,Haas F1 Team,69.197,68.705,68.854
2443,2019,20,Brazilian Grand Prix,7,RAI,Alfa Romeo Racing,69.276,68.858,68.984
2444,2019,20,Brazilian Grand Prix,20,MAG,Haas F1 Team,68.875,68.803,69.037
2445,2019,20,Brazilian Grand Prix,4,NOR,McLaren,68.891,68.868,
2446,2019,20,Brazilian Grand Prix,3,RIC,Renault,69.086,68.903,
2447,2019,20,Brazilian Grand Prix,99,GIO,Alfa Romeo Racing,69.175,68.919,
2448,2019,20,Brazilian Grand Prix,27,HUL,Renault,69.05,68.921,
2449,2019,20,Brazilian Grand Prix,11,PER,Racing Point,69.288,69.035,
2450,2019,20,Brazilian Grand Prix,26,KVY,Toro Rosso,69.32,,
2451,2019,20,Brazilian Grand Prix,18,STR,Racing Point,69.536,,
2452,2019,20,Brazilian Grand Prix,63,RUS,Williams,70.126,,
2453,2019,20,Brazilian Grand Prix,88,KUB,Williams,70.614,,
2454,2019,20,Brazilian Grand Prix,55,SAI,McLaren,,,
2455,2019,21,Abu Dhabi Grand Prix,44,HAM,Mercedes,95.851,95.634,94.779
2456,2019,21,Abu Dhabi Grand Prix,77,BOT,Mercedes,96.2,95.674,94.973
2457,2019,21,Abu Dhabi Grand Prix,33,VER,Red Bull Racing,96.39,96.275,95.139
2458,2019,21,Abu Dhabi Grand Prix,16,LEC,Ferrari,96.478,95.543,95.219
2459,2019,21,Abu Dhabi Grand Prix,5,VET,Ferrari,96.963,95.786,95.339
2460,2019,21,Abu Dhabi Grand Prix,23,ALB,Red Bull Racing,96.102,96.718,95.682
2461,2019,21,Abu Dhabi Grand Prix,4,NOR,McLaren,97.545,96.764,96.436
2462,2019,21,Abu Dhabi Grand Prix,3,RIC,Renault,97.106,96.785,96.456
2463,2019,21,Abu Dhabi Grand Prix,55,SAI,McLaren,97.358,96.308,96.459
2464,2019,21,Abu Dhabi Grand Prix,27,HUL,Renault,97.506,96.859,96.71
2465,2019,21,Abu Dhabi Grand Prix,11,PER,Racing Point,96.961,97.055,
2466,2019,21,Abu Dhabi Grand Prix,10,GAS,Toro Rosso,97.198,97.089,
2467,2019,21,Abu Dhabi Grand Prix,18,STR,Racing Point,97.528,97.103,
2468,2019,21,Abu Dhabi Grand Prix,26,KVY,Toro Rosso,97.683,97.141,
2469,2019,21,Abu Dhabi Grand Prix,20,MAG,Haas F1 Team,97.71,97.254,
2470,2019,21,Abu Dhabi Grand Prix,8,GRO,Haas F1 Team,98.051,,
2471,2019,21,Abu Dhabi Grand Prix,99,GIO,Alfa Romeo Racing,98.114,,
2472,2019,21,Abu Dhabi Grand Prix,7,RAI,Alfa Romeo Racing,98.383,,
2473,2019,21,Abu Dhabi Grand Prix,63,RUS,Williams,98.717,,
2474,2019,21,Abu Dhabi Grand Prix,88,KUB,Williams,99.236,,
2475,2020,1,Austrian Grand Prix,77,BOT,Mercedes,64.111,63.015,62.939
2476,2020,1,Austrian Grand Prix,44,HAM,Mercedes,64.198,63.096,62.951
2477,2020,1,Austrian Grand Prix,33,VER,Red Bull Racing,64.024,64.0,63.477
2478,2020,1,Austrian Grand Prix,4,NOR,McLaren,64.606,63.819,63.626
2479,2020,1,Austrian Grand Prix,23,ALB,Red Bull Racing,64.661,63.746,63.868
2480,2020,1,Austrian Grand Prix,11,PER,Racing Point,64.543,63.86,63.868
2481,2020,1,Austrian Grand Prix,16,LEC,Ferrari,64.5,64.041,63.923
2482,2020,1,Austrian Grand Prix,55,SAI,McLaren,64.537,63.971,63.971
2483,2020,1,Austrian Grand Prix,18,STR,Racing Point,64.309,63.955,64.029
2484,2020,1,Austrian Grand Prix,3,RIC,Renault,64.556,64.023,64.239
2485,2020,1,Austrian Grand Prix,5,VET,Ferrari,64.554,64.206,
2486,2020,1,Austrian Grand Prix,10,GAS,AlphaTauri,64.603,64.305,
2487,2020,1,Austrian Grand Prix,26,KVY,AlphaTauri,65.031,64.431,
2488,2020,1,Austrian Grand Prix,31,OCO,Renault,64.933,64.643,
2489,2020,1,Austrian Grand Prix,8,GRO,Haas F1 Team,65.094,64.691,
2490,2020,1,Austrian Grand Prix,20,MAG,Haas F1 Team,65.164,,
2491,2020,1,Austrian Grand Prix,63,RUS,Williams,65.167,,
2492,2020,1,Austrian Grand Prix,99,GIO,Alfa Romeo Racing,65.175,,
2493,2020,1,Austrian Grand Prix,7,RAI,Alfa Romeo Racing,65.224,,
2494,2020,1,Austrian Grand Prix,6,LAT,Williams,65.757,,
2495,2020,2,Styrian Grand Prix,44,HAM,Mercedes,78.188,77.825,79.273
2496,2020,2,Styrian Grand Prix,33,VER,Red Bull Racing,78.297,77.938,80.489
2497,2020,2,Styrian Grand Prix,55,SAI,McLaren,78.59,78.836,80.671
2498,2020,2,Styrian Grand Prix,77,BOT,Mercedes,78.791,78.657,80.701
2499,2020,2,Styrian Grand Prix,31,OCO,Renault,79.687,78.764,80.922
2500,2020,2,Styrian Grand Prix,4,NOR,McLaren,78.504,78.448,80.925
2501,2020,2,Styrian Grand Prix,23,ALB,Red Bull Racing,80.882,79.014,81.011
2502,2020,2,Styrian Grand Prix,10,GAS,AlphaTauri,80.192,78.744,81.028
2503,2020,2,Styrian Grand Prix,3,RIC,Renault,79.662,79.229,81.192
2504,2020,2,Styrian Grand Prix,5,VET,Ferrari,80.243,79.545,81.651
2505,2020,2,Styrian Grand Prix,16,LEC,Ferrari,80.871,79.628,
2506,2020,2,Styrian Grand Prix,63,RUS,Williams,80.382,79.636,
2507,2020,2,Styrian Grand Prix,18,STR,Racing Point,79.697,79.645,
2508,2020,2,Styrian Grand Prix,26,KVY,AlphaTauri,79.824,79.717,
2509,2020,2,Styrian Grand Prix,20,MAG,Haas F1 Team,81.14,80.211,
2510,2020,2,Styrian Grand Prix,7,RAI,Alfa Romeo Racing,81.14,,
2511,2020,2,Styrian Grand Prix,11,PER,Racing Point,81.607,,
2512,2020,2,Styrian Grand Prix,6,LAT,Williams,81.759,,
2513,2020,2,Styrian Grand Prix,99,GIO,Alfa Romeo Racing,81.831,,
2514,2020,2,Styrian Grand Prix,8,GRO,Haas F1 Team,,,
2515,2020,3,Hungarian Grand Prix,44,HAM,Mercedes,74.907,74.261,73.447
2516,2020,3,Hungarian Grand Prix,77,BOT,Mercedes,75.474,74.53,73.554
2517,2020,3,Hungarian Grand Prix,18,STR,Racing Point,74.895,75.176,74.377
2518,2020,3,Hungarian Grand Prix,11,PER,Racing Point,74.681,75.394,74.545
2519,2020,3,Hungarian Grand Prix,5,VET,Ferrari,75.455,75.131,74.774
2520,2020,3,Hungarian Grand Prix,16,LEC,Ferrari,75.793,75.006,74.817
2521,2020,3,Hungarian Grand Prix,33,VER,Red Bull Racing,75.495,74.976,74.849
2522,2020,3,Hungarian Grand Prix,4,NOR,McLaren,75.444,75.085,74.966
2523,2020,3,Hungarian Grand Prix,55,SAI,McLaren,75.281,75.267,75.027
2524,2020,3,Hungarian Grand Prix,10,GAS,AlphaTauri,75.767,75.508,
2525,2020,3,Hungarian Grand Prix,3,RIC,Renault,75.848,75.661,
2526,2020,3,Hungarian Grand Prix,63,RUS,Williams,75.585,75.698,
2527,2020,3,Hungarian Grand Prix,23,ALB,Red Bull Racing,75.722,75.715,
2528,2020,3,Hungarian Grand Prix,31,OCO,Renault,75.719,75.742,
2529,2020,3,Hungarian Grand Prix,6,LAT,Williams,76.105,76.544,
2530,2020,3,Hungarian Grand Prix,20,MAG,Haas F1 Team,76.152,,
2531,2020,3,Hungarian Grand Prix,26,KVY,AlphaTauri,76.204,,
2532,2020,3,Hungarian Grand Prix,8,GRO,Haas F1 Team,76.407,,
2533,2020,3,Hungarian Grand Prix,99,GIO,Alfa Romeo Racing,76.506,,
2534,2020,3,Hungarian Grand Prix,7,RAI,Alfa Romeo Racing,76.614,,
2535,2020,4,British Grand Prix,44,HAM,Mercedes,85.9,85.347,84.303
2536,2020,4,British Grand Prix,77,BOT,Mercedes,85.801,85.015,84.616
2537,2020,4,British Grand Prix,33,VER,Red Bull Racing,86.115,86.144,85.325
2538,2020,4,British Grand Prix,16,LEC,Ferrari,86.55,86.203,85.427
2539,2020,4,British Grand Prix,4,NOR,McLaren,86.855,86.42,85.782
2540,2020,4,British Grand Prix,18,STR,Racing Point,86.243,86.501,85.839
2541,2020,4,British Grand Prix,55,SAI,McLaren,86.715,86.149,85.965
2542,2020,4,British Grand Prix,3,RIC,Renault,86.677,86.339,86.009
2543,2020,4,British Grand Prix,31,OCO,Renault,86.396,86.252,86.209
2544,2020,4,British Grand Prix,5,VET,Ferrari,86.469,86.455,86.339
2545,2020,4,British Grand Prix,10,GAS,AlphaTauri,86.343,86.501,
2546,2020,4,British Grand Prix,23,ALB,Red Bull Racing,86.565,86.545,
2547,2020,4,British Grand Prix,27,HUL,Racing Point,86.327,86.566,
2548,2020,4,British Grand Prix,26,KVY,AlphaTauri,86.774,86.744,
2549,2020,4,British Grand Prix,63,RUS,Williams,86.732,87.092,
2550,2020,4,British Grand Prix,20,MAG,Haas F1 Team,87.158,,
2551,2020,4,British Grand Prix,99,GIO,Alfa Romeo Racing,87.164,,
2552,2020,4,British Grand Prix,7,RAI,Alfa Romeo Racing,87.366,,
2553,2020,4,British Grand Prix,8,GRO,Haas F1 Team,87.643,,
2554,2020,4,British Grand Prix,6,LAT,Williams,87.705,,
2555,2020,5,70th Anniversary Grand Prix,77,BOT,Mercedes,86.738,85.785,85.154
2556,2020,5,70th Anniversary Grand Prix,44,HAM,Mercedes,86.818,86.266,85.217
2557,2020,5,70th Anniversary Grand Prix,27,HUL,Racing Point,87.279,86.261,86.082
2558,2020,5,70th Anniversary Grand Prix,33,VER,Red Bull Racing,87.154,86.779,86.176
2559,2020,5,70th Anniversary Grand Prix,3,RIC,Renault,87.442,86.636,86.297
2560,2020,5,70th Anniversary Grand Prix,18,STR,Racing Point,87.187,86.674,86.428
2561,2020,5,70th Anniversary Grand Prix,10,GAS,AlphaTauri,87.154,86.523,86.534
2562,2020,5,70th Anniversary Grand Prix,16,LEC,Ferrari,87.427,86.709,86.614
2563,2020,5,70th Anniversary Grand Prix,23,ALB,Red Bull Racing,87.153,86.642,86.669
2564,2020,5,70th Anniversary Grand Prix,4,NOR,McLaren,87.217,86.885,86.778
2565,2020,5,70th Anniversary Grand Prix,31,OCO,Renault,87.278,87.011,
2566,2020,5,70th Anniversary Grand Prix,5,VET,Ferrari,87.612,87.078,
2567,2020,5,70th Anniversary Grand Prix,55,SAI,McLaren,87.45,87.083,
2568,2020,5,70th Anniversary Grand Prix,8,GRO,Haas F1 Team,87.519,87.254,
2569,2020,5,70th Anniversary Grand Prix,63,RUS,Williams,87.757,87.455,
2570,2020,5,70th Anniversary Grand Prix,26,KVY,AlphaTauri,87.882,,
2571,2020,5,70th Anniversary Grand Prix,20,MAG,Haas F1 Team,88.236,,
2572,2020,5,70th Anniversary Grand Prix,6,LAT,Williams,88.43,,
2573,2020,5,70th Anniversary Grand Prix,99,GIO,Alfa Romeo Racing,88.433,,
2574,2020,5,70th Anniversary Grand Prix,7,RAI,Alfa Romeo Racing,88.493,,
2575,2020,6,Spanish Grand Prix,44,HAM,Mercedes,76.872,76.013,75.584
2576,2020,6,Spanish Grand Prix,77,BOT,Mercedes,77.243,76.152,75.643
2577,2020,6,Spanish Grand Prix,33,VER,Red Bull Racing,77.213,76.518,76.292
2578,2020,6,Spanish Grand Prix,11,PER,Racing Point,77.117,76.936,76.482
2579,2020,6,Spanish Grand Prix,18,STR,Racing Point,77.316,76.666,76.589
2580,2020,6,Spanish Grand Prix,23,ALB,Red Bull Racing,77.419,77.163,77.029
2581,2020,6,Spanish Grand Prix,55,SAI,McLaren,77.438,76.876,77.044
2582,2020,6,Spanish Grand Prix,4,NOR,McLaren,77.577,77.166,77.084
2583,2020,6,Spanish Grand Prix,16,LEC,Ferrari,77.256,76.953,77.087
2584,2020,6,Spanish Grand Prix,10,GAS,AlphaTauri,77.356,76.8,77.136
2585,2020,6,Spanish Grand Prix,5,VET,Ferrari,77.573,77.168,
2586,2020,6,Spanish Grand Prix,26,KVY,AlphaTauri,77.676,77.192,
2587,2020,6,Spanish Grand Prix,3,RIC,Renault,77.667,77.198,
2588,2020,6,Spanish Grand Prix,7,RAI,Alfa Romeo Racing,77.797,77.386,
2589,2020,6,Spanish Grand Prix,31,OCO,Renault,77.765,77.567,
2590,2020,6,Spanish Grand Prix,20,MAG,Haas F1 Team,77.908,,
2591,2020,6,Spanish Grand Prix,8,GRO,Haas F1 Team,78.089,,
2592,2020,6,Spanish Grand Prix,63,RUS,Williams,78.099,,
2593,2020,6,Spanish Grand Prix,6,LAT,Williams,78.532,,
2594,2020,6,Spanish Grand Prix,99,GIO,Alfa Romeo Racing,78.697,,
2595,2020,7,Belgian Grand Prix,44,HAM,Mercedes,102.323,102.014,101.252
2596,2020,7,Belgian Grand Prix,77,BOT,Mercedes,102.534,102.126,101.763
2597,2020,7,Belgian Grand Prix,33,VER,Red Bull Racing,103.197,102.473,101.778
2598,2020,7,Belgian Grand Prix,3,RIC,Renault,103.309,102.487,102.061
2599,2020,7,Belgian Grand Prix,23,ALB,Red Bull Racing,103.418,102.193,102.264
2600,2020,7,Belgian Grand Prix,31,OCO,Renault,103.505,102.534,102.396
2601,2020,7,Belgian Grand Prix,55,SAI,McLaren,103.322,102.478,102.438
2602,2020,7,Belgian Grand Prix,11,PER,Racing Point,103.349,102.67,102.532
2603,2020,7,Belgian Grand Prix,18,STR,Racing Point,103.265,102.491,102.603
2604,2020,7,Belgian Grand Prix,4,NOR,McLaren,103.514,102.722,102.657
2605,2020,7,Belgian Grand Prix,26,KVY,AlphaTauri,103.267,102.73,
2606,2020,7,Belgian Grand Prix,10,GAS,AlphaTauri,103.262,102.745,
2607,2020,7,Belgian Grand Prix,16,LEC,Ferrari,103.656,102.996,
2608,2020,7,Belgian Grand Prix,5,VET,Ferrari,103.567,103.261,
2609,2020,7,Belgian Grand Prix,63,RUS,Williams,103.63,103.468,
2610,2020,7,Belgian Grand Prix,7,RAI,Alfa Romeo Racing,103.743,,
2611,2020,7,Belgian Grand Prix,8,GRO,Haas F1 Team,103.838,,
2612,2020,7,Belgian Grand Prix,99,GIO,Alfa Romeo Racing,103.95,,
2613,2020,7,Belgian Grand Prix,6,LAT,Williams,104.138,,
2614,2020,7,Belgian Grand Prix,20,MAG,Haas F1 Team,104.314,,
2615,2020,8,Italian Grand Prix,44,HAM,Mercedes,79.514,79.092,78.887
2616,2020,8,Italian Grand Prix,77,BOT,Mercedes,79.786,78.952,78.956
2617,2020,8,Italian Grand Prix,55,SAI,McLaren,80.099,79.705,79.695
2618,2020,8,Italian Grand Prix,11,PER,Racing Point,80.048,79.718,79.72
2619,2020,8,Italian Grand Prix,33,VER,Red Bull Racing,80.193,79.78,79.795
2620,2020,8,Italian Grand Prix,4,NOR,McLaren,80.344,79.962,79.82
2621,2020,8,Italian Grand Prix,3,RIC,Renault,80.548,80.031,79.864
2622,2020,8,Italian Grand Prix,18,STR,Racing Point,80.4,79.924,80.049
2623,2020,8,Italian Grand Prix,23,ALB,Red Bull Racing,81.104,80.064,80.09
2624,2020,8,Italian Grand Prix,10,GAS,AlphaTauri,80.145,79.909,80.177
2625,2020,8,Italian Grand Prix,26,KVY,AlphaTauri,80.307,80.169,
2626,2020,8,Italian Grand Prix,31,OCO,Renault,80.747,80.234,
2627,2020,8,Italian Grand Prix,16,LEC,Ferrari,80.443,80.273,
2628,2020,8,Italian Grand Prix,7,RAI,Alfa Romeo Racing,81.01,80.926,
2629,2020,8,Italian Grand Prix,20,MAG,Haas F1 Team,80.869,81.573,
2630,2020,8,Italian Grand Prix,8,GRO,Haas F1 Team,81.139,,
2631,2020,8,Italian Grand Prix,5,VET,Ferrari,81.151,,
2632,2020,8,Italian Grand Prix,99,GIO,Alfa Romeo Racing,81.206,,
2633,2020,8,Italian Grand Prix,63,RUS,Williams,81.587,,
2634,2020,8,Italian Grand Prix,6,LAT,Williams,81.717,,
2635,2020,9,Tuscan Grand Prix,44,HAM,Mercedes,75.778,75.309,75.144
2636,2020,9,Tuscan Grand Prix,77,BOT,Mercedes,75.749,75.322,75.203
2637,2020,9,Tuscan Grand Prix,33,VER,Red Bull Racing,76.335,75.471,75.509
2638,2020,9,Tuscan Grand Prix,23,ALB,Red Bull Racing,76.527,75.914,75.954
2639,2020,9,Tuscan Grand Prix,16,LEC,Ferrari,76.698,76.324,76.27
2640,2020,9,Tuscan Grand Prix,11,PER,Racing Point,76.596,76.489,76.311
2641,2020,9,Tuscan Grand Prix,18,STR,Racing Point,76.701,76.271,76.356
2642,2020,9,Tuscan Grand Prix,3,RIC,Renault,76.981,76.243,76.543
2643,2020,9,Tuscan Grand Prix,55,SAI,McLaren,76.993,76.522,77.87
2644,2020,9,Tuscan Grand Prix,31,OCO,Renault,76.825,76.297,
2645,2020,9,Tuscan Grand Prix,4,NOR,McLaren,76.895,76.64,
2646,2020,9,Tuscan Grand Prix,26,KVY,AlphaTauri,76.928,76.854,
2647,2020,9,Tuscan Grand Prix,7,RAI,Alfa Romeo Racing,77.059,76.854,
2648,2020,9,Tuscan Grand Prix,5,VET,Ferrari,77.072,76.858,
2649,2020,9,Tuscan Grand Prix,8,GRO,Haas F1 Team,77.069,77.254,
2650,2020,9,Tuscan Grand Prix,10,GAS,AlphaTauri,77.125,,
2651,2020,9,Tuscan Grand Prix,99,GIO,Alfa Romeo Racing,77.22,,
2652,2020,9,Tuscan Grand Prix,63,RUS,Williams,77.232,,
2653,2020,9,Tuscan Grand Prix,6,LAT,Williams,77.32,,
2654,2020,9,Tuscan Grand Prix,20,MAG,Haas F1 Team,77.348,,
2655,2020,10,Russian Grand Prix,44,HAM,Mercedes,92.983,92.835,91.304
2656,2020,10,Russian Grand Prix,33,VER,Red Bull Racing,93.63,93.157,91.867
2657,2020,10,Russian Grand Prix,77,BOT,Mercedes,92.656,92.405,91.956
2658,2020,10,Russian Grand Prix,11,PER,Racing Point,93.704,93.038,92.317
2659,2020,10,Russian Grand Prix,3,RIC,Renault,93.65,92.218,92.364
2660,2020,10,Russian Grand Prix,55,SAI,McLaren,93.967,92.757,92.55
2661,2020,10,Russian Grand Prix,31,OCO,Renault,93.557,93.196,92.624
2662,2020,10,Russian Grand Prix,4,NOR,McLaren,93.804,93.081,92.847
2663,2020,10,Russian Grand Prix,10,GAS,AlphaTauri,93.734,93.139,93.0
2664,2020,10,Russian Grand Prix,23,ALB,Red Bull Racing,93.919,93.153,93.008
2665,2020,10,Russian Grand Prix,16,LEC,Ferrari,94.071,93.239,
2666,2020,10,Russian Grand Prix,26,KVY,AlphaTauri,93.511,93.249,
2667,2020,10,Russian Grand Prix,18,STR,Racing Point,93.852,93.364,
2668,2020,10,Russian Grand Prix,63,RUS,Williams,94.02,93.583,
2669,2020,10,Russian Grand Prix,5,VET,Ferrari,94.134,93.609,
2670,2020,10,Russian Grand Prix,8,GRO,Haas F1 Team,94.592,,
2671,2020,10,Russian Grand Prix,99,GIO,Alfa Romeo Racing,94.594,,
2672,2020,10,Russian Grand Prix,20,MAG,Haas F1 Team,94.681,,
2673,2020,10,Russian Grand Prix,6,LAT,Williams,95.066,,
2674,2020,10,Russian Grand Prix,7,RAI,Alfa Romeo Racing,95.267,,
2675,2020,11,Eifel Grand Prix,77,BOT,Mercedes,86.573,85.971,85.269
2676,2020,11,Eifel Grand Prix,44,HAM,Mercedes,86.62,85.39,85.525
2677,2020,11,Eifel Grand Prix,33,VER,Red Bull Racing,86.319,85.467,85.562
2678,2020,11,Eifel Grand Prix,16,LEC,Ferrari,86.857,86.24,86.035
2679,2020,11,Eifel Grand Prix,23,ALB,Red Bull Racing,87.126,86.285,86.047
2680,2020,11,Eifel Grand Prix,3,RIC,Renault,86.836,86.096,86.223
2681,2020,11,Eifel Grand Prix,31,OCO,Renault,87.086,86.364,86.242
2682,2020,11,Eifel Grand Prix,4,NOR,McLaren,86.829,86.316,86.458
2683,2020,11,Eifel Grand Prix,11,PER,Racing Point,87.12,86.33,86.704
2684,2020,11,Eifel Grand Prix,55,SAI,McLaren,87.378,86.361,86.709
2685,2020,11,Eifel Grand Prix,5,VET,Ferrari,87.107,86.738,
2686,2020,11,Eifel Grand Prix,10,GAS,AlphaTauri,87.072,86.776,
2687,2020,11,Eifel Grand Prix,26,KVY,AlphaTauri,87.285,86.848,
2688,2020,11,Eifel Grand Prix,99,GIO,Alfa Romeo Racing,87.532,86.936,
2689,2020,11,Eifel Grand Prix,20,MAG,Haas F1 Team,87.231,87.125,
2690,2020,11,Eifel Grand Prix,8,GRO,Haas F1 Team,87.552,,
2691,2020,11,Eifel Grand Prix,63,RUS,Williams,87.564,,
2692,2020,11,Eifel Grand Prix,6,LAT,Williams,87.812,,
2693,2020,11,Eifel Grand Prix,7,RAI,Alfa Romeo Racing,87.817,,
2694,2020,11,Eifel Grand Prix,27,HUL,Racing Point,88.021,,
2695,2020,12,Portuguese Grand Prix,44,HAM,Mercedes,76.828,76.824,76.652
2696,2020,12,Portuguese Grand Prix,77,BOT,Mercedes,76.945,76.466,76.754
2697,2020,12,Portuguese Grand Prix,33,VER,Red Bull Racing,76.879,77.038,76.904
2698,2020,12,Portuguese Grand Prix,16,LEC,Ferrari,77.421,77.367,77.09
2699,2020,12,Portuguese Grand Prix,11,PER,Racing Point,77.37,77.129,77.223
2700,2020,12,Portuguese Grand Prix,23,ALB,Red Bull Racing,77.435,77.411,77.437
2701,2020,12,Portuguese Grand Prix,55,SAI,McLaren,77.627,77.183,77.52
2702,2020,12,Portuguese Grand Prix,4,NOR,McLaren,77.547,77.321,77.525
2703,2020,12,Portuguese Grand Prix,10,GAS,AlphaTauri,77.209,77.367,77.803
2704,2020,12,Portuguese Grand Prix,3,RIC,Renault,77.621,77.481,
2705,2020,12,Portuguese Grand Prix,31,OCO,Renault,77.775,77.614,
2706,2020,12,Portuguese Grand Prix,18,STR,Racing Point,77.667,77.626,
2707,2020,12,Portuguese Grand Prix,26,KVY,AlphaTauri,77.841,77.728,
2708,2020,12,Portuguese Grand Prix,63,RUS,Williams,77.931,77.788,
2709,2020,12,Portuguese Grand Prix,5,VET,Ferrari,77.446,77.919,
2710,2020,12,Portuguese Grand Prix,7,RAI,Alfa Romeo Racing,78.201,,
2711,2020,12,Portuguese Grand Prix,99,GIO,Alfa Romeo Racing,78.323,,
2712,2020,12,Portuguese Grand Prix,8,GRO,Haas F1 Team,78.364,,
2713,2020,12,Portuguese Grand Prix,20,MAG,Haas F1 Team,78.508,,
2714,2020,12,Portuguese Grand Prix,6,LAT,Williams,78.777,,
2715,2020,13,Emilia Romagna Grand Prix,77,BOT,Mercedes,74.221,74.585,73.609
2716,2020,13,Emilia Romagna Grand Prix,44,HAM,Mercedes,74.229,74.643,73.706
2717,2020,13,Emilia Romagna Grand Prix,33,VER,Red Bull Racing,75.034,74.974,74.176
2718,2020,13,Emilia Romagna Grand Prix,10,GAS,AlphaTauri,75.183,74.681,74.502
2719,2020,13,Emilia Romagna Grand Prix,3,RIC,Renault,75.474,74.953,74.52
2720,2020,13,Emilia Romagna Grand Prix,23,ALB,Red Bull Racing,75.402,74.745,74.572
2721,2020,13,Emilia Romagna Grand Prix,16,LEC,Ferrari,75.123,75.017,74.616
2722,2020,13,Emilia Romagna Grand Prix,26,KVY,AlphaTauri,75.412,75.022,74.696
2723,2020,13,Emilia Romagna Grand Prix,4,NOR,McLaren,75.274,75.051,74.814
2724,2020,13,Emilia Romagna Grand Prix,55,SAI,McLaren,75.528,75.027,74.911
2725,2020,13,Emilia Romagna Grand Prix,11,PER,Racing Point,75.407,75.061,
2726,2020,13,Emilia Romagna Grand Prix,31,OCO,Renault,75.352,75.201,
2727,2020,13,Emilia Romagna Grand Prix,63,RUS,Williams,75.76,75.323,
2728,2020,13,Emilia Romagna Grand Prix,5,VET,Ferrari,75.571,75.385,
2729,2020,13,Emilia Romagna Grand Prix,18,STR,Racing Point,75.822,75.494,
2730,2020,13,Emilia Romagna Grand Prix,8,GRO,Haas F1 Team,75.918,,
2731,2020,13,Emilia Romagna Grand Prix,20,MAG,Haas F1 Team,75.939,,
2732,2020,13,Emilia Romagna Grand Prix,7,RAI,Alfa Romeo Racing,75.953,,
2733,2020,13,Emilia Romagna Grand Prix,6,LAT,Williams,75.987,,
2734,2020,13,Emilia Romagna Grand Prix,99,GIO,Alfa Romeo Racing,76.208,,
2735,2020,14,Turkish Grand Prix,18,STR,Racing Point,127.467,113.372,107.765
2736,2020,14,Turkish Grand Prix,33,VER,Red Bull Racing,117.485,110.293,108.055
2737,2020,14,Turkish Grand Prix,11,PER,Racing Point,127.614,114.097,109.321
2738,2020,14,Turkish Grand Prix,23,ALB,Red Bull Racing,119.431,112.282,110.448
2739,2020,14,Turkish Grand Prix,3,RIC,Renault,125.598,114.278,111.595
2740,2020,14,Turkish Grand Prix,44,HAM,Mercedes,127.599,112.709,112.56
2741,2020,14,Turkish Grand Prix,31,OCO,Renault,126.115,113.657,112.622
2742,2020,14,Turkish Grand Prix,7,RAI,Alfa Romeo Racing,121.249,113.793,112.745
2743,2020,14,Turkish Grand Prix,77,BOT,Mercedes,127.001,113.767,113.258
2744,2020,14,Turkish Grand Prix,99,GIO,Alfa Romeo Racing,127.341,113.431,117.226
2745,2020,14,Turkish Grand Prix,4,NOR,McLaren,127.167,114.945,
2746,2020,14,Turkish Grand Prix,5,VET,Ferrari,123.356,115.169,
2747,2020,14,Turkish Grand Prix,55,SAI,McLaren,127.489,115.41,
2748,2020,14,Turkish Grand Prix,16,LEC,Ferrari,124.464,116.696,
2749,2020,14,Turkish Grand Prix,10,GAS,AlphaTauri,125.579,118.556,
2750,2020,14,Turkish Grand Prix,20,MAG,Haas F1 Team,128.007,,
2751,2020,14,Turkish Grand Prix,26,KVY,AlphaTauri,129.07,,
2752,2020,14,Turkish Grand Prix,63,RUS,Williams,130.017,,
2753,2020,14,Turkish Grand Prix,8,GRO,Haas F1 Team,132.909,,
2754,2020,14,Turkish Grand Prix,6,LAT,Williams,141.611,,
2755,2020,15,Bahrain Grand Prix,44,HAM,Mercedes,88.343,87.586,87.264
2756,2020,15,Bahrain Grand Prix,77,BOT,Mercedes,88.767,88.063,87.553
2757,2020,15,Bahrain Grand Prix,33,VER,Red Bull Racing,88.885,88.025,87.678
2758,2020,15,Bahrain Grand Prix,23,ALB,Red Bull Racing,88.732,88.749,88.274
2759,2020,15,Bahrain Grand Prix,11,PER,Racing Point,89.178,88.894,88.322
2760,2020,15,Bahrain Grand Prix,3,RIC,Renault,89.005,88.648,88.417
2761,2020,15,Bahrain Grand Prix,31,OCO,Renault,89.203,88.937,88.419
2762,2020,15,Bahrain Grand Prix,10,GAS,AlphaTauri,88.971,89.008,88.448
2763,2020,15,Bahrain Grand Prix,4,NOR,McLaren,89.464,88.877,88.542
2764,2020,15,Bahrain Grand Prix,26,KVY,AlphaTauri,89.158,88.944,88.618
2765,2020,15,Bahrain Grand Prix,5,VET,Ferrari,89.142,89.149,
2766,2020,15,Bahrain Grand Prix,16,LEC,Ferrari,89.137,89.165,
2767,2020,15,Bahrain Grand Prix,18,STR,Racing Point,88.679,89.557,
2768,2020,15,Bahrain Grand Prix,63,RUS,Williams,89.294,91.218,
2769,2020,15,Bahrain Grand Prix,55,SAI,McLaren,88.975,,
2770,2020,15,Bahrain Grand Prix,99,GIO,Alfa Romeo Racing,89.491,,
2771,2020,15,Bahrain Grand Prix,7,RAI,Alfa Romeo Racing,89.81,,
2772,2020,15,Bahrain Grand Prix,20,MAG,Haas F1 Team,90.111,,
2773,2020,15,Bahrain Grand Prix,8,GRO,Haas F1 Team,90.138,,
2774,2020,15,Bahrain Grand Prix,6,LAT,Williams,90.182,,
2775,2020,16,Sakhir Grand Prix,77,BOT,Mercedes,53.904,53.803,53.377
2776,2020,16,Sakhir Grand Prix,63,RUS,Mercedes,54.16,53.819,53.403
2777,2020,16,Sakhir Grand Prix,33,VER,Red Bull Racing,54.037,53.647,53.433
2778,2020,16,Sakhir Grand Prix,16,LEC,Ferrari,54.249,53.825,53.613
2779,2020,16,Sakhir Grand Prix,11,PER,Racing Point,54.236,53.787,53.79
2780,2020,16,Sakhir Grand Prix,26,KVY,AlphaTauri,54.346,53.856,53.906
2781,2020,16,Sakhir Grand Prix,3,RIC,Renault,54.388,53.871,53.957
2782,2020,16,Sakhir Grand Prix,55,SAI,McLaren,54.45,53.818,54.01
2783,2020,16,Sakhir Grand Prix,10,GAS,AlphaTauri,54.207,53.941,54.154
2784,2020,16,Sakhir Grand Prix,18,STR,Racing Point,54.595,53.84,54.2
2785,2020,16,Sakhir Grand Prix,31,OCO,Renault,54.309,53.995,
2786,2020,16,Sakhir Grand Prix,23,ALB,Red Bull Racing,54.62,54.026,
2787,2020,16,Sakhir Grand Prix,5,VET,Ferrari,54.301,54.175,
2788,2020,16,Sakhir Grand Prix,99,GIO,Alfa Romeo Racing,54.523,54.377,
2789,2020,16,Sakhir Grand Prix,4,NOR,McLaren,54.194,54.693,
2790,2020,16,Sakhir Grand Prix,20,MAG,Haas F1 Team,54.705,,
2791,2020,16,Sakhir Grand Prix,6,LAT,Williams,54.796,,
2792,2020,16,Sakhir Grand Prix,89,AIT,Williams,54.892,,
2793,2020,16,Sakhir Grand Prix,7,RAI,Alfa Romeo Racing,54.963,,
2794,2020,16,Sakhir Grand Prix,51,FIT,Haas F1 Team,55.426,,
2795,2020,17,Abu Dhabi Grand Prix,33,VER,Red Bull Racing,95.993,95.641,95.246
2796,2020,17,Abu Dhabi Grand Prix,77,BOT,Mercedes,95.699,95.527,95.271
2797,2020,17,Abu Dhabi Grand Prix,44,HAM,Mercedes,95.528,95.466,95.332
2798,2020,17,Abu Dhabi Grand Prix,4,NOR,McLaren,96.016,95.849,95.497
2799,2020,17,Abu Dhabi Grand Prix,23,ALB,Red Bull Racing,96.106,95.654,95.571
2800,2020,17,Abu Dhabi Grand Prix,55,SAI,McLaren,96.517,96.192,95.815
2801,2020,17,Abu Dhabi Grand Prix,26,KVY,AlphaTauri,96.459,96.214,95.963
2802,2020,17,Abu Dhabi Grand Prix,18,STR,Racing Point,96.502,96.143,96.046
2803,2020,17,Abu Dhabi Grand Prix,16,LEC,Ferrari,95.881,95.932,96.065
2804,2020,17,Abu Dhabi Grand Prix,10,GAS,AlphaTauri,96.545,96.282,96.242
2805,2020,17,Abu Dhabi Grand Prix,31,OCO,Renault,96.783,96.359,
2806,2020,17,Abu Dhabi Grand Prix,3,RIC,Renault,96.704,96.406,
2807,2020,17,Abu Dhabi Grand Prix,5,VET,Ferrari,96.655,96.631,
2808,2020,17,Abu Dhabi Grand Prix,99,GIO,Alfa Romeo Racing,97.075,98.248,
2809,2020,17,Abu Dhabi Grand Prix,11,PER,Racing Point,96.034,,
2810,2020,17,Abu Dhabi Grand Prix,7,RAI,Alfa Romeo Racing,97.555,,
2811,2020,17,Abu Dhabi Grand Prix,20,MAG,Haas F1 Team,97.863,,
2812,2020,17,Abu Dhabi Grand Prix,63,RUS,Williams,98.045,,
2813,2020,17,Abu Dhabi Grand Prix,51,FIT,Haas F1 Team,98.173,,
2814,2020,17,Abu Dhabi Grand Prix,6,LAT,Williams,98.443,,
2815,2021,1,Bahrain Grand Prix,33,VER,Red Bull Racing,90.499,90.318,88.997
2816,2021,1,Bahrain Grand Prix,44,HAM,Mercedes,90.617,90.085,89.385
2817,2021,1,Bahrain Grand Prix,77,BOT,Mercedes,91.2,90.186,89.586
2818,2021,1,Bahrain Grand Prix,16,LEC,Ferrari,90.691,90.01,89.678
2819,2021,1,Bahrain Grand Prix,10,GAS,AlphaTauri,90.848,90.513,89.809
2820,2021,1,Bahrain Grand Prix,3,RIC,McLaren,90.795,90.222,89.927
2821,2021,1,Bahrain Grand Prix,4,NOR,McLaren,90.902,90.099,89.974
2822,2021,1,Bahrain Grand Prix,55,SAI,Ferrari,91.653,90.009,90.215
2823,2021,1,Bahrain Grand Prix,14,ALO,Alpine,90.863,90.595,90.249
2824,2021,1,Bahrain Grand Prix,18,STR,Aston Martin,91.261,90.624,90.601
2825,2021,1,Bahrain Grand Prix,11,PER,Red Bull Racing,91.165,90.659,
2826,2021,1,Bahrain Grand Prix,99,GIO,Alfa Romeo Racing,90.998,90.708,
2827,2021,1,Bahrain Grand Prix,22,TSU,AlphaTauri,90.607,91.203,
2828,2021,1,Bahrain Grand Prix,7,RAI,Alfa Romeo Racing,91.547,91.238,
2829,2021,1,Bahrain Grand Prix,63,RUS,Williams,91.316,93.43,
2830,2021,1,Bahrain Grand Prix,31,OCO,Alpine,91.724,,
2831,2021,1,Bahrain Grand Prix,6,LAT,Williams,91.936,,
2832,2021,1,Bahrain Grand Prix,5,VET,Aston Martin,92.056,,
2833,2021,1,Bahrain Grand Prix,47,MSC,Haas F1 Team,92.449,,
2834,2021,1,Bahrain Grand Prix,9,MAZ,Haas F1 Team,93.273,,
2835,2021,2,Emilia Romagna Grand Prix,44,HAM,Mercedes,74.823,74.817,74.411
2836,2021,2,Emilia Romagna Grand Prix,11,PER,Red Bull Racing,75.395,74.716,74.446
2837,2021,2,Emilia Romagna Grand Prix,33,VER,Red Bull Racing,75.109,74.884,74.498
2838,2021,2,Emilia Romagna Grand Prix,16,LEC,Ferrari,75.413,74.808,74.74
2839,2021,2,Emilia Romagna Grand Prix,10,GAS,AlphaTauri,75.548,74.927,74.79
2840,2021,2,Emilia Romagna Grand Prix,3,RIC,McLaren,75.669,75.033,74.826
2841,2021,2,Emilia Romagna Grand Prix,4,NOR,McLaren,75.009,74.718,74.875
2842,2021,2,Emilia Romagna Grand Prix,77,BOT,Mercedes,74.672,74.905,74.898
2843,2021,2,Emilia Romagna Grand Prix,31,OCO,Alpine,75.385,75.117,75.21
2844,2021,2,Emilia Romagna Grand Prix,18,STR,Aston Martin,75.522,75.138,
2845,2021,2,Emilia Romagna Grand Prix,55,SAI,Ferrari,75.406,75.199,
2846,2021,2,Emilia Romagna Grand Prix,63,RUS,Williams,75.826,75.261,
2847,2021,2,Emilia Romagna Grand Prix,5,VET,Aston Martin,75.459,75.394,
2848,2021,2,Emilia Romagna Grand Prix,6,LAT,Williams,75.653,75.593,
2849,2021,2,Emilia Romagna Grand Prix,14,ALO,Alpine,75.832,75.593,
2850,2021,2,Emilia Romagna Grand Prix,7,RAI,Alfa Romeo Racing,75.974,,
2851,2021,2,Emilia Romagna Grand Prix,99,GIO,Alfa Romeo Racing,76.122,,
2852,2021,2,Emilia Romagna Grand Prix,47,MSC,Haas F1 Team,76.279,,
2853,2021,2,Emilia Romagna Grand Prix,9,MAZ,Haas F1 Team,76.797,,
2854,2021,2,Emilia Romagna Grand Prix,22,TSU,AlphaTauri,,,
2855,2021,3,Portuguese Grand Prix,77,BOT,Mercedes,78.722,78.458,78.348
2856,2021,3,Portuguese Grand Prix,44,HAM,Mercedes,78.857,77.968,78.355
2857,2021,3,Portuguese Grand Prix,33,VER,Red Bull Racing,79.485,78.65,78.746
2858,2021,3,Portuguese Grand Prix,11,PER,Red Bull Racing,79.337,78.845,78.89
2859,2021,3,Portuguese Grand Prix,55,SAI,Ferrari,79.309,78.813,79.039
2860,2021,3,Portuguese Grand Prix,31,OCO,Alpine,79.092,78.586,79.042
2861,2021,3,Portuguese Grand Prix,4,NOR,McLaren,78.794,78.481,79.116
2862,2021,3,Portuguese Grand Prix,16,LEC,Ferrari,79.373,78.769,79.306
2863,2021,3,Portuguese Grand Prix,10,GAS,AlphaTauri,79.464,79.052,79.475
2864,2021,3,Portuguese Grand Prix,5,VET,Aston Martin,79.403,78.97,79.659
2865,2021,3,Portuguese Grand Prix,63,RUS,Williams,79.797,79.109,
2866,2021,3,Portuguese Grand Prix,99,GIO,Alfa Romeo Racing,79.41,79.216,
2867,2021,3,Portuguese Grand Prix,14,ALO,Alpine,79.728,79.456,
2868,2021,3,Portuguese Grand Prix,22,TSU,AlphaTauri,79.684,79.463,
2869,2021,3,Portuguese Grand Prix,7,RAI,Alfa Romeo Racing,79.748,79.812,
2870,2021,3,Portuguese Grand Prix,3,RIC,McLaren,79.839,,
2871,2021,3,Portuguese Grand Prix,18,STR,Aston Martin,79.913,,
2872,2021,3,Portuguese Grand Prix,6,LAT,Williams,80.285,,
2873,2021,3,Portuguese Grand Prix,47,MSC,Haas F1 Team,80.452,,
2874,2021,3,Portuguese Grand Prix,9,MAZ,Haas F1 Team,80.912,,
2875,2021,4,Spanish Grand Prix,44,HAM,Mercedes,78.245,77.166,76.741
2876,2021,4,Spanish Grand Prix,33,VER,Red Bull Racing,78.09,76.922,76.777
2877,2021,4,Spanish Grand Prix,77,BOT,Mercedes,78.005,77.142,76.873
2878,2021,4,Spanish Grand Prix,16,LEC,Ferrari,78.041,77.717,77.51
2879,2021,4,Spanish Grand Prix,31,OCO,Alpine,78.281,77.743,77.58
2880,2021,4,Spanish Grand Prix,55,SAI,Ferrari,78.205,77.656,77.62
2881,2021,4,Spanish Grand Prix,3,RIC,McLaren,78.264,77.719,77.622
2882,2021,4,Spanish Grand Prix,11,PER,Red Bull Racing,78.203,77.669,77.701
2883,2021,4,Spanish Grand Prix,4,NOR,McLaren,77.821,77.696,78.01
2884,2021,4,Spanish Grand Prix,14,ALO,Alpine,78.281,77.966,78.147
2885,2021,4,Spanish Grand Prix,18,STR,Aston Martin,78.241,77.974,
2886,2021,4,Spanish Grand Prix,10,GAS,AlphaTauri,78.19,77.982,
2887,2021,4,Spanish Grand Prix,5,VET,Aston Martin,78.289,78.079,
2888,2021,4,Spanish Grand Prix,99,GIO,Alfa Romeo Racing,78.549,78.356,
2889,2021,4,Spanish Grand Prix,63,RUS,Williams,78.445,79.154,
2890,2021,4,Spanish Grand Prix,22,TSU,AlphaTauri,78.556,,
2891,2021,4,Spanish Grand Prix,7,RAI,Alfa Romeo Racing,78.917,,
2892,2021,4,Spanish Grand Prix,47,MSC,Haas F1 Team,79.117,,
2893,2021,4,Spanish Grand Prix,6,LAT,Williams,79.219,,
2894,2021,4,Spanish Grand Prix,9,MAZ,Haas F1 Team,79.807,,
2895,2021,5,Monaco Grand Prix,16,LEC,Ferrari,71.113,70.597,70.346
2896,2021,5,Monaco Grand Prix,33,VER,Red Bull Racing,71.124,70.65,70.576
2897,2021,5,Monaco Grand Prix,77,BOT,Mercedes,70.938,70.695,70.601
2898,2021,5,Monaco Grand Prix,55,SAI,Ferrari,71.324,70.806,70.611
2899,2021,5,Monaco Grand Prix,4,NOR,McLaren,71.321,71.031,70.62
2900,2021,5,Monaco Grand Prix,10,GAS,AlphaTauri,71.56,71.179,70.9
2901,2021,5,Monaco Grand Prix,44,HAM,Mercedes,71.622,71.116,71.095
2902,2021,5,Monaco Grand Prix,5,VET,Aston Martin,72.078,71.309,71.419
2903,2021,5,Monaco Grand Prix,11,PER,Red Bull Racing,71.644,71.019,71.573
2904,2021,5,Monaco Grand Prix,99,GIO,Alfa Romeo Racing,71.658,71.409,71.779
2905,2021,5,Monaco Grand Prix,31,OCO,Alpine,71.74,71.486,
2906,2021,5,Monaco Grand Prix,3,RIC,McLaren,71.747,71.598,
2907,2021,5,Monaco Grand Prix,18,STR,Aston Martin,71.979,71.6,
2908,2021,5,Monaco Grand Prix,7,RAI,Alfa Romeo Racing,71.899,71.642,
2909,2021,5,Monaco Grand Prix,63,RUS,Williams,72.016,71.83,
2910,2021,5,Monaco Grand Prix,22,TSU,AlphaTauri,72.096,,
2911,2021,5,Monaco Grand Prix,14,ALO,Alpine,72.205,,
2912,2021,5,Monaco Grand Prix,6,LAT,Williams,72.366,,
2913,2021,5,Monaco Grand Prix,9,MAZ,Haas F1 Team,72.958,,
2914,2021,5,Monaco Grand Prix,47,MSC,Haas F1 Team,,,
2915,2021,6,Azerbaijan Grand Prix,16,LEC,Ferrari,102.241,101.659,101.218
2916,2021,6,Azerbaijan Grand Prix,44,HAM,Mercedes,101.545,101.634,101.45
2917,2021,6,Azerbaijan Grand Prix,33,VER,Red Bull Racing,101.76,101.625,101.563
2918,2021,6,Azerbaijan Grand Prix,10,GAS,AlphaTauri,102.288,101.932,101.565
2919,2021,6,Azerbaijan Grand Prix,55,SAI,Ferrari,102.121,101.74,101.576
2920,2021,6,Azerbaijan Grand Prix,4,NOR,McLaren,102.167,101.813,101.747
2921,2021,6,Azerbaijan Grand Prix,11,PER,Red Bull Racing,101.968,101.63,101.917
2922,2021,6,Azerbaijan Grand Prix,22,TSU,AlphaTauri,102.521,101.654,102.211
2923,2021,6,Azerbaijan Grand Prix,14,ALO,Alpine,102.934,102.195,102.327
2924,2021,6,Azerbaijan Grand Prix,77,BOT,Mercedes,102.701,102.106,102.659
2925,2021,6,Azerbaijan Grand Prix,5,VET,Aston Martin,102.46,102.224,
2926,2021,6,Azerbaijan Grand Prix,31,OCO,Alpine,102.426,102.273,
2927,2021,6,Azerbaijan Grand Prix,3,RIC,McLaren,102.304,102.558,
2928,2021,6,Azerbaijan Grand Prix,7,RAI,Alfa Romeo Racing,102.923,102.587,
2929,2021,6,Azerbaijan Grand Prix,63,RUS,Williams,102.728,102.758,
2930,2021,6,Azerbaijan Grand Prix,6,LAT,Williams,103.128,,
2931,2021,6,Azerbaijan Grand Prix,47,MSC,Haas F1 Team,104.158,,
2932,2021,6,Azerbaijan Grand Prix,9,MAZ,Haas F1 Team,104.238,,
2933,2021,6,Azerbaijan Grand Prix,18,STR,Aston Martin,,,
2934,2021,6,Azerbaijan Grand Prix,99,GIO,Alfa Romeo Racing,,,
2935,2021,7,French Grand Prix,33,VER,Red Bull Racing,91.001,91.08,89.99
2936,2021,7,French Grand Prix,44,HAM,Mercedes,91.237,90.788,90.248
2937,2021,7,French Grand Prix,77,BOT,Mercedes,91.669,90.735,90.376
2938,2021,7,French Grand Prix,11,PER,Red Bull Racing,91.56,90.971,90.445
2939,2021,7,French Grand Prix,55,SAI,Ferrari,92.079,91.146,90.84
2940,2021,7,French Grand Prix,10,GAS,AlphaTauri,91.898,91.353,90.868
2941,2021,7,French Grand Prix,16,LEC,Ferrari,92.209,91.567,90.987
2942,2021,7,French Grand Prix,4,NOR,McLaren,91.733,91.542,91.252
2943,2021,7,French Grand Prix,14,ALO,Alpine,92.158,91.549,91.34
2944,2021,7,French Grand Prix,3,RIC,McLaren,92.181,91.615,91.382
2945,2021,7,French Grand Prix,31,OCO,Alpine,92.139,91.736,
2946,2021,7,French Grand Prix,5,VET,Aston Martin,92.132,91.767,
2947,2021,7,French Grand Prix,99,GIO,Alfa Romeo Racing,92.722,91.813,
2948,2021,7,French Grand Prix,63,RUS,Williams,93.06,92.065,
2949,2021,7,French Grand Prix,47,MSC,Haas F1 Team,92.942,,
2950,2021,7,French Grand Prix,6,LAT,Williams,93.062,,
2951,2021,7,French Grand Prix,7,RAI,Alfa Romeo Racing,93.354,,
2952,2021,7,French Grand Prix,9,MAZ,Haas F1 Team,93.554,,
2953,2021,7,French Grand Prix,18,STR,Aston Martin,,,
2954,2021,7,French Grand Prix,22,TSU,AlphaTauri,,,
2955,2021,8,Styrian Grand Prix,33,VER,Red Bull Racing,64.489,64.433,63.841
2956,2021,8,Styrian Grand Prix,77,BOT,Mercedes,64.537,64.443,64.035
2957,2021,8,Styrian Grand Prix,44,HAM,Mercedes,64.672,64.512,64.067
2958,2021,8,Styrian Grand Prix,4,NOR,McLaren,64.584,64.298,64.12
2959,2021,8,Styrian Grand Prix,11,PER,Red Bull Racing,64.638,64.197,64.168
2960,2021,8,Styrian Grand Prix,10,GAS,AlphaTauri,64.765,64.429,64.236
2961,2021,8,Styrian Grand Prix,16,LEC,Ferrari,64.745,64.646,64.472
2962,2021,8,Styrian Grand Prix,22,TSU,AlphaTauri,64.608,64.631,64.514
2963,2021,8,Styrian Grand Prix,14,ALO,Alpine,64.971,64.582,64.574
2964,2021,8,Styrian Grand Prix,18,STR,Aston Martin,64.821,64.663,64.708
2965,2021,8,Styrian Grand Prix,63,RUS,Williams,65.033,64.671,
2966,2021,8,Styrian Grand Prix,55,SAI,Ferrari,64.859,64.8,
2967,2021,8,Styrian Grand Prix,3,RIC,McLaren,65.142,64.808,
2968,2021,8,Styrian Grand Prix,5,VET,Aston Martin,65.051,64.875,
2969,2021,8,Styrian Grand Prix,99,GIO,Alfa Romeo Racing,65.092,64.913,
2970,2021,8,Styrian Grand Prix,6,LAT,Williams,65.175,,
2971,2021,8,Styrian Grand Prix,31,OCO,Alpine,65.217,,
2972,2021,8,Styrian Grand Prix,7,RAI,Alfa Romeo Racing,65.429,,
2973,2021,8,Styrian Grand Prix,47,MSC,Haas F1 Team,66.041,,
2974,2021,8,Styrian Grand Prix,9,MAZ,Haas F1 Team,66.192,,
2975,2021,9,Austrian Grand Prix,33,VER,Red Bull Racing,64.249,63.927,63.72
2976,2021,9,Austrian Grand Prix,4,NOR,McLaren,64.345,64.415,63.768
2977,2021,9,Austrian Grand Prix,11,PER,Red Bull Racing,64.833,64.483,63.99
2978,2021,9,Austrian Grand Prix,44,HAM,Mercedes,64.506,64.258,64.014
2979,2021,9,Austrian Grand Prix,77,BOT,Mercedes,64.563,64.376,64.049
2980,2021,9,Austrian Grand Prix,10,GAS,AlphaTauri,64.841,64.412,64.107
2981,2021,9,Austrian Grand Prix,22,TSU,AlphaTauri,64.967,64.518,64.273
2982,2021,9,Austrian Grand Prix,5,VET,Aston Martin,64.846,64.493,64.57
2983,2021,9,Austrian Grand Prix,63,RUS,Williams,64.907,64.553,64.591
2984,2021,9,Austrian Grand Prix,18,STR,Aston Martin,64.927,64.547,64.618
2985,2021,9,Austrian Grand Prix,55,SAI,Ferrari,64.596,64.559,
2986,2021,9,Austrian Grand Prix,16,LEC,Ferrari,64.906,64.6,
2987,2021,9,Austrian Grand Prix,3,RIC,McLaren,64.977,64.719,
2988,2021,9,Austrian Grand Prix,14,ALO,Alpine,64.472,64.856,
2989,2021,9,Austrian Grand Prix,99,GIO,Alfa Romeo Racing,64.782,65.083,
2990,2021,9,Austrian Grand Prix,7,RAI,Alfa Romeo Racing,65.009,,
2991,2021,9,Austrian Grand Prix,31,OCO,Alpine,65.051,,
2992,2021,9,Austrian Grand Prix,6,LAT,Williams,65.195,,
2993,2021,9,Austrian Grand Prix,47,MSC,Haas F1 Team,65.427,,
2994,2021,9,Austrian Grand Prix,9,MAZ,Haas F1 Team,65.951,,
2995,2021,10,British Grand Prix,44,HAM,Mercedes,86.786,86.023,86.134
2996,2021,10,British Grand Prix,33,VER,Red Bull Racing,86.751,86.315,86.209
2997,2021,10,British Grand Prix,77,BOT,Mercedes,87.487,86.764,86.328
2998,2021,10,British Grand Prix,16,LEC,Ferrari,87.051,86.919,86.828
2999,2021,10,British Grand Prix,11,PER,Red Bull Racing,87.121,87.073,86.844
3000,2021,10,British Grand Prix,4,NOR,McLaren,87.444,87.22,86.897
3001,2021,10,British Grand Prix,3,RIC,McLaren,87.323,87.125,86.899
3002,2021,10,British Grand Prix,63,RUS,Williams,87.671,87.08,86.971
3003,2021,10,British Grand Prix,55,SAI,Ferrari,87.337,86.848,87.007
3004,2021,10,British Grand Prix,5,VET,Aston Martin,87.493,87.103,87.179
3005,2021,10,British Grand Prix,14,ALO,Alpine,87.58,87.245,
3006,2021,10,British Grand Prix,10,GAS,AlphaTauri,87.6,87.273,
3007,2021,10,British Grand Prix,31,OCO,Alpine,87.415,87.34,
3008,2021,10,British Grand Prix,99,GIO,Alfa Romeo Racing,87.595,87.617,
3009,2021,10,British Grand Prix,18,STR,Aston Martin,88.017,87.665,
3010,2021,10,British Grand Prix,22,TSU,AlphaTauri,88.043,,
3011,2021,10,British Grand Prix,7,RAI,Alfa Romeo Racing,88.062,,
3012,2021,10,British Grand Prix,6,LAT,Williams,88.254,,
3013,2021,10,British Grand Prix,47,MSC,Haas F1 Team,88.738,,
3014,2021,10,British Grand Prix,9,MAZ,Haas F1 Team,89.051,,
3015,2021,11,Hungarian Grand Prix,44,HAM,Mercedes,76.424,76.553,75.419
3016,2021,11,Hungarian Grand Prix,77,BOT,Mercedes,76.569,76.702,75.734
3017,2021,11,Hungarian Grand Prix,33,VER,Red Bull Racing,76.214,75.65,75.84
3018,2021,11,Hungarian Grand Prix,11,PER,Red Bull Racing,77.233,76.443,76.421
3019,2021,11,Hungarian Grand Prix,10,GAS,AlphaTauri,76.874,76.394,76.483
3020,2021,11,Hungarian Grand Prix,4,NOR,McLaren,77.081,76.385,76.489
3021,2021,11,Hungarian Grand Prix,16,LEC,Ferrari,77.084,76.574,76.496
3022,2021,11,Hungarian Grand Prix,31,OCO,Alpine,77.367,76.766,76.653
3023,2021,11,Hungarian Grand Prix,14,ALO,Alpine,77.123,76.541,76.715
3024,2021,11,Hungarian Grand Prix,5,VET,Aston Martin,77.105,76.794,76.75
3025,2021,11,Hungarian Grand Prix,3,RIC,McLaren,77.664,76.871,
3026,2021,11,Hungarian Grand Prix,18,STR,Aston Martin,77.038,76.893,
3027,2021,11,Hungarian Grand Prix,7,RAI,Alfa Romeo Racing,77.553,77.564,
3028,2021,11,Hungarian Grand Prix,99,GIO,Alfa Romeo Racing,77.776,77.583,
3029,2021,11,Hungarian Grand Prix,55,SAI,Ferrari,76.649,,
3030,2021,11,Hungarian Grand Prix,22,TSU,AlphaTauri,77.919,,
3031,2021,11,Hungarian Grand Prix,63,RUS,Williams,77.944,,
3032,2021,11,Hungarian Grand Prix,6,LAT,Williams,78.036,,
3033,2021,11,Hungarian Grand Prix,9,MAZ,Haas F1 Team,78.922,,
3034,2021,11,Hungarian Grand Prix,47,MSC,Haas F1 Team,,,
3035,2021,12,Belgian Grand Prix,33,VER,Red Bull Racing,118.717,116.559,119.765
3036,2021,12,Belgian Grand Prix,63,RUS,Williams,119.864,116.95,120.086
3037,2021,12,Belgian Grand Prix,44,HAM,Mercedes,119.218,116.229,120.099
3038,2021,12,Belgian Grand Prix,3,RIC,McLaren,121.583,117.127,120.864
3039,2021,12,Belgian Grand Prix,5,VET,Aston Martin,120.175,116.814,120.935
3040,2021,12,Belgian Grand Prix,10,GAS,AlphaTauri,120.387,116.44,121.164
3041,2021,12,Belgian Grand Prix,11,PER,Red Bull Racing,119.334,116.886,122.112
3042,2021,12,Belgian Grand Prix,77,BOT,Mercedes,119.87,116.295,122.502
3043,2021,12,Belgian Grand Prix,31,OCO,Alpine,121.824,117.354,123.513
3044,2021,12,Belgian Grand Prix,4,NOR,McLaren,118.301,116.025,
3045,2021,12,Belgian Grand Prix,16,LEC,Ferrari,120.728,117.721,
3046,2021,12,Belgian Grand Prix,6,LAT,Williams,120.966,118.056,
3047,2021,12,Belgian Grand Prix,55,SAI,Ferrari,121.184,118.137,
3048,2021,12,Belgian Grand Prix,14,ALO,Alpine,121.653,118.205,
3049,2021,12,Belgian Grand Prix,18,STR,Aston Martin,121.597,118.231,
3050,2021,12,Belgian Grand Prix,99,GIO,Alfa Romeo Racing,122.306,,
3051,2021,12,Belgian Grand Prix,22,TSU,AlphaTauri,122.413,,
3052,2021,12,Belgian Grand Prix,47,MSC,Haas F1 Team,123.973,,
3053,2021,12,Belgian Grand Prix,7,RAI,Alfa Romeo Racing,124.452,,
3054,2021,12,Belgian Grand Prix,9,MAZ,Haas F1 Team,124.939,,
3055,2021,13,Dutch Grand Prix,33,VER,Red Bull Racing,70.036,69.071,68.885
3056,2021,13,Dutch Grand Prix,44,HAM,Mercedes,70.114,69.726,68.923
3057,2021,13,Dutch Grand Prix,77,BOT,Mercedes,70.219,69.769,69.222
3058,2021,13,Dutch Grand Prix,10,GAS,AlphaTauri,70.274,69.541,69.478
3059,2021,13,Dutch Grand Prix,16,LEC,Ferrari,69.829,69.437,69.527
3060,2021,13,Dutch Grand Prix,55,SAI,Ferrari,70.022,69.87,69.537
3061,2021,13,Dutch Grand Prix,99,GIO,Alfa Romeo Racing,70.05,70.033,69.59
3062,2021,13,Dutch Grand Prix,31,OCO,Alpine,70.179,69.919,69.933
3063,2021,13,Dutch Grand Prix,14,ALO,Alpine,70.435,70.02,69.956
3064,2021,13,Dutch Grand Prix,3,RIC,McLaren,70.255,69.865,70.166
3065,2021,13,Dutch Grand Prix,63,RUS,Williams,70.382,70.332,
3066,2021,13,Dutch Grand Prix,18,STR,Aston Martin,70.438,70.367,
3067,2021,13,Dutch Grand Prix,4,NOR,McLaren,70.489,70.406,
3068,2021,13,Dutch Grand Prix,6,LAT,Williams,70.093,71.161,
3069,2021,13,Dutch Grand Prix,22,TSU,AlphaTauri,70.462,71.314,
3070,2021,13,Dutch Grand Prix,11,PER,Red Bull Racing,70.53,,
3071,2021,13,Dutch Grand Prix,5,VET,Aston Martin,70.731,,
3072,2021,13,Dutch Grand Prix,88,KUB,Alfa Romeo Racing,71.301,,
3073,2021,13,Dutch Grand Prix,47,MSC,Haas F1 Team,71.387,,
3074,2021,13,Dutch Grand Prix,9,MAZ,Haas F1 Team,71.875,,
3075,2021,14,Italian Grand Prix,77,BOT,Mercedes,80.685,80.032,79.555
3076,2021,14,Italian Grand Prix,44,HAM,Mercedes,80.543,79.936,79.651
3077,2021,14,Italian Grand Prix,33,VER,Red Bull Racing,81.035,80.229,79.966
3078,2021,14,Italian Grand Prix,4,NOR,McLaren,80.916,80.059,79.989
3079,2021,14,Italian Grand Prix,3,RIC,McLaren,81.292,80.435,79.995
3080,2021,14,Italian Grand Prix,10,GAS,AlphaTauri,81.44,80.556,80.26
3081,2021,14,Italian Grand Prix,55,SAI,Ferrari,81.118,80.75,80.462
3082,2021,14,Italian Grand Prix,16,LEC,Ferrari,81.219,80.767,80.51
3083,2021,14,Italian Grand Prix,11,PER,Red Bull Racing,81.308,80.882,80.611
3084,2021,14,Italian Grand Prix,99,GIO,Alfa Romeo Racing,81.197,80.726,80.808
3085,2021,14,Italian Grand Prix,5,VET,Aston Martin,81.394,80.913,
3086,2021,14,Italian Grand Prix,18,STR,Aston Martin,81.415,81.02,
3087,2021,14,Italian Grand Prix,14,ALO,Alpine,81.487,81.069,
3088,2021,14,Italian Grand Prix,31,OCO,Alpine,81.5,81.103,
3089,2021,14,Italian Grand Prix,63,RUS,Williams,81.89,81.392,
3090,2021,14,Italian Grand Prix,6,LAT,Williams,81.925,,
3091,2021,14,Italian Grand Prix,22,TSU,AlphaTauri,81.973,,
3092,2021,14,Italian Grand Prix,47,MSC,Haas F1 Team,82.248,,
3093,2021,14,Italian Grand Prix,88,KUB,Alfa Romeo Racing,82.53,,
3094,2021,14,Italian Grand Prix,9,MAZ,Haas F1 Team,82.716,,
3095,2021,15,Russian Grand Prix,4,NOR,McLaren,107.238,105.827,101.993
3096,2021,15,Russian Grand Prix,55,SAI,Ferrari,107.924,106.521,102.51
3097,2021,15,Russian Grand Prix,63,RUS,Williams,108.303,106.435,102.983
3098,2021,15,Russian Grand Prix,44,HAM,Mercedes,105.992,105.129,104.05
3099,2021,15,Russian Grand Prix,3,RIC,McLaren,108.345,106.361,104.156
3100,2021,15,Russian Grand Prix,14,ALO,Alpine,107.877,105.514,104.204
3101,2021,15,Russian Grand Prix,77,BOT,Mercedes,106.396,105.306,104.71
3102,2021,15,Russian Grand Prix,18,STR,Aston Martin,108.322,106.36,104.956
3103,2021,15,Russian Grand Prix,11,PER,Red Bull Racing,106.455,105.834,105.337
3104,2021,15,Russian Grand Prix,31,OCO,Alpine,108.099,106.07,105.865
3105,2021,15,Russian Grand Prix,5,VET,Aston Martin,107.205,106.573,
3106,2021,15,Russian Grand Prix,10,GAS,AlphaTauri,107.828,106.641,
3107,2021,15,Russian Grand Prix,22,TSU,AlphaTauri,108.854,106.751,
3108,2021,15,Russian Grand Prix,6,LAT,Williams,108.252,,
3109,2021,15,Russian Grand Prix,16,LEC,Ferrari,108.47,,
3110,2021,15,Russian Grand Prix,7,RAI,Alfa Romeo Racing,109.586,,
3111,2021,15,Russian Grand Prix,47,MSC,Haas F1 Team,109.83,,
3112,2021,15,Russian Grand Prix,99,GIO,Alfa Romeo Racing,111.023,,
3113,2021,15,Russian Grand Prix,9,MAZ,Haas F1 Team,113.764,,
3114,2021,15,Russian Grand Prix,33,VER,Red Bull Racing,,,
3115,2021,16,Turkish Grand Prix,44,HAM,Mercedes,84.585,83.082,82.868
3116,2021,16,Turkish Grand Prix,77,BOT,Mercedes,85.047,83.579,82.998
3117,2021,16,Turkish Grand Prix,33,VER,Red Bull Racing,84.592,83.732,83.196
3118,2021,16,Turkish Grand Prix,16,LEC,Ferrari,84.869,84.015,83.265
3119,2021,16,Turkish Grand Prix,10,GAS,AlphaTauri,84.704,83.817,83.326
3120,2021,16,Turkish Grand Prix,14,ALO,Alpine,85.174,83.914,83.477
3121,2021,16,Turkish Grand Prix,11,PER,Red Bull Racing,84.963,83.961,83.706
3122,2021,16,Turkish Grand Prix,4,NOR,McLaren,85.138,84.642,83.954
3123,2021,16,Turkish Grand Prix,18,STR,Aston Martin,85.511,84.601,84.305
3124,2021,16,Turkish Grand Prix,22,TSU,AlphaTauri,85.409,84.054,84.368
3125,2021,16,Turkish Grand Prix,5,VET,Aston Martin,85.787,84.795,
3126,2021,16,Turkish Grand Prix,31,OCO,Alpine,85.422,84.842,
3127,2021,16,Turkish Grand Prix,63,RUS,Williams,85.417,85.007,
3128,2021,16,Turkish Grand Prix,47,MSC,Haas F1 Team,85.555,85.2,
3129,2021,16,Turkish Grand Prix,55,SAI,Ferrari,85.177,,
3130,2021,16,Turkish Grand Prix,3,RIC,McLaren,85.881,,
3131,2021,16,Turkish Grand Prix,6,LAT,Williams,86.086,,
3132,2021,16,Turkish Grand Prix,99,GIO,Alfa Romeo Racing,86.43,,
3133,2021,16,Turkish Grand Prix,7,RAI,Alfa Romeo Racing,87.525,,
3134,2021,16,Turkish Grand Prix,9,MAZ,Haas F1 Team,88.449,,
3135,2021,17,United States Grand Prix,33,VER,Red Bull Racing,94.352,93.464,92.91
3136,2021,17,United States Grand Prix,44,HAM,Mercedes,94.579,93.797,93.119
3137,2021,17,United States Grand Prix,11,PER,Red Bull Racing,94.369,94.178,93.134
3138,2021,17,United States Grand Prix,77,BOT,Mercedes,94.59,93.959,93.475
3139,2021,17,United States Grand Prix,16,LEC,Ferrari,94.153,93.928,93.606
3140,2021,17,United States Grand Prix,55,SAI,Ferrari,94.558,94.126,93.792
3141,2021,17,United States Grand Prix,3,RIC,McLaren,94.407,94.643,93.808
3142,2021,17,United States Grand Prix,4,NOR,McLaren,94.551,93.88,93.887
3143,2021,17,United States Grand Prix,10,GAS,AlphaTauri,94.567,94.583,94.118
3144,2021,17,United States Grand Prix,22,TSU,AlphaTauri,95.36,95.137,94.918
3145,2021,17,United States Grand Prix,31,OCO,Alpine,95.747,95.377,
3146,2021,17,United States Grand Prix,5,VET,Aston Martin,95.281,95.5,
3147,2021,17,United States Grand Prix,99,GIO,Alfa Romeo Racing,95.92,95.794,
3148,2021,17,United States Grand Prix,14,ALO,Alpine,95.756,104.549,
3149,2021,17,United States Grand Prix,63,RUS,Williams,95.746,,
3150,2021,17,United States Grand Prix,18,STR,Aston Martin,95.983,,
3151,2021,17,United States Grand Prix,6,LAT,Williams,95.995,,
3152,2021,17,United States Grand Prix,7,RAI,Alfa Romeo Racing,96.311,,
3153,2021,17,United States Grand Prix,47,MSC,Haas F1 Team,96.499,,
3154,2021,17,United States Grand Prix,9,MAZ,Haas F1 Team,96.796,,
3155,2021,18,Mexico City Grand Prix,77,BOT,Mercedes,76.727,76.864,75.875
3156,2021,18,Mexico City Grand Prix,44,HAM,Mercedes,77.207,76.474,76.02
3157,2021,18,Mexico City Grand Prix,33,VER,Red Bull Racing,76.788,76.483,76.225
3158,2021,18,Mexico City Grand Prix,11,PER,Red Bull Racing,77.003,77.055,76.342
3159,2021,18,Mexico City Grand Prix,10,GAS,AlphaTauri,76.908,76.955,76.456
3160,2021,18,Mexico City Grand Prix,55,SAI,Ferrari,77.517,77.248,76.761
3161,2021,18,Mexico City Grand Prix,3,RIC,McLaren,77.719,77.092,76.763
3162,2021,18,Mexico City Grand Prix,16,LEC,Ferrari,76.748,77.034,76.837
3163,2021,18,Mexico City Grand Prix,22,TSU,AlphaTauri,77.33,76.701,77.158
3164,2021,18,Mexico City Grand Prix,4,NOR,McLaren,77.569,77.473,96.83
3165,2021,18,Mexico City Grand Prix,5,VET,Aston Martin,77.502,77.746,
3166,2021,18,Mexico City Grand Prix,7,RAI,Alfa Romeo Racing,77.606,77.958,
3167,2021,18,Mexico City Grand Prix,63,RUS,Williams,77.958,78.172,
3168,2021,18,Mexico City Grand Prix,99,GIO,Alfa Romeo Racing,77.897,78.29,
3169,2021,18,Mexico City Grand Prix,31,OCO,Alpine,78.126,78.405,
3170,2021,18,Mexico City Grand Prix,14,ALO,Alpine,78.452,,
3171,2021,18,Mexico City Grand Prix,6,LAT,Williams,78.756,,
3172,2021,18,Mexico City Grand Prix,47,MSC,Haas F1 Team,78.858,,
3173,2021,18,Mexico City Grand Prix,9,MAZ,Haas F1 Team,79.303,,
3174,2021,18,Mexico City Grand Prix,18,STR,Aston Martin,80.873,,
3175,2021,19,São Paulo Grand Prix,44,HAM,Mercedes,68.733,68.068,67.934
3176,2021,19,São Paulo Grand Prix,33,VER,Red Bull Racing,69.329,68.499,68.372
3177,2021,19,São Paulo Grand Prix,77,BOT,Mercedes,69.04,68.426,68.469
3178,2021,19,São Paulo Grand Prix,11,PER,Red Bull Racing,69.172,68.973,68.483
3179,2021,19,São Paulo Grand Prix,10,GAS,AlphaTauri,69.347,68.903,68.777
3180,2021,19,São Paulo Grand Prix,55,SAI,Ferrari,69.046,69.031,68.826
3181,2021,19,São Paulo Grand Prix,16,LEC,Ferrari,69.155,68.859,68.96
3182,2021,19,São Paulo Grand Prix,4,NOR,McLaren,69.365,69.03,68.98
3183,2021,19,São Paulo Grand Prix,3,RIC,McLaren,69.374,69.093,69.039
3184,2021,19,São Paulo Grand Prix,14,ALO,Alpine,69.391,69.137,69.113
3185,2021,19,São Paulo Grand Prix,31,OCO,Alpine,69.43,69.189,
3186,2021,19,São Paulo Grand Prix,5,VET,Aston Martin,69.451,69.399,
3187,2021,19,São Paulo Grand Prix,22,TSU,AlphaTauri,69.35,69.483,
3188,2021,19,São Paulo Grand Prix,7,RAI,Alfa Romeo Racing,69.598,69.503,
3189,2021,19,São Paulo Grand Prix,99,GIO,Alfa Romeo Racing,69.342,70.227,
3190,2021,19,São Paulo Grand Prix,18,STR,Aston Martin,69.663,,
3191,2021,19,São Paulo Grand Prix,6,LAT,Williams,69.897,,
3192,2021,19,São Paulo Grand Prix,63,RUS,Williams,69.953,,
3193,2021,19,São Paulo Grand Prix,47,MSC,Haas F1 Team,70.329,,
3194,2021,19,São Paulo Grand Prix,9,MAZ,Haas F1 Team,70.589,,
3195,2021,20,Qatar Grand Prix,44,HAM,Mercedes,81.901,81.682,80.827
3196,2021,20,Qatar Grand Prix,33,VER,Red Bull Racing,81.996,81.984,81.282
3197,2021,20,Qatar Grand Prix,77,BOT,Mercedes,82.016,81.991,81.478
3198,2021,20,Qatar Grand Prix,10,GAS,AlphaTauri,82.535,81.728,81.64
3199,2021,20,Qatar Grand Prix,14,ALO,Alpine,82.422,81.894,81.67
3200,2021,20,Qatar Grand Prix,4,NOR,McLaren,82.839,82.216,81.731
3201,2021,20,Qatar Grand Prix,55,SAI,Ferrari,82.304,82.241,81.84
3202,2021,20,Qatar Grand Prix,22,TSU,AlphaTauri,82.458,82.058,81.881
3203,2021,20,Qatar Grand Prix,31,OCO,Alpine,82.565,82.012,82.028
3204,2021,20,Qatar Grand Prix,5,VET,Aston Martin,82.549,82.146,82.785
3205,2021,20,Qatar Grand Prix,11,PER,Red Bull Racing,82.398,82.346,
3206,2021,20,Qatar Grand Prix,18,STR,Aston Martin,82.551,82.46,
3207,2021,20,Qatar Grand Prix,16,LEC,Ferrari,82.742,82.463,
3208,2021,20,Qatar Grand Prix,3,RIC,McLaren,82.688,82.597,
3209,2021,20,Qatar Grand Prix,63,RUS,Williams,82.863,82.756,
3210,2021,20,Qatar Grand Prix,7,RAI,Alfa Romeo Racing,83.156,,
3211,2021,20,Qatar Grand Prix,6,LAT,Williams,83.213,,
3212,2021,20,Qatar Grand Prix,99,GIO,Alfa Romeo Racing,83.262,,
3213,2021,20,Qatar Grand Prix,47,MSC,Haas F1 Team,83.407,,
3214,2021,20,Qatar Grand Prix,9,MAZ,Haas F1 Team,85.859,,
3215,2021,21,Saudi Arabian Grand Prix,44,HAM,Mercedes,88.466,87.712,87.511
3216,2021,21,Saudi Arabian Grand Prix,77,BOT,Mercedes,88.057,88.054,87.622
3217,2021,21,Saudi Arabian Grand Prix,33,VER,Red Bull Racing,88.285,87.953,87.653
3218,2021,21,Saudi Arabian Grand Prix,16,LEC,Ferrari,88.31,88.459,88.054
3219,2021,21,Saudi Arabian Grand Prix,11,PER,Red Bull Racing,88.021,87.946,88.123
3220,2021,21,Saudi Arabian Grand Prix,10,GAS,AlphaTauri,88.401,88.314,88.125
3221,2021,21,Saudi Arabian Grand Prix,4,NOR,McLaren,88.338,88.344,88.18
3222,2021,21,Saudi Arabian Grand Prix,22,TSU,AlphaTauri,88.503,88.222,88.442
3223,2021,21,Saudi Arabian Grand Prix,31,OCO,Alpine,88.752,88.574,88.647
3224,2021,21,Saudi Arabian Grand Prix,99,GIO,Alfa Romeo Racing,88.899,88.616,88.754
3225,2021,21,Saudi Arabian Grand Prix,3,RIC,McLaren,88.216,88.668,
3226,2021,21,Saudi Arabian Grand Prix,7,RAI,Alfa Romeo Racing,88.856,88.885,
3227,2021,21,Saudi Arabian Grand Prix,14,ALO,Alpine,88.944,88.92,
3228,2021,21,Saudi Arabian Grand Prix,63,RUS,Williams,88.926,89.054,
3229,2021,21,Saudi Arabian Grand Prix,55,SAI,Ferrari,88.237,113.652,
3230,2021,21,Saudi Arabian Grand Prix,6,LAT,Williams,89.177,,
3231,2021,21,Saudi Arabian Grand Prix,5,VET,Aston Martin,89.198,,
3232,2021,21,Saudi Arabian Grand Prix,18,STR,Aston Martin,89.368,,
3233,2021,21,Saudi Arabian Grand Prix,47,MSC,Haas F1 Team,89.464,,
3234,2021,21,Saudi Arabian Grand Prix,9,MAZ,Haas F1 Team,90.473,,
3235,2021,22,Abu Dhabi Grand Prix,33,VER,Red Bull Racing,83.322,82.8,82.109
3236,2021,22,Abu Dhabi Grand Prix,44,HAM,Mercedes,82.845,83.145,82.48
3237,2021,22,Abu Dhabi Grand Prix,4,NOR,McLaren,83.553,83.256,82.931
3238,2021,22,Abu Dhabi Grand Prix,11,PER,Red Bull Racing,83.35,83.135,82.947
3239,2021,22,Abu Dhabi Grand Prix,55,SAI,Ferrari,83.624,83.174,82.992
3240,2021,22,Abu Dhabi Grand Prix,77,BOT,Mercedes,83.117,83.246,83.036
3241,2021,22,Abu Dhabi Grand Prix,16,LEC,Ferrari,83.467,83.202,83.122
3242,2021,22,Abu Dhabi Grand Prix,22,TSU,AlphaTauri,83.428,83.404,83.22
3243,2021,22,Abu Dhabi Grand Prix,31,OCO,Alpine,83.764,83.42,83.389
3244,2021,22,Abu Dhabi Grand Prix,3,RIC,McLaren,83.829,83.448,83.409
3245,2021,22,Abu Dhabi Grand Prix,14,ALO,Alpine,83.846,83.46,
3246,2021,22,Abu Dhabi Grand Prix,10,GAS,AlphaTauri,83.489,84.043,
3247,2021,22,Abu Dhabi Grand Prix,18,STR,Aston Martin,84.061,84.066,
3248,2021,22,Abu Dhabi Grand Prix,99,GIO,Alfa Romeo Racing,84.118,84.251,
3249,2021,22,Abu Dhabi Grand Prix,5,VET,Aston Martin,84.225,84.305,
3250,2021,22,Abu Dhabi Grand Prix,6,LAT,Williams,84.338,,
3251,2021,22,Abu Dhabi Grand Prix,63,RUS,Williams,84.423,,
3252,2021,22,Abu Dhabi Grand Prix,7,RAI,Alfa Romeo Racing,84.779,,
3253,2021,22,Abu Dhabi Grand Prix,47,MSC,Haas F1 Team,84.906,,
3254,2021,22,Abu Dhabi Grand Prix,9,MAZ,Haas F1 Team,85.685,,
3255,2022,1,Bahrain Grand Prix,16,LEC,Ferrari,91.471,90.932,90.558
3256,2022,1,Bahrain Grand Prix,1,VER,Red Bull Racing,91.785,90.757,90.681
3257,2022,1,Bahrain Grand Prix,55,SAI,Ferrari,91.567,90.787,90.687
3258,2022,1,Bahrain Grand Prix,11,PER,Red Bull Racing,92.311,91.008,90.921
3259,2022,1,Bahrain Grand Prix,44,HAM,Mercedes,92.285,91.048,91.238
3260,2022,1,Bahrain Grand Prix,77,BOT,Alfa Romeo,91.919,91.717,91.56
3261,2022,1,Bahrain Grand Prix,20,MAG,Haas F1 Team,91.955,91.461,91.808
3262,2022,1,Bahrain Grand Prix,14,ALO,Alpine,92.346,91.621,92.195
3263,2022,1,Bahrain Grand Prix,63,RUS,Mercedes,92.269,91.252,92.216
3264,2022,1,Bahrain Grand Prix,10,GAS,AlphaTauri,92.096,91.635,92.338
3265,2022,1,Bahrain Grand Prix,31,OCO,Alpine,92.041,91.782,
3266,2022,1,Bahrain Grand Prix,47,MSC,Haas F1 Team,92.38,91.998,
3267,2022,1,Bahrain Grand Prix,4,NOR,McLaren,92.239,92.008,
3268,2022,1,Bahrain Grand Prix,23,ALB,Williams,92.726,92.664,
3269,2022,1,Bahrain Grand Prix,24,ZHO,Alfa Romeo,92.493,93.543,
3270,2022,1,Bahrain Grand Prix,22,TSU,AlphaTauri,92.75,,
3271,2022,1,Bahrain Grand Prix,27,HUL,Aston Martin,92.777,,
3272,2022,1,Bahrain Grand Prix,3,RIC,McLaren,92.945,,
3273,2022,1,Bahrain Grand Prix,18,STR,Aston Martin,93.032,,
3274,2022,1,Bahrain Grand Prix,6,LAT,Williams,93.634,,
3275,2022,2,Saudi Arabian Grand Prix,11,PER,Red Bull Racing,89.705,88.924,88.2
3276,2022,2,Saudi Arabian Grand Prix,16,LEC,Ferrari,89.039,88.78,88.225
3277,2022,2,Saudi Arabian Grand Prix,55,SAI,Ferrari,88.855,88.686,88.402
3278,2022,2,Saudi Arabian Grand Prix,1,VER,Red Bull Racing,88.928,88.945,88.461
3279,2022,2,Saudi Arabian Grand Prix,31,OCO,Alpine,90.093,89.584,89.068
3280,2022,2,Saudi Arabian Grand Prix,63,RUS,Mercedes,89.68,89.618,89.104
3281,2022,2,Saudi Arabian Grand Prix,14,ALO,Alpine,89.978,89.295,89.147
3282,2022,2,Saudi Arabian Grand Prix,77,BOT,Alfa Romeo,89.683,89.404,89.183
3283,2022,2,Saudi Arabian Grand Prix,10,GAS,AlphaTauri,89.891,89.418,89.254
3284,2022,2,Saudi Arabian Grand Prix,20,MAG,Haas F1 Team,89.831,89.546,89.588
3285,2022,2,Saudi Arabian Grand Prix,4,NOR,McLaren,89.957,89.651,
3286,2022,2,Saudi Arabian Grand Prix,3,RIC,McLaren,90.009,89.773,
3287,2022,2,Saudi Arabian Grand Prix,24,ZHO,Alfa Romeo,89.978,89.819,
3288,2022,2,Saudi Arabian Grand Prix,47,MSC,Haas F1 Team,90.167,89.92,
3289,2022,2,Saudi Arabian Grand Prix,18,STR,Aston Martin,90.256,91.009,
3290,2022,2,Saudi Arabian Grand Prix,44,HAM,Mercedes,90.343,,
3291,2022,2,Saudi Arabian Grand Prix,23,ALB,Williams,90.492,,
3292,2022,2,Saudi Arabian Grand Prix,27,HUL,Aston Martin,90.543,,
3293,2022,2,Saudi Arabian Grand Prix,6,LAT,Williams,91.817,,
3294,2022,2,Saudi Arabian Grand Prix,22,TSU,AlphaTauri,,,
3295,2022,3,Australian Grand Prix,16,LEC,Ferrari,78.881,78.606,77.868
3296,2022,3,Australian Grand Prix,1,VER,Red Bull Racing,78.58,78.611,78.154
3297,2022,3,Australian Grand Prix,11,PER,Red Bull Racing,78.834,78.34,78.24
3298,2022,3,Australian Grand Prix,4,NOR,McLaren,79.28,79.066,78.703
3299,2022,3,Australian Grand Prix,44,HAM,Mercedes,79.401,79.106,78.825
3300,2022,3,Australian Grand Prix,63,RUS,Mercedes,79.405,79.076,78.933
3301,2022,3,Australian Grand Prix,3,RIC,McLaren,79.665,79.13,79.032
3302,2022,3,Australian Grand Prix,31,OCO,Alpine,79.605,79.136,79.061
3303,2022,3,Australian Grand Prix,55,SAI,Ferrari,78.983,78.469,79.408
3304,2022,3,Australian Grand Prix,14,ALO,Alpine,79.192,78.815,
3305,2022,3,Australian Grand Prix,10,GAS,AlphaTauri,79.58,79.226,
3306,2022,3,Australian Grand Prix,77,BOT,Alfa Romeo,79.251,79.41,
3307,2022,3,Australian Grand Prix,22,TSU,AlphaTauri,79.742,79.424,
3308,2022,3,Australian Grand Prix,24,ZHO,Alfa Romeo,79.91,80.155,
3309,2022,3,Australian Grand Prix,47,MSC,Haas F1 Team,80.104,80.465,
3310,2022,3,Australian Grand Prix,23,ALB,Williams,80.135,,
3311,2022,3,Australian Grand Prix,20,MAG,Haas F1 Team,80.254,,
3312,2022,3,Australian Grand Prix,5,VET,Aston Martin,81.149,,
3313,2022,3,Australian Grand Prix,6,LAT,Williams,81.372,,
3314,2022,3,Australian Grand Prix,18,STR,Aston Martin,,,
3315,2022,4,Emilia Romagna Grand Prix,1,VER,Red Bull Racing,79.295,78.793,87.999
3316,2022,4,Emilia Romagna Grand Prix,16,LEC,Ferrari,78.796,79.584,88.778
3317,2022,4,Emilia Romagna Grand Prix,4,NOR,McLaren,80.168,79.294,89.131
3318,2022,4,Emilia Romagna Grand Prix,20,MAG,Haas F1 Team,80.147,79.902,89.164
3319,2022,4,Emilia Romagna Grand Prix,14,ALO,Alpine,80.198,79.595,89.202
3320,2022,4,Emilia Romagna Grand Prix,3,RIC,McLaren,79.98,80.031,89.742
3321,2022,4,Emilia Romagna Grand Prix,11,PER,Red Bull Racing,79.773,79.296,89.808
3322,2022,4,Emilia Romagna Grand Prix,77,BOT,Alfa Romeo,80.419,80.192,90.439
3323,2022,4,Emilia Romagna Grand Prix,5,VET,Aston Martin,80.364,79.957,91.062
3324,2022,4,Emilia Romagna Grand Prix,55,SAI,Ferrari,79.305,78.99,
3325,2022,4,Emilia Romagna Grand Prix,63,RUS,Mercedes,80.383,80.757,
3326,2022,4,Emilia Romagna Grand Prix,47,MSC,Haas F1 Team,80.422,80.916,
3327,2022,4,Emilia Romagna Grand Prix,44,HAM,Mercedes,80.47,81.138,
3328,2022,4,Emilia Romagna Grand Prix,24,ZHO,Alfa Romeo,79.73,81.434,
3329,2022,4,Emilia Romagna Grand Prix,18,STR,Aston Martin,80.342,88.119,
3330,2022,4,Emilia Romagna Grand Prix,22,TSU,AlphaTauri,80.474,,
3331,2022,4,Emilia Romagna Grand Prix,10,GAS,AlphaTauri,80.732,,
3332,2022,4,Emilia Romagna Grand Prix,6,LAT,Williams,81.971,,
3333,2022,4,Emilia Romagna Grand Prix,31,OCO,Alpine,82.338,,
3334,2022,4,Emilia Romagna Grand Prix,23,ALB,Williams,,,
3335,2022,5,Miami Grand Prix,16,LEC,Ferrari,89.474,89.13,88.796
3336,2022,5,Miami Grand Prix,55,SAI,Ferrari,90.079,89.729,88.986
3337,2022,5,Miami Grand Prix,1,VER,Red Bull Racing,89.836,89.202,88.991
3338,2022,5,Miami Grand Prix,11,PER,Red Bull Racing,90.055,89.673,89.036
3339,2022,5,Miami Grand Prix,77,BOT,Alfa Romeo,90.845,89.751,89.475
3340,2022,5,Miami Grand Prix,44,HAM,Mercedes,90.388,89.797,89.625
3341,2022,5,Miami Grand Prix,10,GAS,AlphaTauri,90.779,90.128,89.69
3342,2022,5,Miami Grand Prix,4,NOR,McLaren,90.761,89.634,89.75
3343,2022,5,Miami Grand Prix,22,TSU,AlphaTauri,90.485,90.031,89.932
3344,2022,5,Miami Grand Prix,18,STR,Aston Martin,90.441,89.996,90.676
3345,2022,5,Miami Grand Prix,14,ALO,Alpine,90.407,90.16,
3346,2022,5,Miami Grand Prix,63,RUS,Mercedes,90.49,90.173,
3347,2022,5,Miami Grand Prix,5,VET,Aston Martin,90.677,90.214,
3348,2022,5,Miami Grand Prix,3,RIC,McLaren,90.583,90.31,
3349,2022,5,Miami Grand Prix,47,MSC,Haas F1 Team,90.645,90.423,
3350,2022,5,Miami Grand Prix,20,MAG,Haas F1 Team,90.975,,
3351,2022,5,Miami Grand Prix,24,ZHO,Alfa Romeo,91.02,,
3352,2022,5,Miami Grand Prix,23,ALB,Williams,91.266,,
3353,2022,5,Miami Grand Prix,6,LAT,Williams,91.325,,
3354,2022,5,Miami Grand Prix,31,OCO,Alpine,,,
3355,2022,6,Spanish Grand Prix,16,LEC,Ferrari,79.861,79.969,78.75
3356,2022,6,Spanish Grand Prix,1,VER,Red Bull Racing,80.091,79.219,79.073
3357,2022,6,Spanish Grand Prix,55,SAI,Ferrari,79.892,79.453,79.166
3358,2022,6,Spanish Grand Prix,63,RUS,Mercedes,80.218,79.47,79.393
3359,2022,6,Spanish Grand Prix,11,PER,Red Bull Racing,80.447,79.83,79.42
3360,2022,6,Spanish Grand Prix,44,HAM,Mercedes,80.252,79.794,79.512
3361,2022,6,Spanish Grand Prix,77,BOT,Alfa Romeo,80.355,80.053,79.608
3362,2022,6,Spanish Grand Prix,20,MAG,Haas F1 Team,80.227,79.81,79.682
3363,2022,6,Spanish Grand Prix,3,RIC,McLaren,80.549,80.287,80.297
3364,2022,6,Spanish Grand Prix,47,MSC,Haas F1 Team,80.683,80.436,80.368
3365,2022,6,Spanish Grand Prix,4,NOR,McLaren,80.838,80.471,
3366,2022,6,Spanish Grand Prix,31,OCO,Alpine,80.88,80.638,
3367,2022,6,Spanish Grand Prix,22,TSU,AlphaTauri,80.707,80.639,
3368,2022,6,Spanish Grand Prix,10,GAS,AlphaTauri,80.719,80.861,
3369,2022,6,Spanish Grand Prix,24,ZHO,Alfa Romeo,80.476,81.094,
3370,2022,6,Spanish Grand Prix,5,VET,Aston Martin,80.954,,
3371,2022,6,Spanish Grand Prix,14,ALO,Alpine,81.043,,
3372,2022,6,Spanish Grand Prix,18,STR,Aston Martin,81.418,,
3373,2022,6,Spanish Grand Prix,23,ALB,Williams,81.645,,
3374,2022,6,Spanish Grand Prix,6,LAT,Williams,81.915,,
3375,2022,7,Monaco Grand Prix,16,LEC,Ferrari,72.569,71.864,71.376
3376,2022,7,Monaco Grand Prix,55,SAI,Ferrari,72.616,72.074,71.601
3377,2022,7,Monaco Grand Prix,11,PER,Red Bull Racing,73.004,71.954,71.629
3378,2022,7,Monaco Grand Prix,1,VER,Red Bull Racing,72.993,72.117,71.666
3379,2022,7,Monaco Grand Prix,4,NOR,McLaren,72.927,72.266,71.849
3380,2022,7,Monaco Grand Prix,63,RUS,Mercedes,72.787,72.617,72.112
3381,2022,7,Monaco Grand Prix,14,ALO,Alpine,73.394,72.688,72.247
3382,2022,7,Monaco Grand Prix,44,HAM,Mercedes,73.444,72.595,72.56
3383,2022,7,Monaco Grand Prix,5,VET,Aston Martin,73.313,72.613,72.732
3384,2022,7,Monaco Grand Prix,31,OCO,Alpine,72.848,72.528,73.047
3385,2022,7,Monaco Grand Prix,22,TSU,AlphaTauri,73.11,72.797,
3386,2022,7,Monaco Grand Prix,77,BOT,Alfa Romeo,73.541,72.909,
3387,2022,7,Monaco Grand Prix,20,MAG,Haas F1 Team,73.069,72.921,
3388,2022,7,Monaco Grand Prix,3,RIC,McLaren,73.338,72.964,
3389,2022,7,Monaco Grand Prix,47,MSC,Haas F1 Team,73.469,73.081,
3390,2022,7,Monaco Grand Prix,23,ALB,Williams,73.611,,
3391,2022,7,Monaco Grand Prix,10,GAS,AlphaTauri,73.66,,
3392,2022,7,Monaco Grand Prix,18,STR,Aston Martin,73.678,,
3393,2022,7,Monaco Grand Prix,6,LAT,Williams,74.403,,
3394,2022,7,Monaco Grand Prix,24,ZHO,Alfa Romeo,75.606,,
3395,2022,8,Azerbaijan Grand Prix,16,LEC,Ferrari,102.865,102.046,101.359
3396,2022,8,Azerbaijan Grand Prix,11,PER,Red Bull Racing,102.733,101.955,101.641
3397,2022,8,Azerbaijan Grand Prix,1,VER,Red Bull Racing,102.722,102.227,101.706
3398,2022,8,Azerbaijan Grand Prix,55,SAI,Ferrari,102.957,102.088,101.814
3399,2022,8,Azerbaijan Grand Prix,63,RUS,Mercedes,103.754,103.281,102.712
3400,2022,8,Azerbaijan Grand Prix,10,GAS,AlphaTauri,103.268,103.129,102.845
3401,2022,8,Azerbaijan Grand Prix,44,HAM,Mercedes,103.939,103.182,102.924
3402,2022,8,Azerbaijan Grand Prix,22,TSU,AlphaTauri,103.595,103.376,103.056
3403,2022,8,Azerbaijan Grand Prix,5,VET,Aston Martin,103.279,103.268,103.091
3404,2022,8,Azerbaijan Grand Prix,14,ALO,Alpine,104.083,103.36,103.173
3405,2022,8,Azerbaijan Grand Prix,4,NOR,McLaren,104.237,103.398,
3406,2022,8,Azerbaijan Grand Prix,3,RIC,McLaren,104.437,103.574,
3407,2022,8,Azerbaijan Grand Prix,31,OCO,Alpine,103.903,103.585,
3408,2022,8,Azerbaijan Grand Prix,24,ZHO,Alfa Romeo,103.777,103.79,
3409,2022,8,Azerbaijan Grand Prix,77,BOT,Alfa Romeo,104.478,104.444,
3410,2022,8,Azerbaijan Grand Prix,20,MAG,Haas F1 Team,104.643,,
3411,2022,8,Azerbaijan Grand Prix,23,ALB,Williams,104.719,,
3412,2022,8,Azerbaijan Grand Prix,6,LAT,Williams,105.367,,
3413,2022,8,Azerbaijan Grand Prix,18,STR,Aston Martin,105.371,,
3414,2022,8,Azerbaijan Grand Prix,47,MSC,Haas F1 Team,105.775,,
3415,2022,9,Canadian Grand Prix,1,VER,Red Bull Racing,92.219,83.746,81.299
3416,2022,9,Canadian Grand Prix,14,ALO,Alpine,92.277,84.848,81.944
3417,2022,9,Canadian Grand Prix,55,SAI,Ferrari,92.781,85.197,82.096
3418,2022,9,Canadian Grand Prix,44,HAM,Mercedes,93.841,85.543,82.891
3419,2022,9,Canadian Grand Prix,20,MAG,Haas F1 Team,92.957,86.254,82.96
3420,2022,9,Canadian Grand Prix,47,MSC,Haas F1 Team,93.707,85.684,83.356
3421,2022,9,Canadian Grand Prix,31,OCO,Alpine,93.012,86.135,83.529
3422,2022,9,Canadian Grand Prix,63,RUS,Mercedes,93.16,84.95,83.557
3423,2022,9,Canadian Grand Prix,3,RIC,McLaren,93.636,86.375,83.749
3424,2022,9,Canadian Grand Prix,24,ZHO,Alfa Romeo,93.692,86.116,84.03
3425,2022,9,Canadian Grand Prix,77,BOT,Alfa Romeo,93.689,86.788,
3426,2022,9,Canadian Grand Prix,23,ALB,Williams,94.047,86.858,
3427,2022,9,Canadian Grand Prix,11,PER,Red Bull Racing,93.929,93.127,
3428,2022,9,Canadian Grand Prix,4,NOR,McLaren,94.066,,
3429,2022,9,Canadian Grand Prix,16,LEC,Ferrari,93.008,,
3430,2022,9,Canadian Grand Prix,10,GAS,AlphaTauri,94.492,,
3431,2022,9,Canadian Grand Prix,5,VET,Aston Martin,94.512,,
3432,2022,9,Canadian Grand Prix,18,STR,Aston Martin,95.532,,
3433,2022,9,Canadian Grand Prix,6,LAT,Williams,95.66,,
3434,2022,9,Canadian Grand Prix,22,TSU,AlphaTauri,96.575,,
3435,2022,10,British Grand Prix,55,SAI,Ferrari,100.19,101.602,100.983
3436,2022,10,British Grand Prix,1,VER,Red Bull Racing,99.129,100.655,101.055
3437,2022,10,British Grand Prix,16,LEC,Ferrari,99.846,101.247,101.298
3438,2022,10,British Grand Prix,11,PER,Red Bull Racing,100.521,102.513,101.616
3439,2022,10,British Grand Prix,44,HAM,Mercedes,100.428,101.062,101.995
3440,2022,10,British Grand Prix,4,NOR,McLaren,101.515,101.821,102.084
3441,2022,10,British Grand Prix,14,ALO,Alpine,101.598,102.209,102.116
3442,2022,10,British Grand Prix,63,RUS,Mercedes,100.028,101.725,102.161
3443,2022,10,British Grand Prix,24,ZHO,Alfa Romeo,100.791,102.64,102.719
3444,2022,10,British Grand Prix,6,LAT,Williams,101.998,103.273,123.095
3445,2022,10,British Grand Prix,10,GAS,AlphaTauri,101.68,103.702,
3446,2022,10,British Grand Prix,77,BOT,Alfa Romeo,101.396,104.232,
3447,2022,10,British Grand Prix,22,TSU,AlphaTauri,101.893,104.311,
3448,2022,10,British Grand Prix,3,RIC,McLaren,101.933,104.355,
3449,2022,10,British Grand Prix,31,OCO,Alpine,101.73,105.19,
3450,2022,10,British Grand Prix,23,ALB,Williams,102.078,,
3451,2022,10,British Grand Prix,20,MAG,Haas F1 Team,102.159,,
3452,2022,10,British Grand Prix,5,VET,Aston Martin,102.666,,
3453,2022,10,British Grand Prix,47,MSC,Haas F1 Team,102.708,,
3454,2022,10,British Grand Prix,18,STR,Aston Martin,103.43,,
3455,2022,1,Bahrain Grand Prix,16,LEC,Ferrari,91.471,90.932,90.558
3456,2022,1,Bahrain Grand Prix,1,VER,Red Bull Racing,91.785,90.757,90.681
3457,2022,1,Bahrain Grand Prix,55,SAI,Ferrari,91.567,90.787,90.687
3458,2022,1,Bahrain Grand Prix,11,PER,Red Bull Racing,92.311,91.008,90.921
3459,2022,1,Bahrain Grand Prix,44,HAM,Mercedes,92.285,91.048,91.238
3460,2022,1,Bahrain Grand Prix,77,BOT,Alfa Romeo,91.919,91.717,91.56
3461,2022,1,Bahrain Grand Prix,20,MAG,Haas F1 Team,91.955,91.461,91.808
3462,2022,1,Bahrain Grand Prix,14,ALO,Alpine,92.346,91.621,92.195
3463,2022,1,Bahrain Grand Prix,63,RUS,Mercedes,92.269,91.252,92.216
3464,2022,1,Bahrain Grand Prix,10,GAS,AlphaTauri,92.096,91.635,92.338
3465,2022,1,Bahrain Grand Prix,31,OCO,Alpine,92.041,91.782,
3466,2022,1,Bahrain Grand Prix,47,MSC,Haas F1 Team,92.38,91.998,
3467,2022,1,Bahrain Grand Prix,4,NOR,McLaren,92.239,92.008,
3468,2022,1,Bahrain Grand Prix,23,ALB,Williams,92.726,92.664,
3469,2022,1,Bahrain Grand Prix,24,ZHO,Alfa Romeo,92.493,93.543,
3470,2022,1,Bahrain Grand Prix,22,TSU,AlphaTauri,92.75,,
3471,2022,1,Bahrain Grand Prix,27,HUL,Aston Martin,92.777,,
3472,2022,1,Bahrain Grand Prix,3,RIC,McLaren,92.945,,
3473,2022,1,Bahrain Grand Prix,18,STR,Aston Martin,93.032,,
3474,2022,1,Bahrain Grand Prix,6,LAT,Williams,93.634,,
3475,2022,2,Saudi Arabian Grand Prix,11,PER,Red Bull Racing,89.705,88.924,88.2
3476,2022,2,Saudi Arabian Grand Prix,16,LEC,Ferrari,89.039,88.78,88.225
3477,2022,2,Saudi Arabian Grand Prix,55,SAI,Ferrari,88.855,88.686,88.402
3478,2022,2,Saudi Arabian Grand Prix,1,VER,Red Bull Racing,88.928,88.945,88.461
3479,2022,2,Saudi Arabian Grand Prix,31,OCO,Alpine,90.093,89.584,89.068
3480,2022,2,Saudi Arabian Grand Prix,63,RUS,Mercedes,89.68,89.618,89.104
3481,2022,2,Saudi Arabian Grand Prix,14,ALO,Alpine,89.978,89.295,89.147
3482,2022,2,Saudi Arabian Grand Prix,77,BOT,Alfa Romeo,89.683,89.404,89.183
3483,2022,2,Saudi Arabian Grand Prix,10,GAS,AlphaTauri,89.891,89.418,89.254
3484,2022,2,Saudi Arabian Grand Prix,20,MAG,Haas F1 Team,89.831,89.546,89.588
3485,2022,2,Saudi Arabian Grand Prix,4,NOR,McLaren,89.957,89.651,
3486,2022,2,Saudi Arabian Grand Prix,3,RIC,McLaren,90.009,89.773,
3487,2022,2,Saudi Arabian Grand Prix,24,ZHO,Alfa Romeo,89.978,89.819,
3488,2022,2,Saudi Arabian Grand Prix,47,MSC,Haas F1 Team,90.167,89.92,
3489,2022,2,Saudi Arabian Grand Prix,18,STR,Aston Martin,90.256,91.009,
3490,2022,2,Saudi Arabian Grand Prix,44,HAM,Mercedes,90.343,,
3491,2022,2,Saudi Arabian Grand Prix,23,ALB,Williams,90.492,,
3492,2022,2,Saudi Arabian Grand Prix,27,HUL,Aston Martin,90.543,,
3493,2022,2,Saudi Arabian Grand Prix,6,LAT,Williams,91.817,,
3494,2022,2,Saudi Arabian Grand Prix,22,TSU,AlphaTauri,,,
3495,2022,3,Australian Grand Prix,16,LEC,Ferrari,78.881,78.606,77.868
3496,2022,3,Australian Grand Prix,1,VER,Red Bull Racing,78.58,78.611,78.154
3497,2022,3,Australian Grand Prix,11,PER,Red Bull Racing,78.834,78.34,78.24
3498,2022,3,Australian Grand Prix,4,NOR,McLaren,79.28,79.066,78.703
3499,2022,3,Australian Grand Prix,44,HAM,Mercedes,79.401,79.106,78.825
3500,2022,3,Australian Grand Prix,63,RUS,Mercedes,79.405,79.076,78.933
3501,2022,3,Australian Grand Prix,3,RIC,McLaren,79.665,79.13,79.032
3502,2022,3,Australian Grand Prix,31,OCO,Alpine,79.605,79.136,79.061
3503,2022,3,Australian Grand Prix,55,SAI,Ferrari,78.983,78.469,79.408
3504,2022,3,Australian Grand Prix,14,ALO,Alpine,79.192,78.815,
3505,2022,3,Australian Grand Prix,10,GAS,AlphaTauri,79.58,79.226,
3506,2022,3,Australian Grand Prix,77,BOT,Alfa Romeo,79.251,79.41,
3507,2022,3,Australian Grand Prix,22,TSU,AlphaTauri,79.742,79.424,
3508,2022,3,Australian Grand Prix,24,ZHO,Alfa Romeo,79.91,80.155,
3509,2022,3,Australian Grand Prix,47,MSC,Haas F1 Team,80.104,80.465,
3510,2022,3,Australian Grand Prix,23,ALB,Williams,80.135,,
3511,2022,3,Australian Grand Prix,20,MAG,Haas F1 Team,80.254,,
3512,2022,3,Australian Grand Prix,5,VET,Aston Martin,81.149,,
3513,2022,3,Australian Grand Prix,6,LAT,Williams,81.372,,
3514,2022,3,Australian Grand Prix,18,STR,Aston Martin,,,
3515,2022,4,Emilia Romagna Grand Prix,1,VER,Red Bull Racing,79.295,78.793,87.999
3516,2022,4,Emilia Romagna Grand Prix,16,LEC,Ferrari,78.796,79.584,88.778
3517,2022,4,Emilia Romagna Grand Prix,4,NOR,McLaren,80.168,79.294,89.131
3518,2022,4,Emilia Romagna Grand Prix,20,MAG,Haas F1 Team,80.147,79.902,89.164
3519,2022,4,Emilia Romagna Grand Prix,14,ALO,Alpine,80.198,79.595,89.202
3520,2022,4,Emilia Romagna Grand Prix,3,RIC,McLaren,79.98,80.031,89.742
3521,2022,4,Emilia Romagna Grand Prix,11,PER,Red Bull Racing,79.773,79.296,89.808
3522,2022,4,Emilia Romagna Grand Prix,77,BOT,Alfa Romeo,80.419,80.192,90.439
3523,2022,4,Emilia Romagna Grand Prix,5,VET,Aston Martin,80.364,79.957,91.062
3524,2022,4,Emilia Romagna Grand Prix,55,SAI,Ferrari,79.305,78.99,
3525,2022,4,Emilia Romagna Grand Prix,63,RUS,Mercedes,80.383,80.757,
3526,2022,4,Emilia Romagna Grand Prix,47,MSC,Haas F1 Team,80.422,80.916,
3527,2022,4,Emilia Romagna Grand Prix,44,HAM,Mercedes,80.47,81.138,
3528,2022,4,Emilia Romagna Grand Prix,24,ZHO,Alfa Romeo,79.73,81.434,
3529,2022,4,Emilia Romagna Grand Prix,18,STR,Aston Martin,80.342,88.119,
3530,2022,4,Emilia Romagna Grand Prix,22,TSU,AlphaTauri,80.474,,
3531,2022,4,Emilia Romagna Grand Prix,10,GAS,AlphaTauri,80.732,,
3532,2022,4,Emilia Romagna Grand Prix,6,LAT,Williams,81.971,,
3533,2022,4,Emilia Romagna Grand Prix,31,OCO,Alpine,82.338,,
3534,2022,4,Emilia Romagna Grand Prix,23,ALB,Williams,,,
3535,2022,5,Miami Grand Prix,16,LEC,Ferrari,89.474,89.13,88.796
3536,2022,5,Miami Grand Prix,55,SAI,Ferrari,90.079,89.729,88.986
3537,2022,5,Miami Grand Prix,1,VER,Red Bull Racing,89.836,89.202,88.991
3538,2022,5,Miami Grand Prix,11,PER,Red Bull Racing,90.055,89.673,89.036
3539,2022,5,Miami Grand Prix,77,BOT,Alfa Romeo,90.845,89.751,89.475
3540,2022,5,Miami Grand Prix,44,HAM,Mercedes,90.388,89.797,89.625
3541,2022,5,Miami Grand Prix,10,GAS,AlphaTauri,90.779,90.128,89.69
3542,2022,5,Miami Grand Prix,4,NOR,McLaren,90.761,89.634,89.75
3543,2022,5,Miami Grand Prix,22,TSU,AlphaTauri,90.485,90.031,89.932
3544,2022,5,Miami Grand Prix,18,STR,Aston Martin,90.441,89.996,90.676
3545,2022,5,Miami Grand Prix,14,ALO,Alpine,90.407,90.16,
3546,2022,5,Miami Grand Prix,63,RUS,Mercedes,90.49,90.173,
3547,2022,5,Miami Grand Prix,5,VET,Aston Martin,90.677,90.214,
3548,2022,5,Miami Grand Prix,3,RIC,McLaren,90.583,90.31,
3549,2022,5,Miami Grand Prix,47,MSC,Haas F1 Team,90.645,90.423,
3550,2022,5,Miami Grand Prix,20,MAG,Haas F1 Team,90.975,,
3551,2022,5,Miami Grand Prix,24,ZHO,Alfa Romeo,91.02,,
3552,2022,5,Miami Grand Prix,23,ALB,Williams,91.266,,
3553,2022,5,Miami Grand Prix,6,LAT,Williams,91.325,,
3554,2022,5,Miami Grand Prix,31,OCO,Alpine,,,
3555,2022,6,Spanish Grand Prix,16,LEC,Ferrari,79.861,79.969,78.75
3556,2022,6,Spanish Grand Prix,1,VER,Red Bull Racing,80.091,79.219,79.073
3557,2022,6,Spanish Grand Prix,55,SAI,Ferrari,79.892,79.453,79.166
3558,2022,6,Spanish Grand Prix,63,RUS,Mercedes,80.218,79.47,79.393
3559,2022,6,Spanish Grand Prix,11,PER,Red Bull Racing,80.447,79.83,79.42
3560,2022,6,Spanish Grand Prix,44,HAM,Mercedes,80.252,79.794,79.512
3561,2022,6,Spanish Grand Prix,77,BOT,Alfa Romeo,80.355,80.053,79.608
3562,2022,6,Spanish Grand Prix,20,MAG,Haas F1 Team,80.227,79.81,79.682
3563,2022,6,Spanish Grand Prix,3,RIC,McLaren,80.549,80.287,80.297
3564,2022,6,Spanish Grand Prix,47,MSC,Haas F1 Team,80.683,80.436,80.368
3565,2022,6,Spanish Grand Prix,4,NOR,McLaren,80.838,80.471,
3566,2022,6,Spanish Grand Prix,31,OCO,Alpine,80.88,80.638,
3567,2022,6,Spanish Grand Prix,22,TSU,AlphaTauri,80.707,80.639,
3568,2022,6,Spanish Grand Prix,10,GAS,AlphaTauri,80.719,80.861,
3569,2022,6,Spanish Grand Prix,24,ZHO,Alfa Romeo,80.476,81.094,
3570,2022,6,Spanish Grand Prix,5,VET,Aston Martin,80.954,,
3571,2022,6,Spanish Grand Prix,14,ALO,Alpine,81.043,,
3572,2022,6,Spanish Grand Prix,18,STR,Aston Martin,81.418,,
3573,2022,6,Spanish Grand Prix,23,ALB,Williams,81.645,,
3574,2022,6,Spanish Grand Prix,6,LAT,Williams,81.915,,
3575,2022,7,Monaco Grand Prix,16,LEC,Ferrari,72.569,71.864,71.376
3576,2022,7,Monaco Grand Prix,55,SAI,Ferrari,72.616,72.074,71.601
3577,2022,7,Monaco Grand Prix,11,PER,Red Bull Racing,73.004,71.954,71.629
3578,2022,7,Monaco Grand Prix,1,VER,Red Bull Racing,72.993,72.117,71.666
3579,2022,7,Monaco Grand Prix,4,NOR,McLaren,72.927,72.266,71.849
3580,2022,7,Monaco Grand Prix,63,RUS,Mercedes,72.787,72.617,72.112
3581,2022,7,Monaco Grand Prix,14,ALO,Alpine,73.394,72.688,72.247
3582,2022,7,Monaco Grand Prix,44,HAM,Mercedes,73.444,72.595,72.56
3583,2022,7,Monaco Grand Prix,5,VET,Aston Martin,73.313,72.613,72.732
3584,2022,7,Monaco Grand Prix,31,OCO,Alpine,72.848,72.528,73.047
3585,2022,7,Monaco Grand Prix,22,TSU,AlphaTauri,73.11,72.797,
3586,2022,7,Monaco Grand Prix,77,BOT,Alfa Romeo,73.541,72.909,
3587,2022,7,Monaco Grand Prix,20,MAG,Haas F1 Team,73.069,72.921,
3588,2022,7,Monaco Grand Prix,3,RIC,McLaren,73.338,72.964,
3589,2022,7,Monaco Grand Prix,47,MSC,Haas F1 Team,73.469,73.081,
3590,2022,7,Monaco Grand Prix,23,ALB,Williams,73.611,,
3591,2022,7,Monaco Grand Prix,10,GAS,AlphaTauri,73.66,,
3592,2022,7,Monaco Grand Prix,18,STR,Aston Martin,73.678,,
3593,2022,7,Monaco Grand Prix,6,LAT,Williams,74.403,,
3594,2022,7,Monaco Grand Prix,24,ZHO,Alfa Romeo,75.606,,
3595,2022,8,Azerbaijan Grand Prix,16,LEC,Ferrari,102.865,102.046,101.359
3596,2022,8,Azerbaijan Grand Prix,11,PER,Red Bull Racing,102.733,101.955,101.641
3597,2022,8,Azerbaijan Grand Prix,1,VER,Red Bull Racing,102.722,102.227,101.706
3598,2022,8,Azerbaijan Grand Prix,55,SAI,Ferrari,102.957,102.088,101.814
3599,2022,8,Azerbaijan Grand Prix,63,RUS,Mercedes,103.754,103.281,102.712
3600,2022,8,Azerbaijan Grand Prix,10,GAS,AlphaTauri,103.268,103.129,102.845
3601,2022,8,Azerbaijan Grand Prix,44,HAM,Mercedes,103.939,103.182,102.924
3602,2022,8,Azerbaijan Grand Prix,22,TSU,AlphaTauri,103.595,103.376,103.056
3603,2022,8,Azerbaijan Grand Prix,5,VET,Aston Martin,103.279,103.268,103.091
3604,2022,8,Azerbaijan Grand Prix,14,ALO,Alpine,104.083,103.36,103.173
3605,2022,8,Azerbaijan Grand Prix,4,NOR,McLaren,104.237,103.398,
3606,2022,8,Azerbaijan Grand Prix,3,RIC,McLaren,104.437,103.574,
3607,2022,8,Azerbaijan Grand Prix,31,OCO,Alpine,103.903,103.585,
3608,2022,8,Azerbaijan Grand Prix,24,ZHO,Alfa Romeo,103.777,103.79,
3609,2022,8,Azerbaijan Grand Prix,77,BOT,Alfa Romeo,104.478,104.444,
3610,2022,8,Azerbaijan Grand Prix,20,MAG,Haas F1 Team,104.643,,
3611,2022,8,Azerbaijan Grand Prix,23,ALB,Williams,104.719,,
3612,2022,8,Azerbaijan Grand Prix,6,LAT,Williams,105.367,,
3613,2022,8,Azerbaijan Grand Prix,18,STR,Aston Martin,105.371,,
3614,2022,8,Azerbaijan Grand Prix,47,MSC,Haas F1 Team,105.775,,
3615,2022,9,Canadian Grand Prix,1,VER,Red Bull Racing,92.219,83.746,81.299
3616,2022,9,Canadian Grand Prix,14,ALO,Alpine,92.277,84.848,81.944
3617,2022,9,Canadian Grand Prix,55,SAI,Ferrari,92.781,85.197,82.096
3618,2022,9,Canadian Grand Prix,44,HAM,Mercedes,93.841,85.543,82.891
3619,2022,9,Canadian Grand Prix,20,MAG,Haas F1 Team,92.957,86.254,82.96
3620,2022,9,Canadian Grand Prix,47,MSC,Haas F1 Team,93.707,85.684,83.356
3621,2022,9,Canadian Grand Prix,31,OCO,Alpine,93.012,86.135,83.529
3622,2022,9,Canadian Grand Prix,63,RUS,Mercedes,93.16,84.95,83.557
3623,2022,9,Canadian Grand Prix,3,RIC,McLaren,93.636,86.375,83.749
3624,2022,9,Canadian Grand Prix,24,ZHO,Alfa Romeo,93.692,86.116,84.03
3625,2022,9,Canadian Grand Prix,77,BOT,Alfa Romeo,93.689,86.788,
3626,2022,9,Canadian Grand Prix,23,ALB,Williams,94.047,86.858,
3627,2022,9,Canadian Grand Prix,11,PER,Red Bull Racing,93.929,93.127,
3628,2022,9,Canadian Grand Prix,4,NOR,McLaren,94.066,,
3629,2022,9,Canadian Grand Prix,16,LEC,Ferrari,93.008,,
3630,2022,9,Canadian Grand Prix,10,GAS,AlphaTauri,94.492,,
3631,2022,9,Canadian Grand Prix,5,VET,Aston Martin,94.512,,
3632,2022,9,Canadian Grand Prix,18,STR,Aston Martin,95.532,,
3633,2022,9,Canadian Grand Prix,6,LAT,Williams,95.66,,
3634,2022,9,Canadian Grand Prix,22,TSU,AlphaTauri,96.575,,
3635,2022,10,British Grand Prix,55,SAI,Ferrari,100.19,101.602,100.983
3636,2022,10,British Grand Prix,1,VER,Red Bull Racing,99.129,100.655,101.055
3637,2022,10,British Grand Prix,16,LEC,Ferrari,99.846,101.247,101.298
3638,2022,10,British Grand Prix,11,PER,Red Bull Racing,100.521,102.513,101.616
3639,2022,10,British Grand Prix,44,HAM,Mercedes,100.428,101.062,101.995
3640,2022,10,British Grand Prix,4,NOR,McLaren,101.515,101.821,102.084
3641,2022,10,British Grand Prix,14,ALO,Alpine,101.598,102.209,102.116
3642,2022,10,British Grand Prix,63,RUS,Mercedes,100.028,101.725,102.161
3643,2022,10,British Grand Prix,24,ZHO,Alfa Romeo,100.791,102.64,102.719
3644,2022,10,British Grand Prix,6,LAT,Williams,101.998,103.273,123.095
3645,2022,10,British Grand Prix,10,GAS,AlphaTauri,101.68,103.702,
3646,2022,10,British Grand Prix,77,BOT,Alfa Romeo,101.396,104.232,
3647,2022,10,British Grand Prix,22,TSU,AlphaTauri,101.893,104.311,
3648,2022,10,British Grand Prix,3,RIC,McLaren,101.933,104.355,
3649,2022,10,British Grand Prix,31,OCO,Alpine,101.73,105.19,
3650,2022,10,British Grand Prix,23,ALB,Williams,102.078,,
3651,2022,10,British Grand Prix,20,MAG,Haas F1 Team,102.159,,
3652,2022,10,British Grand Prix,5,VET,Aston Martin,102.666,,
3653,2022,10,British Grand Prix,47,MSC,Haas F1 Team,102.708,,
3654,2022,10,British Grand Prix,18,STR,Aston Martin,103.43,,
3655,2022,11,Austrian Grand Prix,1,VER,Red Bull Racing,65.852,65.374,64.984
3656,2022,11,Austrian Grand Prix,16,LEC,Ferrari,65.419,65.287,65.013
3657,2022,11,Austrian Grand Prix,55,SAI,Ferrari,65.66,65.576,65.066
3658,2022,11,Austrian Grand Prix,63,RUS,Mercedes,66.235,65.697,65.431
3659,2022,11,Austrian Grand Prix,31,OCO,Alpine,66.468,65.993,65.726
3660,2022,11,Austrian Grand Prix,20,MAG,Haas F1 Team,66.366,65.894,65.879
3661,2022,11,Austrian Grand Prix,47,MSC,Haas F1 Team,66.405,66.151,66.011
3662,2022,11,Austrian Grand Prix,14,ALO,Alpine,66.016,66.082,66.103
3663,2022,11,Austrian Grand Prix,44,HAM,Mercedes,66.079,65.475,73.151
3664,2022,11,Austrian Grand Prix,10,GAS,AlphaTauri,66.589,66.16,
3665,2022,11,Austrian Grand Prix,23,ALB,Williams,66.516,66.23,
3666,2022,11,Austrian Grand Prix,77,BOT,Alfa Romeo,66.442,66.319,
3667,2022,11,Austrian Grand Prix,11,PER,Red Bull Racing,66.143,66.458,
3668,2022,11,Austrian Grand Prix,22,TSU,AlphaTauri,66.463,66.851,
3669,2022,11,Austrian Grand Prix,4,NOR,McLaren,66.33,85.847,
3670,2022,11,Austrian Grand Prix,3,RIC,McLaren,66.613,,
3671,2022,11,Austrian Grand Prix,18,STR,Aston Martin,66.847,,
3672,2022,11,Austrian Grand Prix,24,ZHO,Alfa Romeo,66.901,,
3673,2022,11,Austrian Grand Prix,6,LAT,Williams,67.003,,
3674,2022,11,Austrian Grand Prix,5,VET,Aston Martin,67.083,,
3675,2022,12,French Grand Prix,16,LEC,Ferrari,91.727,91.216,90.872
3676,2022,12,French Grand Prix,1,VER,Red Bull Racing,91.891,91.99,91.176
3677,2022,12,French Grand Prix,11,PER,Red Bull Racing,92.354,92.12,91.335
3678,2022,12,French Grand Prix,44,HAM,Mercedes,93.041,92.274,91.765
3679,2022,12,French Grand Prix,4,NOR,McLaren,92.672,92.777,92.032
3680,2022,12,French Grand Prix,63,RUS,Mercedes,93.109,92.633,92.131
3681,2022,12,French Grand Prix,14,ALO,Alpine,92.819,92.631,92.552
3682,2022,12,French Grand Prix,22,TSU,AlphaTauri,93.394,92.836,92.78
3683,2022,12,French Grand Prix,55,SAI,Ferrari,92.297,91.081,
3684,2022,12,French Grand Prix,20,MAG,Haas F1 Team,92.756,92.649,
3685,2022,12,French Grand Prix,3,RIC,McLaren,93.404,92.922,
3686,2022,12,French Grand Prix,31,OCO,Alpine,93.346,93.048,
3687,2022,12,French Grand Prix,77,BOT,Alfa Romeo,93.034,93.052,
3688,2022,12,French Grand Prix,5,VET,Aston Martin,93.285,93.276,
3689,2022,12,French Grand Prix,23,ALB,Williams,93.423,93.307,
3690,2022,12,French Grand Prix,10,GAS,AlphaTauri,93.439,,
3691,2022,12,French Grand Prix,18,STR,Aston Martin,93.439,,
3692,2022,12,French Grand Prix,24,ZHO,Alfa Romeo,93.674,,
3693,2022,12,French Grand Prix,47,MSC,Haas F1 Team,93.701,,
3694,2022,12,French Grand Prix,6,LAT,Williams,93.794,,
3695,2022,13,Hungarian Grand Prix,63,RUS,Mercedes,78.407,78.154,77.377
3696,2022,13,Hungarian Grand Prix,55,SAI,Ferrari,78.434,77.946,77.421
3697,2022,13,Hungarian Grand Prix,16,LEC,Ferrari,78.806,77.768,77.567
3698,2022,13,Hungarian Grand Prix,4,NOR,McLaren,78.653,78.121,77.769
3699,2022,13,Hungarian Grand Prix,31,OCO,Alpine,78.866,78.216,78.018
3700,2022,13,Hungarian Grand Prix,14,ALO,Alpine,78.716,77.904,78.078
3701,2022,13,Hungarian Grand Prix,44,HAM,Mercedes,78.374,78.035,78.142
3702,2022,13,Hungarian Grand Prix,77,BOT,Alfa Romeo,78.935,78.445,78.157
3703,2022,13,Hungarian Grand Prix,3,RIC,McLaren,78.775,78.198,78.379
3704,2022,13,Hungarian Grand Prix,1,VER,Red Bull Racing,78.509,77.703,78.823
3705,2022,13,Hungarian Grand Prix,11,PER,Red Bull Racing,79.118,78.516,
3706,2022,13,Hungarian Grand Prix,24,ZHO,Alfa Romeo,78.973,78.573,
3707,2022,13,Hungarian Grand Prix,20,MAG,Haas F1 Team,78.993,78.825,
3708,2022,13,Hungarian Grand Prix,18,STR,Aston Martin,79.205,79.137,
3709,2022,13,Hungarian Grand Prix,47,MSC,Haas F1 Team,79.164,79.202,
3710,2022,13,Hungarian Grand Prix,22,TSU,AlphaTauri,79.24,,
3711,2022,13,Hungarian Grand Prix,23,ALB,Williams,79.256,,
3712,2022,13,Hungarian Grand Prix,5,VET,Aston Martin,79.273,,
3713,2022,13,Hungarian Grand Prix,10,GAS,AlphaTauri,79.527,,
3714,2022,13,Hungarian Grand Prix,6,LAT,Williams,79.57,,
3715,2022,14,Belgian Grand Prix,1,VER,Red Bull Racing,104.581,104.723,103.665
3716,2022,14,Belgian Grand Prix,55,SAI,Ferrari,105.05,105.418,104.297
3717,2022,14,Belgian Grand Prix,11,PER,Red Bull Racing,105.377,104.794,104.462
3718,2022,14,Belgian Grand Prix,16,LEC,Ferrari,105.572,104.551,104.553
3719,2022,14,Belgian Grand Prix,31,OCO,Alpine,106.039,105.475,105.18
3720,2022,14,Belgian Grand Prix,14,ALO,Alpine,106.075,105.552,105.368
3721,2022,14,Belgian Grand Prix,44,HAM,Mercedes,105.736,105.42,105.503
3722,2022,14,Belgian Grand Prix,63,RUS,Mercedes,105.65,105.461,105.776
3723,2022,14,Belgian Grand Prix,23,ALB,Williams,105.672,105.675,105.837
3724,2022,14,Belgian Grand Prix,4,NOR,McLaren,105.745,105.603,106.178
3725,2022,14,Belgian Grand Prix,3,RIC,McLaren,106.212,105.767,
3726,2022,14,Belgian Grand Prix,10,GAS,AlphaTauri,106.183,105.827,
3727,2022,14,Belgian Grand Prix,24,ZHO,Alfa Romeo,106.178,106.085,
3728,2022,14,Belgian Grand Prix,18,STR,Aston Martin,106.256,106.611,
3729,2022,14,Belgian Grand Prix,47,MSC,Haas F1 Team,106.342,107.718,
3730,2022,14,Belgian Grand Prix,5,VET,Aston Martin,106.344,,
3731,2022,14,Belgian Grand Prix,6,LAT,Williams,106.401,,
3732,2022,14,Belgian Grand Prix,20,MAG,Haas F1 Team,106.557,,
3733,2022,14,Belgian Grand Prix,22,TSU,AlphaTauri,106.692,,
3734,2022,14,Belgian Grand Prix,77,BOT,Alfa Romeo,107.866,,
3735,2022,15,Dutch Grand Prix,1,VER,Red Bull Racing,71.317,70.927,70.342
3736,2022,15,Dutch Grand Prix,16,LEC,Ferrari,71.443,70.988,70.363
3737,2022,15,Dutch Grand Prix,55,SAI,Ferrari,71.767,70.814,70.434
3738,2022,15,Dutch Grand Prix,44,HAM,Mercedes,71.331,71.075,70.648
3739,2022,15,Dutch Grand Prix,11,PER,Red Bull Racing,71.641,71.314,71.077
3740,2022,15,Dutch Grand Prix,63,RUS,Mercedes,71.561,70.824,71.147
3741,2022,15,Dutch Grand Prix,4,NOR,McLaren,71.556,71.116,71.174
3742,2022,15,Dutch Grand Prix,47,MSC,Haas F1 Team,71.741,71.42,71.442
3743,2022,15,Dutch Grand Prix,22,TSU,AlphaTauri,71.427,71.428,72.556
3744,2022,15,Dutch Grand Prix,18,STR,Aston Martin,71.568,71.416,
3745,2022,15,Dutch Grand Prix,10,GAS,AlphaTauri,71.705,71.512,
3746,2022,15,Dutch Grand Prix,31,OCO,Alpine,71.748,71.605,
3747,2022,15,Dutch Grand Prix,14,ALO,Alpine,71.667,71.613,
3748,2022,15,Dutch Grand Prix,24,ZHO,Alfa Romeo,71.826,71.704,
3749,2022,15,Dutch Grand Prix,23,ALB,Williams,71.695,71.802,
3750,2022,15,Dutch Grand Prix,77,BOT,Alfa Romeo,71.961,,
3751,2022,15,Dutch Grand Prix,3,RIC,McLaren,72.081,,
3752,2022,15,Dutch Grand Prix,20,MAG,Haas F1 Team,72.319,,
3753,2022,15,Dutch Grand Prix,5,VET,Aston Martin,72.391,,
3754,2022,15,Dutch Grand Prix,6,LAT,Williams,73.353,,
3755,2022,16,Italian Grand Prix,16,LEC,Ferrari,81.28,81.208,80.161
3756,2022,16,Italian Grand Prix,1,VER,Red Bull Racing,80.922,81.265,80.306
3757,2022,16,Italian Grand Prix,55,SAI,Ferrari,81.348,80.878,80.429
3758,2022,16,Italian Grand Prix,11,PER,Red Bull Racing,81.495,81.358,81.206
3759,2022,16,Italian Grand Prix,44,HAM,Mercedes,82.048,81.708,81.524
3760,2022,16,Italian Grand Prix,63,RUS,Mercedes,81.785,81.747,81.542
3761,2022,16,Italian Grand Prix,4,NOR,McLaren,82.13,81.831,81.584
3762,2022,16,Italian Grand Prix,3,RIC,McLaren,82.139,81.855,81.925
3763,2022,16,Italian Grand Prix,10,GAS,AlphaTauri,82.01,82.062,82.648
3764,2022,16,Italian Grand Prix,14,ALO,Alpine,82.089,81.861,
3765,2022,16,Italian Grand Prix,31,OCO,Alpine,82.166,82.13,
3766,2022,16,Italian Grand Prix,77,BOT,Alfa Romeo,82.254,82.235,
3767,2022,16,Italian Grand Prix,45,DEV,Williams,82.567,82.471,
3768,2022,16,Italian Grand Prix,24,ZHO,Alfa Romeo,82.003,82.577,
3769,2022,16,Italian Grand Prix,22,TSU,AlphaTauri,82.02,,
3770,2022,16,Italian Grand Prix,6,LAT,Williams,82.587,,
3771,2022,16,Italian Grand Prix,5,VET,Aston Martin,82.636,,
3772,2022,16,Italian Grand Prix,18,STR,Aston Martin,82.748,,
3773,2022,16,Italian Grand Prix,20,MAG,Haas F1 Team,82.908,,
3774,2022,16,Italian Grand Prix,47,MSC,Haas F1 Team,83.005,,
3775,2022,17,Singapore Grand Prix,16,LEC,Ferrari,114.129,112.343,109.412
3776,2022,17,Singapore Grand Prix,11,PER,Red Bull Racing,114.404,112.818,109.434
3777,2022,17,Singapore Grand Prix,44,HAM,Mercedes,113.161,112.691,109.466
3778,2022,17,Singapore Grand Prix,55,SAI,Ferrari,114.559,113.219,109.583
3779,2022,17,Singapore Grand Prix,14,ALO,Alpine,115.36,113.127,109.966
3780,2022,17,Singapore Grand Prix,4,NOR,McLaren,115.914,113.942,110.584
3781,2022,17,Singapore Grand Prix,10,GAS,AlphaTauri,115.606,113.546,111.211
3782,2022,17,Singapore Grand Prix,1,VER,Red Bull Racing,113.057,112.723,111.395
3783,2022,17,Singapore Grand Prix,20,MAG,Haas F1 Team,115.103,114.006,111.573
3784,2022,17,Singapore Grand Prix,22,TSU,AlphaTauri,115.314,113.848,111.983
3785,2022,17,Singapore Grand Prix,63,RUS,Mercedes,114.633,114.012,
3786,2022,17,Singapore Grand Prix,18,STR,Aston Martin,115.629,114.211,
3787,2022,17,Singapore Grand Prix,47,MSC,Haas F1 Team,115.736,114.37,
3788,2022,17,Singapore Grand Prix,5,VET,Aston Martin,115.602,114.38,
3789,2022,17,Singapore Grand Prix,24,ZHO,Alfa Romeo,115.375,115.518,
3790,2022,17,Singapore Grand Prix,77,BOT,Alfa Romeo,116.083,,
3791,2022,17,Singapore Grand Prix,3,RIC,McLaren,116.226,,
3792,2022,17,Singapore Grand Prix,31,OCO,Alpine,116.337,,
3793,2022,17,Singapore Grand Prix,23,ALB,Williams,116.985,,
3794,2022,17,Singapore Grand Prix,6,LAT,Williams,117.532,,
3795,2022,18,Japanese Grand Prix,1,VER,Red Bull Racing,90.224,90.346,89.304
3796,2022,18,Japanese Grand Prix,16,LEC,Ferrari,90.402,90.486,89.314
3797,2022,18,Japanese Grand Prix,55,SAI,Ferrari,90.336,90.444,89.361
3798,2022,18,Japanese Grand Prix,11,PER,Red Bull Racing,90.622,89.925,89.709
3799,2022,18,Japanese Grand Prix,31,OCO,Alpine,90.696,90.357,90.165
3800,2022,18,Japanese Grand Prix,44,HAM,Mercedes,90.906,90.443,90.261
3801,2022,18,Japanese Grand Prix,14,ALO,Alpine,90.603,90.343,90.322
3802,2022,18,Japanese Grand Prix,63,RUS,Mercedes,90.865,90.465,90.389
3803,2022,18,Japanese Grand Prix,5,VET,Aston Martin,91.256,90.656,90.554
3804,2022,18,Japanese Grand Prix,4,NOR,McLaren,90.881,90.473,91.003
3805,2022,18,Japanese Grand Prix,3,RIC,McLaren,90.88,90.659,
3806,2022,18,Japanese Grand Prix,77,BOT,Alfa Romeo,91.226,90.709,
3807,2022,18,Japanese Grand Prix,22,TSU,AlphaTauri,91.13,90.808,
3808,2022,18,Japanese Grand Prix,24,ZHO,Alfa Romeo,90.894,90.953,
3809,2022,18,Japanese Grand Prix,47,MSC,Haas F1 Team,91.152,91.439,
3810,2022,18,Japanese Grand Prix,23,ALB,Williams,91.311,,
3811,2022,18,Japanese Grand Prix,10,GAS,AlphaTauri,91.322,,
3812,2022,18,Japanese Grand Prix,20,MAG,Haas F1 Team,91.352,,
3813,2022,18,Japanese Grand Prix,18,STR,Aston Martin,91.419,,
3814,2022,18,Japanese Grand Prix,6,LAT,Williams,91.511,,
3815,2022,19,United States Grand Prix,55,SAI,Ferrari,95.297,95.59,94.356
3816,2022,19,United States Grand Prix,16,LEC,Ferrari,95.795,95.246,94.421
3817,2022,19,United States Grand Prix,1,VER,Red Bull Racing,95.864,95.294,94.448
3818,2022,19,United States Grand Prix,11,PER,Red Bull Racing,96.163,95.864,94.645
3819,2022,19,United States Grand Prix,44,HAM,Mercedes,96.148,95.732,94.947
3820,2022,19,United States Grand Prix,63,RUS,Mercedes,96.195,95.692,94.988
3821,2022,19,United States Grand Prix,18,STR,Aston Martin,96.86,96.032,95.598
3822,2022,19,United States Grand Prix,4,NOR,McLaren,96.465,96.341,95.69
3823,2022,19,United States Grand Prix,14,ALO,Alpine,96.446,95.988,95.876
3824,2022,19,United States Grand Prix,77,BOT,Alfa Romeo,96.746,96.321,96.319
3825,2022,19,United States Grand Prix,23,ALB,Williams,96.932,96.368,
3826,2022,19,United States Grand Prix,5,VET,Aston Martin,96.695,96.398,
3827,2022,19,United States Grand Prix,10,GAS,AlphaTauri,96.577,96.74,
3828,2022,19,United States Grand Prix,24,ZHO,Alfa Romeo,96.656,96.97,
3829,2022,19,United States Grand Prix,22,TSU,AlphaTauri,96.808,97.147,
3830,2022,19,United States Grand Prix,20,MAG,Haas F1 Team,96.949,,
3831,2022,19,United States Grand Prix,3,RIC,McLaren,97.046,,
3832,2022,19,United States Grand Prix,31,OCO,Alpine,97.068,,
3833,2022,19,United States Grand Prix,47,MSC,Haas F1 Team,97.111,,
3834,2022,19,United States Grand Prix,6,LAT,Williams,97.244,,
3835,2022,20,Mexico City Grand Prix,1,VER,Red Bull Racing,79.222,78.566,77.775
3836,2022,20,Mexico City Grand Prix,63,RUS,Mercedes,79.583,78.565,78.079
3837,2022,20,Mexico City Grand Prix,44,HAM,Mercedes,79.169,78.552,78.084
3838,2022,20,Mexico City Grand Prix,11,PER,Red Bull Racing,79.706,78.615,78.128
3839,2022,20,Mexico City Grand Prix,55,SAI,Ferrari,79.566,78.56,78.351
3840,2022,20,Mexico City Grand Prix,77,BOT,Alfa Romeo,79.523,78.762,78.401
3841,2022,20,Mexico City Grand Prix,16,LEC,Ferrari,79.505,79.109,78.555
3842,2022,20,Mexico City Grand Prix,4,NOR,McLaren,79.857,79.119,78.721
3843,2022,20,Mexico City Grand Prix,14,ALO,Alpine,80.006,79.272,78.939
3844,2022,20,Mexico City Grand Prix,31,OCO,Alpine,79.945,79.081,79.01
3845,2022,20,Mexico City Grand Prix,3,RIC,McLaren,80.279,79.325,
3846,2022,20,Mexico City Grand Prix,24,ZHO,Alfa Romeo,80.283,79.476,
3847,2022,20,Mexico City Grand Prix,22,TSU,AlphaTauri,79.907,79.589,
3848,2022,20,Mexico City Grand Prix,10,GAS,AlphaTauri,80.256,79.672,
3849,2022,20,Mexico City Grand Prix,20,MAG,Haas F1 Team,80.293,79.833,
3850,2022,20,Mexico City Grand Prix,47,MSC,Haas F1 Team,80.419,,
3851,2022,20,Mexico City Grand Prix,5,VET,Aston Martin,80.419,,
3852,2022,20,Mexico City Grand Prix,18,STR,Aston Martin,80.52,,
3853,2022,20,Mexico City Grand Prix,23,ALB,Williams,80.859,,
3854,2022,20,Mexico City Grand Prix,6,LAT,Williams,81.167,,
3855,2022,21,São Paulo Grand Prix,20,MAG,Haas F1 Team,73.954,71.41,71.674
3856,2022,21,São Paulo Grand Prix,1,VER,Red Bull Racing,73.625,70.881,71.877
3857,2022,21,São Paulo Grand Prix,63,RUS,Mercedes,74.427,71.318,72.059
3858,2022,21,São Paulo Grand Prix,4,NOR,McLaren,73.106,71.377,72.263
3859,2022,21,São Paulo Grand Prix,55,SAI,Ferrari,74.68,70.89,72.357
3860,2022,21,São Paulo Grand Prix,31,OCO,Alpine,74.663,71.587,72.425
3861,2022,21,São Paulo Grand Prix,14,ALO,Alpine,73.542,71.394,72.504
3862,2022,21,São Paulo Grand Prix,44,HAM,Mercedes,73.403,71.539,72.611
3863,2022,21,São Paulo Grand Prix,11,PER,Red Bull Racing,73.613,71.456,75.601
3864,2022,21,São Paulo Grand Prix,16,LEC,Ferrari,74.486,70.95,
3865,2022,21,São Paulo Grand Prix,23,ALB,Williams,74.324,71.631,
3866,2022,21,São Paulo Grand Prix,10,GAS,AlphaTauri,74.371,71.675,
3867,2022,21,São Paulo Grand Prix,5,VET,Aston Martin,73.597,71.678,
3868,2022,21,São Paulo Grand Prix,3,RIC,McLaren,74.931,72.14,
3869,2022,21,São Paulo Grand Prix,18,STR,Aston Martin,74.398,72.21,
3870,2022,21,São Paulo Grand Prix,6,LAT,Williams,75.095,,
3871,2022,21,São Paulo Grand Prix,24,ZHO,Alfa Romeo,75.197,,
3872,2022,21,São Paulo Grand Prix,77,BOT,Alfa Romeo,75.486,,
3873,2022,21,São Paulo Grand Prix,22,TSU,AlphaTauri,76.264,,
3874,2022,21,São Paulo Grand Prix,47,MSC,Haas F1 Team,76.361,,
3875,2022,22,Abu Dhabi Grand Prix,1,VER,Red Bull Racing,84.754,84.622,83.824
3876,2022,22,Abu Dhabi Grand Prix,11,PER,Red Bull Racing,84.82,84.419,84.052
3877,2022,22,Abu Dhabi Grand Prix,16,LEC,Ferrari,85.211,84.517,84.092
3878,2022,22,Abu Dhabi Grand Prix,55,SAI,Ferrari,85.09,84.521,84.242
3879,2022,22,Abu Dhabi Grand Prix,44,HAM,Mercedes,85.594,84.774,84.508
3880,2022,22,Abu Dhabi Grand Prix,63,RUS,Mercedes,85.545,84.94,84.511
3881,2022,22,Abu Dhabi Grand Prix,4,NOR,McLaren,85.387,84.903,84.769
3882,2022,22,Abu Dhabi Grand Prix,31,OCO,Alpine,85.735,85.007,84.83
3883,2022,22,Abu Dhabi Grand Prix,5,VET,Aston Martin,85.523,84.974,84.961
3884,2022,22,Abu Dhabi Grand Prix,3,RIC,McLaren,85.766,85.068,85.045
3885,2022,22,Abu Dhabi Grand Prix,14,ALO,Alpine,85.782,85.096,
3886,2022,22,Abu Dhabi Grand Prix,22,TSU,AlphaTauri,85.63,85.219,
3887,2022,22,Abu Dhabi Grand Prix,47,MSC,Haas F1 Team,85.711,85.225,
3888,2022,22,Abu Dhabi Grand Prix,18,STR,Aston Martin,85.741,85.359,
3889,2022,22,Abu Dhabi Grand Prix,24,ZHO,Alfa Romeo,85.594,85.408,
3890,2022,22,Abu Dhabi Grand Prix,20,MAG,Haas F1 Team,85.834,,
3891,2022,22,Abu Dhabi Grand Prix,10,GAS,AlphaTauri,85.859,,
3892,2022,22,Abu Dhabi Grand Prix,77,BOT,Alfa Romeo,85.892,,
3893,2022,22,Abu Dhabi Grand Prix,23,ALB,Williams,86.028,,
3894,2022,22,Abu Dhabi Grand Prix,6,LAT,Williams,86.054,,
3895,2023,1,Bahrain Grand Prix,1,VER,Red Bull Racing,91.295,90.503,89.708
3896,2023,1,Bahrain Grand Prix,11,PER,Red Bull Racing,91.479,90.746,89.846
3897,2023,1,Bahrain Grand Prix,16,LEC,Ferrari,91.094,90.282,90.0
3898,2023,1,Bahrain Grand Prix,55,SAI,Ferrari,90.993,90.515,90.154
3899,2023,1,Bahrain Grand Prix,14,ALO,Aston Martin,91.158,90.645,90.336
3900,2023,1,Bahrain Grand Prix,63,RUS,Mercedes,91.057,90.507,90.34
3901,2023,1,Bahrain Grand Prix,44,HAM,Mercedes,91.543,90.513,90.384
3902,2023,1,Bahrain Grand Prix,18,STR,Aston Martin,91.184,91.127,90.836
3903,2023,1,Bahrain Grand Prix,31,OCO,Alpine,91.508,90.914,90.984
3904,2023,1,Bahrain Grand Prix,27,HUL,Haas F1 Team,91.204,90.809,
3905,2023,1,Bahrain Grand Prix,4,NOR,McLaren,91.652,91.381,
3906,2023,1,Bahrain Grand Prix,77,BOT,Alfa Romeo,91.504,91.443,
3907,2023,1,Bahrain Grand Prix,24,ZHO,Alfa Romeo,91.615,91.473,
3908,2023,1,Bahrain Grand Prix,22,TSU,AlphaTauri,91.4,92.51,
3909,2023,1,Bahrain Grand Prix,23,ALB,Williams,91.461,,
3910,2023,1,Bahrain Grand Prix,2,SAR,Williams,91.652,,
3911,2023,1,Bahrain Grand Prix,20,MAG,Haas F1 Team,91.892,,
3912,2023,1,Bahrain Grand Prix,81,PIA,McLaren,92.101,,
3913,2023,1,Bahrain Grand Prix,21,DEV,AlphaTauri,92.121,,
3914,2023,1,Bahrain Grand Prix,10,GAS,Alpine,92.181,,
3915,2023,2,Saudi Arabian Grand Prix,11,PER,Red Bull Racing,89.244,88.635,88.265
3916,2023,2,Saudi Arabian Grand Prix,16,LEC,Ferrari,89.376,88.903,88.42
3917,2023,2,Saudi Arabian Grand Prix,14,ALO,Aston Martin,89.298,88.757,88.73
3918,2023,2,Saudi Arabian Grand Prix,63,RUS,Mercedes,89.592,89.132,88.857
3919,2023,2,Saudi Arabian Grand Prix,55,SAI,Ferrari,89.411,88.957,88.931
3920,2023,2,Saudi Arabian Grand Prix,18,STR,Aston Martin,89.335,88.962,88.945
3921,2023,2,Saudi Arabian Grand Prix,31,OCO,Alpine,89.707,89.255,89.078
3922,2023,2,Saudi Arabian Grand Prix,44,HAM,Mercedes,89.689,89.374,89.223
3923,2023,2,Saudi Arabian Grand Prix,81,PIA,McLaren,89.706,89.378,89.243
3924,2023,2,Saudi Arabian Grand Prix,10,GAS,Alpine,89.89,89.411,89.357
3925,2023,2,Saudi Arabian Grand Prix,27,HUL,Haas F1 Team,89.547,89.451,
3926,2023,2,Saudi Arabian Grand Prix,24,ZHO,Alfa Romeo,89.654,89.461,
3927,2023,2,Saudi Arabian Grand Prix,20,MAG,Haas F1 Team,89.744,89.634,
3928,2023,2,Saudi Arabian Grand Prix,77,BOT,Alfa Romeo,89.929,89.668,
3929,2023,2,Saudi Arabian Grand Prix,1,VER,Red Bull Racing,88.761,109.953,
3930,2023,2,Saudi Arabian Grand Prix,22,TSU,AlphaTauri,89.939,,
3931,2023,2,Saudi Arabian Grand Prix,23,ALB,Williams,89.994,,
3932,2023,2,Saudi Arabian Grand Prix,21,DEV,AlphaTauri,90.244,,
3933,2023,2,Saudi Arabian Grand Prix,4,NOR,McLaren,90.447,,
3934,2023,2,Saudi Arabian Grand Prix,2,SAR,Williams,128.51,,
3935,2023,3,Australian Grand Prix,1,VER,Red Bull Racing,77.384,77.056,76.732
3936,2023,3,Australian Grand Prix,63,RUS,Mercedes,77.654,77.513,76.968
3937,2023,3,Australian Grand Prix,44,HAM,Mercedes,77.689,77.551,77.104
3938,2023,3,Australian Grand Prix,14,ALO,Aston Martin,77.832,77.283,77.139
3939,2023,3,Australian Grand Prix,55,SAI,Ferrari,77.928,77.349,77.27
3940,2023,3,Australian Grand Prix,18,STR,Aston Martin,77.873,77.616,77.308
3941,2023,3,Australian Grand Prix,16,LEC,Ferrari,78.218,77.39,77.369
3942,2023,3,Australian Grand Prix,23,ALB,Williams,77.962,77.761,77.609
3943,2023,3,Australian Grand Prix,10,GAS,Alpine,78.312,77.574,77.675
3944,2023,3,Australian Grand Prix,27,HUL,Haas F1 Team,78.029,77.412,77.735
3945,2023,3,Australian Grand Prix,31,OCO,Alpine,77.77,77.768,
3946,2023,3,Australian Grand Prix,22,TSU,AlphaTauri,78.471,78.099,
3947,2023,3,Australian Grand Prix,4,NOR,McLaren,78.243,78.119,
3948,2023,3,Australian Grand Prix,20,MAG,Haas F1 Team,78.159,78.129,
3949,2023,3,Australian Grand Prix,21,DEV,AlphaTauri,78.45,78.335,
3950,2023,3,Australian Grand Prix,81,PIA,McLaren,78.517,,
3951,2023,3,Australian Grand Prix,24,ZHO,Alfa Romeo,78.54,,
3952,2023,3,Australian Grand Prix,2,SAR,Williams,78.557,,
3953,2023,3,Australian Grand Prix,77,BOT,Alfa Romeo,78.714,,
3954,2023,3,Australian Grand Prix,11,PER,Red Bull Racing,,,
3955,2023,4,Azerbaijan Grand Prix,16,LEC,Ferrari,101.269,101.037,100.203
3956,2023,4,Azerbaijan Grand Prix,1,VER,Red Bull Racing,101.398,100.822,100.391
3957,2023,4,Azerbaijan Grand Prix,11,PER,Red Bull Racing,101.131,101.131,100.495
3958,2023,4,Azerbaijan Grand Prix,55,SAI,Ferrari,102.197,101.016,101.016
3959,2023,4,Azerbaijan Grand Prix,44,HAM,Mercedes,102.113,101.177,101.177
3960,2023,4,Azerbaijan Grand Prix,14,ALO,Aston Martin,101.72,101.37,101.253
3961,2023,4,Azerbaijan Grand Prix,4,NOR,McLaren,102.154,101.485,101.281
3962,2023,4,Azerbaijan Grand Prix,22,TSU,AlphaTauri,102.234,101.569,101.581
3963,2023,4,Azerbaijan Grand Prix,18,STR,Aston Martin,102.524,101.576,101.611
3964,2023,4,Azerbaijan Grand Prix,81,PIA,McLaren,102.455,101.636,101.611
3965,2023,4,Azerbaijan Grand Prix,63,RUS,Mercedes,102.073,101.654,
3966,2023,4,Azerbaijan Grand Prix,31,OCO,Alpine,102.622,101.798,
3967,2023,4,Azerbaijan Grand Prix,23,ALB,Williams,102.171,101.818,
3968,2023,4,Azerbaijan Grand Prix,77,BOT,Alfa Romeo,102.582,102.259,
3969,2023,4,Azerbaijan Grand Prix,2,SAR,Williams,102.242,102.395,
3970,2023,4,Azerbaijan Grand Prix,24,ZHO,Alfa Romeo,102.642,,
3971,2023,4,Azerbaijan Grand Prix,27,HUL,Haas F1 Team,102.755,,
3972,2023,4,Azerbaijan Grand Prix,20,MAG,Haas F1 Team,103.417,,
3973,2023,4,Azerbaijan Grand Prix,10,GAS,Alpine,104.853,,
3974,2023,4,Azerbaijan Grand Prix,21,DEV,AlphaTauri,115.282,,
3975,2023,5,Miami Grand Prix,11,PER,Red Bull Racing,87.713,87.328,86.841
3976,2023,5,Miami Grand Prix,14,ALO,Aston Martin,88.179,87.097,87.202
3977,2023,5,Miami Grand Prix,55,SAI,Ferrari,87.686,87.148,87.349
3978,2023,5,Miami Grand Prix,20,MAG,Haas F1 Team,87.809,87.673,87.767
3979,2023,5,Miami Grand Prix,10,GAS,Alpine,88.061,87.612,87.786
3980,2023,5,Miami Grand Prix,63,RUS,Mercedes,88.086,87.743,87.804
3981,2023,5,Miami Grand Prix,16,LEC,Ferrari,87.713,86.964,87.861
3982,2023,5,Miami Grand Prix,31,OCO,Alpine,87.872,87.444,87.935
3983,2023,5,Miami Grand Prix,1,VER,Red Bull Racing,87.363,86.814,
3984,2023,5,Miami Grand Prix,77,BOT,Alfa Romeo,87.864,87.564,
3985,2023,5,Miami Grand Prix,23,ALB,Williams,88.234,87.795,
3986,2023,5,Miami Grand Prix,27,HUL,Haas F1 Team,87.945,87.903,
3987,2023,5,Miami Grand Prix,44,HAM,Mercedes,87.846,87.975,
3988,2023,5,Miami Grand Prix,24,ZHO,Alfa Romeo,88.18,88.091,
3989,2023,5,Miami Grand Prix,21,DEV,AlphaTauri,88.325,88.395,
3990,2023,5,Miami Grand Prix,4,NOR,McLaren,88.394,,
3991,2023,5,Miami Grand Prix,22,TSU,AlphaTauri,88.429,,
3992,2023,5,Miami Grand Prix,18,STR,Aston Martin,88.476,,
3993,2023,5,Miami Grand Prix,81,PIA,McLaren,88.484,,
3994,2023,5,Miami Grand Prix,2,SAR,Williams,88.577,,
3995,2023,6,Monaco Grand Prix,1,VER,Red Bull Racing,72.386,71.908,71.365
3996,2023,6,Monaco Grand Prix,14,ALO,Aston Martin,72.886,72.107,71.449
3997,2023,6,Monaco Grand Prix,16,LEC,Ferrari,72.912,72.103,71.471
3998,2023,6,Monaco Grand Prix,31,OCO,Alpine,72.967,72.248,71.553
3999,2023,6,Monaco Grand Prix,55,SAI,Ferrari,72.717,72.21,71.63
4000,2023,6,Monaco Grand Prix,44,HAM,Mercedes,72.872,72.156,71.725
4001,2023,6,Monaco Grand Prix,10,GAS,Alpine,73.033,72.169,71.933
4002,2023,6,Monaco Grand Prix,63,RUS,Mercedes,72.769,72.151,71.964
4003,2023,6,Monaco Grand Prix,22,TSU,AlphaTauri,72.642,72.249,72.082
4004,2023,6,Monaco Grand Prix,4,NOR,McLaren,72.877,72.377,72.254
4005,2023,6,Monaco Grand Prix,81,PIA,McLaren,73.006,72.395,
4006,2023,6,Monaco Grand Prix,21,DEV,AlphaTauri,73.054,72.428,
4007,2023,6,Monaco Grand Prix,23,ALB,Williams,72.706,72.527,
4008,2023,6,Monaco Grand Prix,18,STR,Aston Martin,72.722,72.623,
4009,2023,6,Monaco Grand Prix,77,BOT,Alfa Romeo,73.038,72.625,
4010,2023,6,Monaco Grand Prix,2,SAR,Williams,73.113,,
4011,2023,6,Monaco Grand Prix,20,MAG,Haas F1 Team,73.27,,
4012,2023,6,Monaco Grand Prix,27,HUL,Haas F1 Team,73.279,,
4013,2023,6,Monaco Grand Prix,24,ZHO,Alfa Romeo,73.523,,
4014,2023,6,Monaco Grand Prix,11,PER,Red Bull Racing,73.85,,
4015,2023,7,Spanish Grand Prix,1,VER,Red Bull Racing,73.615,72.76,72.272
4016,2023,7,Spanish Grand Prix,55,SAI,Ferrari,73.411,72.79,72.734
4017,2023,7,Spanish Grand Prix,4,NOR,McLaren,73.295,72.776,72.792
4018,2023,7,Spanish Grand Prix,10,GAS,Alpine,73.471,73.186,72.816
4019,2023,7,Spanish Grand Prix,44,HAM,Mercedes,72.937,72.999,72.818
4020,2023,7,Spanish Grand Prix,18,STR,Aston Martin,73.766,73.082,72.994
4021,2023,7,Spanish Grand Prix,31,OCO,Alpine,73.433,73.001,73.083
4022,2023,7,Spanish Grand Prix,27,HUL,Haas F1 Team,73.42,73.283,73.229
4023,2023,7,Spanish Grand Prix,14,ALO,Aston Martin,73.747,73.098,73.507
4024,2023,7,Spanish Grand Prix,81,PIA,McLaren,73.691,73.059,73.682
4025,2023,7,Spanish Grand Prix,11,PER,Red Bull Racing,73.874,73.334,
4026,2023,7,Spanish Grand Prix,63,RUS,Mercedes,73.326,73.447,
4027,2023,7,Spanish Grand Prix,24,ZHO,Alfa Romeo,73.677,73.521,
4028,2023,7,Spanish Grand Prix,21,DEV,AlphaTauri,73.581,74.083,
4029,2023,7,Spanish Grand Prix,22,TSU,AlphaTauri,73.862,74.477,
4030,2023,7,Spanish Grand Prix,77,BOT,Alfa Romeo,73.977,,
4031,2023,7,Spanish Grand Prix,20,MAG,Haas F1 Team,74.042,,
4032,2023,7,Spanish Grand Prix,23,ALB,Williams,74.063,,
4033,2023,7,Spanish Grand Prix,16,LEC,Ferrari,74.079,,
4034,2023,7,Spanish Grand Prix,2,SAR,Williams,74.699,,
4035,2023,8,Canadian Grand Prix,1,VER,Red Bull Racing,80.851,79.092,85.858
4036,2023,8,Canadian Grand Prix,27,HUL,Haas F1 Team,82.73,80.305,87.102
4037,2023,8,Canadian Grand Prix,14,ALO,Aston Martin,81.481,79.776,87.286
4038,2023,8,Canadian Grand Prix,44,HAM,Mercedes,81.554,80.426,87.627
4039,2023,8,Canadian Grand Prix,63,RUS,Mercedes,81.798,80.098,87.893
4040,2023,8,Canadian Grand Prix,31,OCO,Alpine,82.114,80.406,87.945
4041,2023,8,Canadian Grand Prix,4,NOR,McLaren,81.998,79.347,88.046
4042,2023,8,Canadian Grand Prix,55,SAI,Ferrari,82.248,79.856,89.294
4043,2023,8,Canadian Grand Prix,81,PIA,McLaren,82.19,79.659,91.349
4044,2023,8,Canadian Grand Prix,23,ALB,Williams,81.938,78.725,
4045,2023,8,Canadian Grand Prix,16,LEC,Ferrari,81.843,80.615,
4046,2023,8,Canadian Grand Prix,11,PER,Red Bull Racing,82.151,80.959,
4047,2023,8,Canadian Grand Prix,18,STR,Aston Martin,82.677,81.484,
4048,2023,8,Canadian Grand Prix,20,MAG,Haas F1 Team,82.351,81.678,
4049,2023,8,Canadian Grand Prix,77,BOT,Alfa Romeo,82.332,81.821,
4050,2023,8,Canadian Grand Prix,22,TSU,AlphaTauri,82.746,,
4051,2023,8,Canadian Grand Prix,10,GAS,Alpine,82.886,,
4052,2023,8,Canadian Grand Prix,21,DEV,AlphaTauri,83.137,,
4053,2023,8,Canadian Grand Prix,2,SAR,Williams,83.337,,
4054,2023,8,Canadian Grand Prix,24,ZHO,Alfa Romeo,83.342,,
4055,2023,9,Austrian Grand Prix,1,VER,Red Bull Racing,65.116,64.951,64.391
4056,2023,9,Austrian Grand Prix,16,LEC,Ferrari,65.577,65.087,64.439
4057,2023,9,Austrian Grand Prix,55,SAI,Ferrari,65.339,64.975,64.581
4058,2023,9,Austrian Grand Prix,4,NOR,McLaren,65.617,65.038,64.658
4059,2023,9,Austrian Grand Prix,44,HAM,Mercedes,65.673,65.188,64.819
4060,2023,9,Austrian Grand Prix,18,STR,Aston Martin,65.71,65.121,64.893
4061,2023,9,Austrian Grand Prix,14,ALO,Aston Martin,65.655,65.181,64.911
4062,2023,9,Austrian Grand Prix,27,HUL,Haas F1 Team,65.74,65.362,65.09
4063,2023,9,Austrian Grand Prix,10,GAS,Alpine,65.515,65.308,65.17
4064,2023,9,Austrian Grand Prix,23,ALB,Williams,65.673,65.387,65.823
4065,2023,9,Austrian Grand Prix,63,RUS,Mercedes,65.686,65.428,
4066,2023,9,Austrian Grand Prix,31,OCO,Alpine,65.729,65.453,
4067,2023,9,Austrian Grand Prix,81,PIA,McLaren,65.683,65.605,
4068,2023,9,Austrian Grand Prix,77,BOT,Alfa Romeo,65.763,65.68,
4069,2023,9,Austrian Grand Prix,11,PER,Red Bull Racing,65.177,126.688,
4070,2023,9,Austrian Grand Prix,22,TSU,AlphaTauri,65.784,,
4071,2023,9,Austrian Grand Prix,24,ZHO,Alfa Romeo,65.818,,
4072,2023,9,Austrian Grand Prix,2,SAR,Williams,65.948,,
4073,2023,9,Austrian Grand Prix,20,MAG,Haas F1 Team,65.971,,
4074,2023,9,Austrian Grand Prix,21,DEV,AlphaTauri,65.974,,
4075,2023,10,British Grand Prix,1,VER,Red Bull Racing,89.428,87.702,86.72
4076,2023,10,British Grand Prix,4,NOR,McLaren,88.917,88.042,86.961
4077,2023,10,British Grand Prix,81,PIA,McLaren,89.874,87.845,87.092
4078,2023,10,British Grand Prix,16,LEC,Ferrari,89.143,88.361,87.136
4079,2023,10,British Grand Prix,55,SAI,Ferrari,89.865,88.265,87.148
4080,2023,10,British Grand Prix,63,RUS,Mercedes,89.412,88.782,87.155
4081,2023,10,British Grand Prix,44,HAM,Mercedes,89.415,88.545,87.211
4082,2023,10,British Grand Prix,23,ALB,Williams,89.466,88.067,87.53
4083,2023,10,British Grand Prix,14,ALO,Aston Martin,89.949,88.368,87.659
4084,2023,10,British Grand Prix,10,GAS,Alpine,89.533,88.751,87.689
4085,2023,10,British Grand Prix,27,HUL,Haas F1 Team,89.603,88.896,
4086,2023,10,British Grand Prix,18,STR,Aston Martin,89.448,88.935,
4087,2023,10,British Grand Prix,31,OCO,Alpine,89.7,88.956,
4088,2023,10,British Grand Prix,2,SAR,Williams,89.873,89.031,
4089,2023,10,British Grand Prix,77,BOT,Alfa Romeo,89.798,,
4090,2023,10,British Grand Prix,11,PER,Red Bull Racing,89.968,,
4091,2023,10,British Grand Prix,22,TSU,AlphaTauri,90.025,,
4092,2023,10,British Grand Prix,24,ZHO,Alfa Romeo,90.123,,
4093,2023,10,British Grand Prix,21,DEV,AlphaTauri,90.513,,
4094,2023,10,British Grand Prix,20,MAG,Haas F1 Team,92.378,,
4095,2023,11,Hungarian Grand Prix,44,HAM,Mercedes,78.577,77.427,76.609
4096,2023,11,Hungarian Grand Prix,1,VER,Red Bull Racing,78.318,77.547,76.612
4097,2023,11,Hungarian Grand Prix,4,NOR,McLaren,78.697,77.328,76.694
4098,2023,11,Hungarian Grand Prix,81,PIA,McLaren,78.464,77.571,76.905
4099,2023,11,Hungarian Grand Prix,24,ZHO,Alfa Romeo,78.143,77.7,76.971
4100,2023,11,Hungarian Grand Prix,16,LEC,Ferrari,78.44,77.58,76.992
4101,2023,11,Hungarian Grand Prix,77,BOT,Alfa Romeo,78.775,77.563,77.034
4102,2023,11,Hungarian Grand Prix,14,ALO,Aston Martin,78.58,77.701,77.035
4103,2023,11,Hungarian Grand Prix,11,PER,Red Bull Racing,78.36,77.675,77.045
4104,2023,11,Hungarian Grand Prix,27,HUL,Haas F1 Team,78.695,77.652,77.186
4105,2023,11,Hungarian Grand Prix,55,SAI,Ferrari,78.393,77.703,
4106,2023,11,Hungarian Grand Prix,31,OCO,Alpine,78.854,77.841,
4107,2023,11,Hungarian Grand Prix,3,RIC,AlphaTauri,78.906,78.002,
4108,2023,11,Hungarian Grand Prix,18,STR,Aston Martin,78.782,78.144,
4109,2023,11,Hungarian Grand Prix,10,GAS,Alpine,78.743,78.217,
4110,2023,11,Hungarian Grand Prix,23,ALB,Williams,78.917,,
4111,2023,11,Hungarian Grand Prix,22,TSU,AlphaTauri,78.919,,
4112,2023,11,Hungarian Grand Prix,63,RUS,Mercedes,79.027,,
4113,2023,11,Hungarian Grand Prix,20,MAG,Haas F1 Team,79.206,,
4114,2023,11,Hungarian Grand Prix,2,SAR,Williams,79.248,,
4115,2023,12,Belgian Grand Prix,1,VER,Red Bull Racing,118.515,112.784,106.168
4116,2023,12,Belgian Grand Prix,16,LEC,Ferrari,118.3,112.017,106.988
4117,2023,12,Belgian Grand Prix,11,PER,Red Bull Racing,118.899,112.353,107.045
4118,2023,12,Belgian Grand Prix,44,HAM,Mercedes,118.563,112.345,107.087
4119,2023,12,Belgian Grand Prix,55,SAI,Ferrari,118.688,111.711,107.152
4120,2023,12,Belgian Grand Prix,81,PIA,McLaren,118.872,111.534,107.365
4121,2023,12,Belgian Grand Prix,4,NOR,McLaren,119.981,112.252,107.669
4122,2023,12,Belgian Grand Prix,63,RUS,Mercedes,119.035,112.605,107.805
4123,2023,12,Belgian Grand Prix,14,ALO,Aston Martin,118.834,112.751,107.843
4124,2023,12,Belgian Grand Prix,18,STR,Aston Martin,119.663,112.193,108.841
4125,2023,12,Belgian Grand Prix,22,TSU,AlphaTauri,119.044,113.148,
4126,2023,12,Belgian Grand Prix,10,GAS,Alpine,119.511,113.671,
4127,2023,12,Belgian Grand Prix,20,MAG,Haas F1 Team,120.02,114.16,
4128,2023,12,Belgian Grand Prix,77,BOT,Alfa Romeo,119.484,114.694,
4129,2023,12,Belgian Grand Prix,31,OCO,Alpine,119.634,116.372,
4130,2023,12,Belgian Grand Prix,23,ALB,Williams,120.314,,
4131,2023,12,Belgian Grand Prix,24,ZHO,Alfa Romeo,120.832,,
4132,2023,12,Belgian Grand Prix,2,SAR,Williams,121.535,,
4133,2023,12,Belgian Grand Prix,3,RIC,AlphaTauri,122.159,,
4134,2023,12,Belgian Grand Prix,27,HUL,Haas F1 Team,123.166,,
4135,2023,13,Dutch Grand Prix,1,VER,Red Bull Racing,80.965,78.856,70.567
4136,2023,13,Dutch Grand Prix,4,NOR,McLaren,81.276,79.769,71.104
4137,2023,13,Dutch Grand Prix,63,RUS,Mercedes,81.345,79.62,71.294
4138,2023,13,Dutch Grand Prix,23,ALB,Williams,80.939,79.399,71.419
4139,2023,13,Dutch Grand Prix,14,ALO,Aston Martin,81.84,79.429,71.506
4140,2023,13,Dutch Grand Prix,55,SAI,Ferrari,81.321,79.929,71.754
4141,2023,13,Dutch Grand Prix,11,PER,Red Bull Racing,81.972,79.856,71.88
4142,2023,13,Dutch Grand Prix,81,PIA,McLaren,81.231,79.392,71.938
4143,2023,13,Dutch Grand Prix,16,LEC,Ferrari,82.019,79.6,72.665
4144,2023,13,Dutch Grand Prix,2,SAR,Williams,82.036,80.067,76.748
4145,2023,13,Dutch Grand Prix,18,STR,Aston Martin,81.57,80.121,
4146,2023,13,Dutch Grand Prix,10,GAS,Alpine,81.735,80.128,
4147,2023,13,Dutch Grand Prix,44,HAM,Mercedes,81.919,80.151,
4148,2023,13,Dutch Grand Prix,22,TSU,AlphaTauri,81.781,80.23,
4149,2023,13,Dutch Grand Prix,27,HUL,Haas F1 Team,81.891,80.25,
4150,2023,13,Dutch Grand Prix,24,ZHO,Alfa Romeo,82.067,,
4151,2023,13,Dutch Grand Prix,31,OCO,Alpine,82.11,,
4152,2023,13,Dutch Grand Prix,20,MAG,Haas F1 Team,82.192,,
4153,2023,13,Dutch Grand Prix,77,BOT,Alfa Romeo,82.26,,
4154,2023,13,Dutch Grand Prix,40,LAW,AlphaTauri,83.42,,
4155,2023,14,Italian Grand Prix,55,SAI,Ferrari,81.965,80.991,80.294
4156,2023,14,Italian Grand Prix,1,VER,Red Bull Racing,81.573,80.937,80.307
4157,2023,14,Italian Grand Prix,16,LEC,Ferrari,81.788,80.977,80.361
4158,2023,14,Italian Grand Prix,63,RUS,Mercedes,82.148,81.382,80.671
4159,2023,14,Italian Grand Prix,11,PER,Red Bull Racing,81.911,81.24,80.688
4160,2023,14,Italian Grand Prix,23,ALB,Williams,81.661,81.272,80.76
4161,2023,14,Italian Grand Prix,81,PIA,McLaren,82.106,81.527,80.785
4162,2023,14,Italian Grand Prix,44,HAM,Mercedes,81.977,81.369,80.82
4163,2023,14,Italian Grand Prix,4,NOR,McLaren,81.995,81.581,80.979
4164,2023,14,Italian Grand Prix,14,ALO,Aston Martin,82.043,81.543,81.417
4165,2023,14,Italian Grand Prix,22,TSU,AlphaTauri,81.852,81.594,
4166,2023,14,Italian Grand Prix,40,LAW,AlphaTauri,82.112,81.758,
4167,2023,14,Italian Grand Prix,27,HUL,Haas F1 Team,82.343,81.776,
4168,2023,14,Italian Grand Prix,77,BOT,Alfa Romeo,82.249,81.94,
4169,2023,14,Italian Grand Prix,2,SAR,Williams,81.93,81.944,
4170,2023,14,Italian Grand Prix,24,ZHO,Alfa Romeo,82.39,,
4171,2023,14,Italian Grand Prix,10,GAS,Alpine,82.545,,
4172,2023,14,Italian Grand Prix,31,OCO,Alpine,82.548,,
4173,2023,14,Italian Grand Prix,20,MAG,Haas F1 Team,82.592,,
4174,2023,14,Italian Grand Prix,18,STR,Aston Martin,82.86,,
4175,2023,15,Singapore Grand Prix,55,SAI,Ferrari,92.339,91.439,90.984
4176,2023,15,Singapore Grand Prix,63,RUS,Mercedes,92.331,91.743,91.056
4177,2023,15,Singapore Grand Prix,16,LEC,Ferrari,92.406,92.012,91.063
4178,2023,15,Singapore Grand Prix,4,NOR,McLaren,92.483,91.951,91.27
4179,2023,15,Singapore Grand Prix,44,HAM,Mercedes,92.651,92.019,91.485
4180,2023,15,Singapore Grand Prix,20,MAG,Haas F1 Team,92.242,91.892,91.575
4181,2023,15,Singapore Grand Prix,14,ALO,Aston Martin,92.584,91.835,91.615
4182,2023,15,Singapore Grand Prix,31,OCO,Alpine,92.369,92.089,91.673
4183,2023,15,Singapore Grand Prix,27,HUL,Haas F1 Team,92.1,91.994,91.808
4184,2023,15,Singapore Grand Prix,40,LAW,AlphaTauri,92.215,92.166,92.268
4185,2023,15,Singapore Grand Prix,1,VER,Red Bull Racing,92.398,92.173,
4186,2023,15,Singapore Grand Prix,10,GAS,Alpine,92.452,92.274,
4187,2023,15,Singapore Grand Prix,11,PER,Red Bull Racing,92.099,92.31,
4188,2023,15,Singapore Grand Prix,23,ALB,Williams,92.668,93.719,
4189,2023,15,Singapore Grand Prix,22,TSU,AlphaTauri,91.991,,
4190,2023,15,Singapore Grand Prix,77,BOT,Alfa Romeo,92.809,,
4191,2023,15,Singapore Grand Prix,81,PIA,McLaren,92.902,,
4192,2023,15,Singapore Grand Prix,2,SAR,Williams,93.252,,
4193,2023,15,Singapore Grand Prix,24,ZHO,Alfa Romeo,93.258,,
4194,2023,15,Singapore Grand Prix,18,STR,Aston Martin,93.397,,
4195,2023,16,Japanese Grand Prix,1,VER,Red Bull Racing,89.878,89.964,88.877
4196,2023,16,Japanese Grand Prix,81,PIA,McLaren,90.439,90.122,89.458
4197,2023,16,Japanese Grand Prix,4,NOR,McLaren,90.063,90.296,89.493
4198,2023,16,Japanese Grand Prix,16,LEC,Ferrari,90.393,89.94,89.542
4199,2023,16,Japanese Grand Prix,11,PER,Red Bull Racing,90.652,89.965,89.65
4200,2023,16,Japanese Grand Prix,55,SAI,Ferrari,90.651,90.067,89.85
4201,2023,16,Japanese Grand Prix,44,HAM,Mercedes,90.811,90.04,89.908
4202,2023,16,Japanese Grand Prix,63,RUS,Mercedes,90.811,90.268,90.219
4203,2023,16,Japanese Grand Prix,22,TSU,AlphaTauri,90.733,90.204,90.303
4204,2023,16,Japanese Grand Prix,14,ALO,Aston Martin,90.971,90.465,90.56
4205,2023,16,Japanese Grand Prix,40,LAW,AlphaTauri,90.425,90.508,
4206,2023,16,Japanese Grand Prix,10,GAS,Alpine,90.843,90.509,
4207,2023,16,Japanese Grand Prix,23,ALB,Williams,90.941,90.537,
4208,2023,16,Japanese Grand Prix,31,OCO,Alpine,90.96,90.586,
4209,2023,16,Japanese Grand Prix,20,MAG,Haas F1 Team,90.976,90.665,
4210,2023,16,Japanese Grand Prix,77,BOT,Alfa Romeo,91.049,,
4211,2023,16,Japanese Grand Prix,18,STR,Aston Martin,91.181,,
4212,2023,16,Japanese Grand Prix,27,HUL,Haas F1 Team,91.299,,
4213,2023,16,Japanese Grand Prix,24,ZHO,Alfa Romeo,91.398,,
4214,2023,16,Japanese Grand Prix,2,SAR,Williams,,,
4215,2023,17,Qatar Grand Prix,1,VER,Red Bull Racing,85.007,84.483,83.778
4216,2023,17,Qatar Grand Prix,63,RUS,Mercedes,85.334,84.827,84.219
4217,2023,17,Qatar Grand Prix,44,HAM,Mercedes,86.076,84.381,84.305
4218,2023,17,Qatar Grand Prix,14,ALO,Aston Martin,85.223,85.241,84.369
4219,2023,17,Qatar Grand Prix,16,LEC,Ferrari,85.452,85.079,84.424
4220,2023,17,Qatar Grand Prix,81,PIA,McLaren,85.266,84.724,84.54
4221,2023,17,Qatar Grand Prix,10,GAS,Alpine,85.566,84.918,84.553
4222,2023,17,Qatar Grand Prix,31,OCO,Alpine,85.711,84.928,84.763
4223,2023,17,Qatar Grand Prix,77,BOT,Alfa Romeo,86.038,85.297,85.058
4224,2023,17,Qatar Grand Prix,4,NOR,McLaren,85.131,84.685,
4225,2023,17,Qatar Grand Prix,22,TSU,AlphaTauri,86.058,85.301,
4226,2023,17,Qatar Grand Prix,55,SAI,Ferrari,85.808,85.328,
4227,2023,17,Qatar Grand Prix,11,PER,Red Bull Racing,85.991,85.462,
4228,2023,17,Qatar Grand Prix,23,ALB,Williams,86.118,85.707,
4229,2023,17,Qatar Grand Prix,27,HUL,Haas F1 Team,85.904,85.783,
4230,2023,17,Qatar Grand Prix,2,SAR,Williams,86.21,,
4231,2023,17,Qatar Grand Prix,18,STR,Aston Martin,86.345,,
4232,2023,17,Qatar Grand Prix,40,LAW,AlphaTauri,86.635,,
4233,2023,17,Qatar Grand Prix,20,MAG,Haas F1 Team,87.046,,
4234,2023,17,Qatar Grand Prix,24,ZHO,Alfa Romeo,87.432,,
4235,2023,18,United States Grand Prix,16,LEC,Ferrari,96.061,95.004,94.723
4236,2023,18,United States Grand Prix,4,NOR,McLaren,95.11,95.441,94.853
4237,2023,18,United States Grand Prix,44,HAM,Mercedes,95.091,95.24,94.862
4238,2023,18,United States Grand Prix,55,SAI,Ferrari,95.824,95.302,94.945
4239,2023,18,United States Grand Prix,63,RUS,Mercedes,96.165,95.606,95.079
4240,2023,18,United States Grand Prix,1,VER,Red Bull Racing,95.346,95.008,95.081
4241,2023,18,United States Grand Prix,10,GAS,Alpine,96.158,95.496,95.089
4242,2023,18,United States Grand Prix,31,OCO,Alpine,96.131,95.413,95.154
4243,2023,18,United States Grand Prix,11,PER,Red Bull Racing,95.989,95.679,95.173
4244,2023,18,United States Grand Prix,81,PIA,McLaren,96.064,95.576,95.467
4245,2023,18,United States Grand Prix,22,TSU,AlphaTauri,95.913,95.697,
4246,2023,18,United States Grand Prix,24,ZHO,Alfa Romeo,96.052,95.698,
4247,2023,18,United States Grand Prix,77,BOT,Alfa Romeo,96.082,95.858,
4248,2023,18,United States Grand Prix,20,MAG,Haas F1 Team,96.009,95.88,
4249,2023,18,United States Grand Prix,3,RIC,AlphaTauri,96.213,95.974,
4250,2023,18,United States Grand Prix,27,HUL,Haas F1 Team,96.235,,
4251,2023,18,United States Grand Prix,14,ALO,Aston Martin,96.268,,
4252,2023,18,United States Grand Prix,23,ALB,Williams,96.315,,
4253,2023,18,United States Grand Prix,18,STR,Aston Martin,96.589,,
4254,2023,18,United States Grand Prix,2,SAR,Williams,96.827,,
4255,2023,19,Mexico City Grand Prix,16,LEC,Ferrari,78.401,77.901,77.166
4256,2023,19,Mexico City Grand Prix,55,SAI,Ferrari,78.755,78.382,77.233
4257,2023,19,Mexico City Grand Prix,1,VER,Red Bull Racing,78.099,77.625,77.263
4258,2023,19,Mexico City Grand Prix,3,RIC,AlphaTauri,78.341,77.706,77.382
4259,2023,19,Mexico City Grand Prix,11,PER,Red Bull Racing,78.553,78.124,77.423
4260,2023,19,Mexico City Grand Prix,44,HAM,Mercedes,78.677,77.571,77.454
4261,2023,19,Mexico City Grand Prix,81,PIA,McLaren,78.241,77.874,77.623
4262,2023,19,Mexico City Grand Prix,63,RUS,Mercedes,78.893,77.673,77.674
4263,2023,19,Mexico City Grand Prix,77,BOT,Alfa Romeo,78.429,78.016,78.032
4264,2023,19,Mexico City Grand Prix,24,ZHO,Alfa Romeo,79.016,78.44,78.05
4265,2023,19,Mexico City Grand Prix,10,GAS,Alpine,78.945,78.521,
4266,2023,19,Mexico City Grand Prix,27,HUL,Haas F1 Team,78.969,78.524,
4267,2023,19,Mexico City Grand Prix,14,ALO,Aston Martin,78.848,78.738,
4268,2023,19,Mexico City Grand Prix,23,ALB,Williams,78.828,79.147,
4269,2023,19,Mexico City Grand Prix,22,TSU,AlphaTauri,78.89,,
4270,2023,19,Mexico City Grand Prix,31,OCO,Alpine,79.08,,
4271,2023,19,Mexico City Grand Prix,20,MAG,Haas F1 Team,79.163,,
4272,2023,19,Mexico City Grand Prix,18,STR,Aston Martin,79.227,,
4273,2023,19,Mexico City Grand Prix,4,NOR,McLaren,81.554,,
4274,2023,19,Mexico City Grand Prix,2,SAR,Williams,,,
4275,2023,20,São Paulo Grand Prix,1,VER,Red Bull Racing,70.436,70.162,70.727
4276,2023,20,São Paulo Grand Prix,16,LEC,Ferrari,70.472,70.303,71.021
4277,2023,20,São Paulo Grand Prix,18,STR,Aston Martin,70.551,70.375,71.344
4278,2023,20,São Paulo Grand Prix,14,ALO,Aston Martin,70.557,70.237,71.387
4279,2023,20,São Paulo Grand Prix,44,HAM,Mercedes,70.604,70.266,71.469
4280,2023,20,São Paulo Grand Prix,63,RUS,Mercedes,70.34,70.316,71.59
4281,2023,20,São Paulo Grand Prix,4,NOR,McLaren,70.623,70.021,71.987
4282,2023,20,São Paulo Grand Prix,55,SAI,Ferrari,70.624,70.254,71.989
4283,2023,20,São Paulo Grand Prix,11,PER,Red Bull Racing,70.668,70.219,72.321
4284,2023,20,São Paulo Grand Prix,81,PIA,McLaren,70.519,70.33,
4285,2023,20,São Paulo Grand Prix,27,HUL,Haas F1 Team,70.475,70.547,
4286,2023,20,São Paulo Grand Prix,31,OCO,Alpine,70.763,70.562,
4287,2023,20,São Paulo Grand Prix,10,GAS,Alpine,70.793,70.567,
4288,2023,20,São Paulo Grand Prix,20,MAG,Haas F1 Team,70.602,70.723,
4289,2023,20,São Paulo Grand Prix,23,ALB,Williams,70.621,70.84,
4290,2023,20,São Paulo Grand Prix,22,TSU,AlphaTauri,70.837,,
4291,2023,20,São Paulo Grand Prix,3,RIC,AlphaTauri,70.843,,
4292,2023,20,São Paulo Grand Prix,77,BOT,Alfa Romeo,70.955,,
4293,2023,20,São Paulo Grand Prix,2,SAR,Williams,71.035,,
4294,2023,20,São Paulo Grand Prix,24,ZHO,Alfa Romeo,71.275,,
4295,2023,21,Las Vegas Grand Prix,16,LEC,Ferrari,93.617,92.775,92.726
4296,2023,21,Las Vegas Grand Prix,55,SAI,Ferrari,93.851,93.338,92.77
4297,2023,21,Las Vegas Grand Prix,1,VER,Red Bull Racing,94.19,93.572,93.104
4298,2023,21,Las Vegas Grand Prix,63,RUS,Mercedes,94.137,93.351,93.112
4299,2023,21,Las Vegas Grand Prix,10,GAS,Alpine,94.272,93.494,93.239
4300,2023,21,Las Vegas Grand Prix,23,ALB,Williams,94.634,93.588,93.323
4301,2023,21,Las Vegas Grand Prix,2,SAR,Williams,94.525,93.733,93.513
4302,2023,21,Las Vegas Grand Prix,77,BOT,Alfa Romeo,94.305,93.809,93.525
4303,2023,21,Las Vegas Grand Prix,20,MAG,Haas F1 Team,94.337,93.664,93.537
4304,2023,21,Las Vegas Grand Prix,14,ALO,Aston Martin,94.422,93.617,93.555
4305,2023,21,Las Vegas Grand Prix,44,HAM,Mercedes,94.307,93.837,
4306,2023,21,Las Vegas Grand Prix,11,PER,Red Bull Racing,94.574,93.855,
4307,2023,21,Las Vegas Grand Prix,27,HUL,Haas F1 Team,94.265,93.979,
4308,2023,21,Las Vegas Grand Prix,18,STR,Aston Martin,94.504,94.199,
4309,2023,21,Las Vegas Grand Prix,3,RIC,AlphaTauri,94.683,94.308,
4310,2023,21,Las Vegas Grand Prix,4,NOR,McLaren,94.703,,
4311,2023,21,Las Vegas Grand Prix,31,OCO,Alpine,94.834,,
4312,2023,21,Las Vegas Grand Prix,24,ZHO,Alfa Romeo,94.849,,
4313,2023,21,Las Vegas Grand Prix,81,PIA,McLaren,94.85,,
4314,2023,21,Las Vegas Grand Prix,22,TSU,AlphaTauri,96.447,,
4315,2023,22,Abu Dhabi Grand Prix,1,VER,Red Bull Racing,84.16,83.74,83.445
4316,2023,22,Abu Dhabi Grand Prix,16,LEC,Ferrari,84.459,83.969,83.584
4317,2023,22,Abu Dhabi Grand Prix,81,PIA,McLaren,84.487,84.278,83.782
4318,2023,22,Abu Dhabi Grand Prix,63,RUS,Mercedes,84.337,84.013,83.788
4319,2023,22,Abu Dhabi Grand Prix,4,NOR,McLaren,84.368,83.92,83.816
4320,2023,22,Abu Dhabi Grand Prix,22,TSU,AlphaTauri,84.286,84.207,83.968
4321,2023,22,Abu Dhabi Grand Prix,14,ALO,Aston Martin,84.501,84.131,84.084
4322,2023,22,Abu Dhabi Grand Prix,27,HUL,Haas F1 Team,84.425,84.213,84.108
4323,2023,22,Abu Dhabi Grand Prix,11,PER,Red Bull Racing,84.209,84.116,84.171
4324,2023,22,Abu Dhabi Grand Prix,10,GAS,Alpine,84.6,84.078,84.548
4325,2023,22,Abu Dhabi Grand Prix,44,HAM,Mercedes,84.437,84.359,
4326,2023,22,Abu Dhabi Grand Prix,31,OCO,Alpine,84.565,84.391,
4327,2023,22,Abu Dhabi Grand Prix,18,STR,Aston Martin,84.405,84.422,
4328,2023,22,Abu Dhabi Grand Prix,23,ALB,Williams,84.298,84.439,
4329,2023,22,Abu Dhabi Grand Prix,3,RIC,AlphaTauri,84.461,84.442,
4330,2023,22,Abu Dhabi Grand Prix,55,SAI,Ferrari,84.738,,
4331,2023,22,Abu Dhabi Grand Prix,20,MAG,Haas F1 Team,84.764,,
4332,2023,22,Abu Dhabi Grand Prix,77,BOT,Alfa Romeo,84.788,,
4333,2023,22,Abu Dhabi Grand Prix,24,ZHO,Alfa Romeo,85.159,,
4334,2023,22,Abu Dhabi Grand Prix,2,SAR,Williams,,,
4335,2024,1,Bahrain Grand Prix,1,VER,Red Bull Racing,90.031,89.374,89.179
4336,2024,1,Bahrain Grand Prix,16,LEC,Ferrari,90.243,89.165,89.407
4337,2024,1,Bahrain Grand Prix,63,RUS,Mercedes,90.35,89.922,89.485
4338,2024,1,Bahrain Grand Prix,55,SAI,Ferrari,89.909,89.573,89.507
4339,2024,1,Bahrain Grand Prix,11,PER,Red Bull Racing,90.221,89.932,89.537
4340,2024,1,Bahrain Grand Prix,14,ALO,Aston Martin,90.179,89.801,89.542
4341,2024,1,Bahrain Grand Prix,4,NOR,McLaren,90.143,89.941,89.614
4342,2024,1,Bahrain Grand Prix,81,PIA,McLaren,90.531,90.122,89.683
4343,2024,1,Bahrain Grand Prix,44,HAM,Mercedes,90.451,89.718,89.71
4344,2024,1,Bahrain Grand Prix,27,HUL,Haas F1 Team,90.566,89.851,90.502
4345,2024,1,Bahrain Grand Prix,22,TSU,RB,90.481,90.129,
4346,2024,1,Bahrain Grand Prix,18,STR,Aston Martin,89.965,90.2,
4347,2024,1,Bahrain Grand Prix,23,ALB,Williams,90.397,90.221,
4348,2024,1,Bahrain Grand Prix,3,RIC,RB,90.562,90.278,
4349,2024,1,Bahrain Grand Prix,20,MAG,Haas F1 Team,90.646,90.529,
4350,2024,1,Bahrain Grand Prix,77,BOT,Kick Sauber,90.756,,
4351,2024,1,Bahrain Grand Prix,24,ZHO,Kick Sauber,90.757,,
4352,2024,1,Bahrain Grand Prix,2,SAR,Williams,90.77,,
4353,2024,1,Bahrain Grand Prix,31,OCO,Alpine,90.793,,
4354,2024,1,Bahrain Grand Prix,10,GAS,Alpine,90.948,,
4355,2024,2,Saudi Arabian Grand Prix,1,VER,Red Bull Racing,88.171,88.033,87.472
4356,2024,2,Saudi Arabian Grand Prix,16,LEC,Ferrari,88.318,88.112,87.791
4357,2024,2,Saudi Arabian Grand Prix,11,PER,Red Bull Racing,88.638,88.467,87.807
4358,2024,2,Saudi Arabian Grand Prix,14,ALO,Aston Martin,88.706,88.122,87.846
4359,2024,2,Saudi Arabian Grand Prix,81,PIA,McLaren,88.755,88.343,88.089
4360,2024,2,Saudi Arabian Grand Prix,4,NOR,McLaren,88.805,88.479,88.132
4361,2024,2,Saudi Arabian Grand Prix,63,RUS,Mercedes,88.749,88.448,88.316
4362,2024,2,Saudi Arabian Grand Prix,44,HAM,Mercedes,88.994,88.606,88.46
4363,2024,2,Saudi Arabian Grand Prix,22,TSU,RB,88.988,88.564,88.547
4364,2024,2,Saudi Arabian Grand Prix,18,STR,Aston Martin,88.25,88.578,88.572
4365,2024,2,Saudi Arabian Grand Prix,38,BEA,Ferrari,88.984,88.642,
4366,2024,2,Saudi Arabian Grand Prix,23,ALB,Williams,89.107,88.98,
4367,2024,2,Saudi Arabian Grand Prix,20,MAG,Haas F1 Team,89.069,89.02,
4368,2024,2,Saudi Arabian Grand Prix,3,RIC,RB,89.065,89.025,
4369,2024,2,Saudi Arabian Grand Prix,27,HUL,Haas F1 Team,89.055,,
4370,2024,2,Saudi Arabian Grand Prix,77,BOT,Kick Sauber,89.179,,
4371,2024,2,Saudi Arabian Grand Prix,31,OCO,Alpine,89.475,,
4372,2024,2,Saudi Arabian Grand Prix,10,GAS,Alpine,89.479,,
4373,2024,2,Saudi Arabian Grand Prix,2,SAR,Williams,89.526,,
4374,2024,2,Saudi Arabian Grand Prix,24,ZHO,Kick Sauber,,,
4375,2024,3,Australian Grand Prix,1,VER,Red Bull Racing,76.819,76.387,75.915
4376,2024,3,Australian Grand Prix,55,SAI,Ferrari,76.731,76.189,76.185
4377,2024,3,Australian Grand Prix,11,PER,Red Bull Racing,76.805,76.631,76.274
4378,2024,3,Australian Grand Prix,4,NOR,McLaren,77.43,76.75,76.315
4379,2024,3,Australian Grand Prix,16,LEC,Ferrari,76.984,76.304,76.435
4380,2024,3,Australian Grand Prix,81,PIA,McLaren,77.369,76.601,76.572
4381,2024,3,Australian Grand Prix,63,RUS,Mercedes,77.062,76.901,76.724
4382,2024,3,Australian Grand Prix,22,TSU,RB,77.356,76.791,76.788
4383,2024,3,Australian Grand Prix,18,STR,Aston Martin,77.376,76.78,77.072
4384,2024,3,Australian Grand Prix,14,ALO,Aston Martin,76.991,76.71,77.552
4385,2024,3,Australian Grand Prix,44,HAM,Mercedes,77.499,76.96,
4386,2024,3,Australian Grand Prix,23,ALB,Williams,77.13,77.167,
4387,2024,3,Australian Grand Prix,77,BOT,Kick Sauber,77.543,77.34,
4388,2024,3,Australian Grand Prix,20,MAG,Haas F1 Team,77.709,77.427,
4389,2024,3,Australian Grand Prix,31,OCO,Alpine,77.617,77.697,
4390,2024,3,Australian Grand Prix,27,HUL,Haas F1 Team,77.976,,
4391,2024,3,Australian Grand Prix,10,GAS,Alpine,77.982,,
4392,2024,3,Australian Grand Prix,3,RIC,RB,78.085,,
4393,2024,3,Australian Grand Prix,24,ZHO,Kick Sauber,78.188,,
4394,2024,4,Japanese Grand Prix,1,VER,Red Bull Racing,88.866,88.74,88.197
4395,2024,4,Japanese Grand Prix,11,PER,Red Bull Racing,89.303,88.752,88.263
4396,2024,4,Japanese Grand Prix,4,NOR,McLaren,89.536,88.94,88.489
4397,2024,4,Japanese Grand Prix,55,SAI,Ferrari,89.513,89.099,88.682
4398,2024,4,Japanese Grand Prix,14,ALO,Aston Martin,89.254,89.082,88.686
4399,2024,4,Japanese Grand Prix,81,PIA,McLaren,89.425,89.148,88.76
4400,2024,4,Japanese Grand Prix,44,HAM,Mercedes,89.661,88.887,88.766
4401,2024,4,Japanese Grand Prix,16,LEC,Ferrari,89.338,89.196,88.786
4402,2024,4,Japanese Grand Prix,63,RUS,Mercedes,89.799,89.14,89.008
4403,2024,4,Japanese Grand Prix,22,TSU,RB,89.775,89.417,89.413
4404,2024,4,Japanese Grand Prix,3,RIC,RB,89.727,89.472,
4405,2024,4,Japanese Grand Prix,27,HUL,Haas F1 Team,89.821,89.494,
4406,2024,4,Japanese Grand Prix,77,BOT,Kick Sauber,89.602,89.593,
4407,2024,4,Japanese Grand Prix,23,ALB,Williams,89.963,89.714,
4408,2024,4,Japanese Grand Prix,31,OCO,Alpine,89.811,89.816,
4409,2024,4,Japanese Grand Prix,18,STR,Aston Martin,90.024,,
4410,2024,4,Japanese Grand Prix,10,GAS,Alpine,90.119,,
4411,2024,4,Japanese Grand Prix,20,MAG,Haas F1 Team,90.131,,
4412,2024,4,Japanese Grand Prix,2,SAR,Williams,90.139,,
4413,2024,4,Japanese Grand Prix,24,ZHO,Kick Sauber,90.143,,
4414,2024,5,Chinese Grand Prix,1,VER,Red Bull Racing,94.742,93.794,93.66
4415,2024,5,Chinese Grand Prix,11,PER,Red Bull Racing,95.457,94.026,93.982
4416,2024,5,Chinese Grand Prix,14,ALO,Aston Martin,95.116,94.652,94.148
4417,2024,5,Chinese Grand Prix,4,NOR,McLaren,94.842,94.46,94.165
4418,2024,5,Chinese Grand Prix,81,PIA,McLaren,95.014,94.659,94.273
4419,2024,5,Chinese Grand Prix,16,LEC,Ferrari,94.797,94.399,94.289
4420,2024,5,Chinese Grand Prix,55,SAI,Ferrari,94.97,94.368,94.297
4421,2024,5,Chinese Grand Prix,63,RUS,Mercedes,95.084,94.609,94.433
4422,2024,5,Chinese Grand Prix,27,HUL,Haas F1 Team,95.068,94.667,94.604
4423,2024,5,Chinese Grand Prix,77,BOT,Kick Sauber,95.169,94.769,94.665
4424,2024,5,Chinese Grand Prix,18,STR,Aston Martin,95.334,94.838,
4425,2024,5,Chinese Grand Prix,3,RIC,RB,95.443,94.934,
4426,2024,5,Chinese Grand Prix,31,OCO,Alpine,95.356,95.223,
4427,2024,5,Chinese Grand Prix,23,ALB,Williams,95.384,95.241,
4428,2024,5,Chinese Grand Prix,10,GAS,Alpine,95.287,95.463,
4429,2024,5,Chinese Grand Prix,24,ZHO,Kick Sauber,95.505,,
4430,2024,5,Chinese Grand Prix,20,MAG,Haas F1 Team,95.516,,
4431,2024,5,Chinese Grand Prix,44,HAM,Mercedes,95.573,,
4432,2024,5,Chinese Grand Prix,22,TSU,RB,95.746,,
4433,2024,5,Chinese Grand Prix,2,SAR,Williams,96.358,,
4434,2024,6,Miami Grand Prix,1,VER,Red Bull Racing,87.689,87.566,87.241
4435,2024,6,Miami Grand Prix,16,LEC,Ferrari,88.081,87.533,87.382
4436,2024,6,Miami Grand Prix,55,SAI,Ferrari,87.937,87.941,87.455
4437,2024,6,Miami Grand Prix,11,PER,Red Bull Racing,87.772,87.839,87.46
4438,2024,6,Miami Grand Prix,4,NOR,McLaren,87.913,87.871,87.594
4439,2024,6,Miami Grand Prix,81,PIA,McLaren,88.032,87.721,87.675
4440,2024,6,Miami Grand Prix,63,RUS,Mercedes,88.159,88.095,88.067
4441,2024,6,Miami Grand Prix,44,HAM,Mercedes,88.167,87.697,88.107
4442,2024,6,Miami Grand Prix,27,HUL,Haas F1 Team,88.383,88.2,88.146
4443,2024,6,Miami Grand Prix,22,TSU,RB,88.324,88.167,88.192
4444,2024,6,Miami Grand Prix,18,STR,Aston Martin,88.177,88.222,
4445,2024,6,Miami Grand Prix,10,GAS,Alpine,87.976,88.324,
4446,2024,6,Miami Grand Prix,31,OCO,Alpine,88.209,88.371,
4447,2024,6,Miami Grand Prix,23,ALB,Williams,88.343,88.413,
4448,2024,6,Miami Grand Prix,14,ALO,Aston Martin,88.453,88.427,
4449,2024,6,Miami Grand Prix,77,BOT,Kick Sauber,88.463,,
4450,2024,6,Miami Grand Prix,2,SAR,Williams,88.487,,
4451,2024,6,Miami Grand Prix,3,RIC,RB,88.617,,
4452,2024,6,Miami Grand Prix,20,MAG,Haas F1 Team,88.619,,
4453,2024,6,Miami Grand Prix,24,ZHO,Kick Sauber,88.824,,
4454,2024,7,Emilia Romagna Grand Prix,1,VER,Red Bull Racing,75.762,75.176,74.746
4455,2024,7,Emilia Romagna Grand Prix,81,PIA,McLaren,75.94,75.407,74.82
4456,2024,7,Emilia Romagna Grand Prix,4,NOR,McLaren,75.915,75.371,74.837
4457,2024,7,Emilia Romagna Grand Prix,16,LEC,Ferrari,75.823,75.328,74.97
4458,2024,7,Emilia Romagna Grand Prix,55,SAI,Ferrari,76.015,75.512,75.233
4459,2024,7,Emilia Romagna Grand Prix,63,RUS,Mercedes,76.107,75.671,75.234
4460,2024,7,Emilia Romagna Grand Prix,22,TSU,RB,75.894,75.358,75.465
4461,2024,7,Emilia Romagna Grand Prix,44,HAM,Mercedes,76.604,75.677,75.504
4462,2024,7,Emilia Romagna Grand Prix,3,RIC,RB,76.06,75.691,75.674
4463,2024,7,Emilia Romagna Grand Prix,27,HUL,Haas F1 Team,75.841,75.569,75.98
4464,2024,7,Emilia Romagna Grand Prix,11,PER,Red Bull Racing,76.404,75.706,
4465,2024,7,Emilia Romagna Grand Prix,31,OCO,Alpine,76.361,75.906,
4466,2024,7,Emilia Romagna Grand Prix,18,STR,Aston Martin,76.458,75.992,
4467,2024,7,Emilia Romagna Grand Prix,23,ALB,Williams,76.524,76.2,
4468,2024,7,Emilia Romagna Grand Prix,10,GAS,Alpine,76.015,76.381,
4469,2024,7,Emilia Romagna Grand Prix,77,BOT,Kick Sauber,76.626,,
4470,2024,7,Emilia Romagna Grand Prix,24,ZHO,Kick Sauber,76.834,,
4471,2024,7,Emilia Romagna Grand Prix,20,MAG,Haas F1 Team,76.854,,
4472,2024,7,Emilia Romagna Grand Prix,14,ALO,Aston Martin,76.917,,
4473,2024,7,Emilia Romagna Grand Prix,2,SAR,Williams,,,
4474,2024,8,Monaco Grand Prix,16,LEC,Ferrari,71.584,70.825,70.27
4475,2024,8,Monaco Grand Prix,81,PIA,McLaren,71.5,70.756,70.424
4476,2024,8,Monaco Grand Prix,55,SAI,Ferrari,71.543,71.075,70.518
4477,2024,8,Monaco Grand Prix,4,NOR,McLaren,71.76,70.732,70.542
4478,2024,8,Monaco Grand Prix,63,RUS,Mercedes,71.492,70.929,70.543
4479,2024,8,Monaco Grand Prix,1,VER,Red Bull Racing,71.711,70.745,70.567
4480,2024,8,Monaco Grand Prix,44,HAM,Mercedes,71.528,71.056,70.621
4481,2024,8,Monaco Grand Prix,22,TSU,RB,71.852,71.106,70.858
4482,2024,8,Monaco Grand Prix,23,ALB,Williams,71.623,71.216,70.948
4483,2024,8,Monaco Grand Prix,10,GAS,Alpine,71.714,70.896,71.311
4484,2024,8,Monaco Grand Prix,31,OCO,Alpine,71.887,71.285,
4485,2024,8,Monaco Grand Prix,3,RIC,RB,71.785,71.482,
4486,2024,8,Monaco Grand Prix,18,STR,Aston Martin,71.728,71.563,
4487,2024,8,Monaco Grand Prix,27,HUL,Haas F1 Team,71.876,71.44,
4488,2024,8,Monaco Grand Prix,14,ALO,Aston Martin,72.019,,
4489,2024,8,Monaco Grand Prix,2,SAR,Williams,72.02,,
4490,2024,8,Monaco Grand Prix,20,MAG,Haas F1 Team,71.832,71.725,
4491,2024,8,Monaco Grand Prix,11,PER,Red Bull Racing,72.06,,
4492,2024,8,Monaco Grand Prix,77,BOT,Kick Sauber,72.512,,
4493,2024,8,Monaco Grand Prix,24,ZHO,Kick Sauber,73.028,,
4494,2024,9,Canadian Grand Prix,63,RUS,Mercedes,73.013,71.742,72.0
4495,2024,9,Canadian Grand Prix,1,VER,Red Bull Racing,72.36,72.549,72.0
4496,2024,9,Canadian Grand Prix,4,NOR,McLaren,72.959,72.201,72.021
4497,2024,9,Canadian Grand Prix,81,PIA,McLaren,72.907,72.462,72.103
4498,2024,9,Canadian Grand Prix,3,RIC,RB,73.24,72.572,72.178
4499,2024,9,Canadian Grand Prix,14,ALO,Aston Martin,73.117,72.635,72.228
4500,2024,9,Canadian Grand Prix,44,HAM,Mercedes,72.851,71.979,72.28
4501,2024,9,Canadian Grand Prix,22,TSU,RB,72.748,72.303,72.414
4502,2024,9,Canadian Grand Prix,18,STR,Aston Martin,73.088,72.659,72.701
4503,2024,9,Canadian Grand Prix,23,ALB,Williams,72.896,72.485,72.796
4504,2024,9,Canadian Grand Prix,16,LEC,Ferrari,73.107,72.691,
4505,2024,9,Canadian Grand Prix,55,SAI,Ferrari,73.038,72.728,
4506,2024,9,Canadian Grand Prix,2,SAR,Williams,73.063,72.736,
4507,2024,9,Canadian Grand Prix,20,MAG,Haas F1 Team,73.217,72.916,
4508,2024,9,Canadian Grand Prix,10,GAS,Alpine,73.289,72.94,
4509,2024,9,Canadian Grand Prix,11,PER,Red Bull Racing,73.326,,
4510,2024,9,Canadian Grand Prix,77,BOT,Kick Sauber,73.366,,
4511,2024,9,Canadian Grand Prix,31,OCO,Alpine,73.435,,
4512,2024,9,Canadian Grand Prix,27,HUL,Haas F1 Team,73.978,,
4513,2024,9,Canadian Grand Prix,24,ZHO,Kick Sauber,74.292,,
4514,2024,10,Spanish Grand Prix,4,NOR,McLaren,72.386,71.872,71.383
4515,2024,10,Spanish Grand Prix,1,VER,Red Bull Racing,72.306,71.653,71.403
4516,2024,10,Spanish Grand Prix,44,HAM,Mercedes,72.143,71.792,71.701
4517,2024,10,Spanish Grand Prix,63,RUS,Mercedes,72.456,71.812,71.703
4518,2024,10,Spanish Grand Prix,16,LEC,Ferrari,72.257,72.038,71.731
4519,2024,10,Spanish Grand Prix,55,SAI,Ferrari,72.403,71.874,71.736
4520,2024,10,Spanish Grand Prix,10,GAS,Alpine,72.651,72.079,71.857
4521,2024,10,Spanish Grand Prix,11,PER,Red Bull Racing,72.477,72.054,72.061
4522,2024,10,Spanish Grand Prix,31,OCO,Alpine,72.691,72.109,72.125
4523,2024,10,Spanish Grand Prix,81,PIA,McLaren,72.46,72.011,
4524,2024,10,Spanish Grand Prix,14,ALO,Aston Martin,72.505,72.128,
4525,2024,10,Spanish Grand Prix,77,BOT,Kick Sauber,72.758,72.227,
4526,2024,10,Spanish Grand Prix,27,HUL,Haas F1 Team,72.708,72.31,
4527,2024,10,Spanish Grand Prix,18,STR,Aston Martin,72.881,72.372,
4528,2024,10,Spanish Grand Prix,24,ZHO,Kick Sauber,72.88,72.738,
4529,2024,10,Spanish Grand Prix,20,MAG,Haas F1 Team,72.937,,
4530,2024,10,Spanish Grand Prix,22,TSU,RB,72.985,,
4531,2024,10,Spanish Grand Prix,3,RIC,RB,73.075,,
4532,2024,10,Spanish Grand Prix,23,ALB,Williams,73.153,,
4533,2024,10,Spanish Grand Prix,2,SAR,Williams,73.509,,
4534,2024,11,Austrian Grand Prix,1,VER,Red Bull Racing,65.336,64.469,64.314
4535,2024,11,Austrian Grand Prix,4,NOR,McLaren,65.45,65.103,64.718
4536,2024,11,Austrian Grand Prix,63,RUS,Mercedes,65.585,65.016,64.84
4537,2024,11,Austrian Grand Prix,55,SAI,Ferrari,65.263,65.016,64.851
4538,2024,11,Austrian Grand Prix,44,HAM,Mercedes,65.541,65.053,64.903
4539,2024,11,Austrian Grand Prix,16,LEC,Ferrari,65.509,65.104,65.044
4540,2024,11,Austrian Grand Prix,81,PIA,McLaren,65.311,65.07,65.048
4541,2024,11,Austrian Grand Prix,11,PER,Red Bull Racing,65.587,65.144,65.202
4542,2024,11,Austrian Grand Prix,27,HUL,Haas F1 Team,65.596,65.262,65.385
4543,2024,11,Austrian Grand Prix,31,OCO,Alpine,65.574,65.274,65.883
4544,2024,11,Austrian Grand Prix,3,RIC,RB,65.569,65.289,
4545,2024,11,Austrian Grand Prix,20,MAG,Haas F1 Team,65.508,65.347,
4546,2024,11,Austrian Grand Prix,10,GAS,Alpine,65.598,65.359,
4547,2024,11,Austrian Grand Prix,22,TSU,RB,65.563,65.412,
4548,2024,11,Austrian Grand Prix,14,ALO,Aston Martin,65.656,65.639,
4549,2024,11,Austrian Grand Prix,23,ALB,Williams,65.736,,
4550,2024,11,Austrian Grand Prix,18,STR,Aston Martin,65.819,,
4551,2024,11,Austrian Grand Prix,77,BOT,Kick Sauber,65.847,,
4552,2024,11,Austrian Grand Prix,2,SAR,Williams,65.856,,
4553,2024,11,Austrian Grand Prix,24,ZHO,Kick Sauber,66.061,,
4554,2024,12,British Grand Prix,63,RUS,Mercedes,90.106,86.723,85.819
4555,2024,12,British Grand Prix,44,HAM,Mercedes,89.547,86.77,85.99
4556,2024,12,British Grand Prix,4,NOR,McLaren,91.596,86.559,86.03
4557,2024,12,British Grand Prix,1,VER,Red Bull Racing,91.342,86.796,86.203
4558,2024,12,British Grand Prix,81,PIA,McLaren,90.895,86.733,86.237
4559,2024,12,British Grand Prix,27,HUL,Haas F1 Team,91.929,86.847,86.338
4560,2024,12,British Grand Prix,55,SAI,Ferrari,90.557,86.843,86.509
4561,2024,12,British Grand Prix,18,STR,Aston Martin,91.41,86.938,86.585
4562,2024,12,British Grand Prix,23,ALB,Williams,91.135,86.933,86.64
4563,2024,12,British Grand Prix,14,ALO,Aston Martin,91.264,86.73,86.917
4564,2024,12,British Grand Prix,16,LEC,Ferrari,90.496,87.097,
4565,2024,12,British Grand Prix,2,SAR,Williams,91.608,87.175,
4566,2024,12,British Grand Prix,22,TSU,RB,90.994,87.269,
4567,2024,12,British Grand Prix,24,ZHO,Kick Sauber,91.19,87.867,
4568,2024,12,British Grand Prix,3,RIC,RB,91.291,87.949,
4569,2024,12,British Grand Prix,77,BOT,Kick Sauber,92.431,,
4570,2024,12,British Grand Prix,20,MAG,Haas F1 Team,92.905,,
4571,2024,12,British Grand Prix,31,OCO,Alpine,94.557,,
4572,2024,12,British Grand Prix,11,PER,Red Bull Racing,98.348,,
4573,2024,12,British Grand Prix,10,GAS,Alpine,99.804,,
4574,2024,13,Hungarian Grand Prix,4,NOR,McLaren,77.755,75.54,75.227
4575,2024,13,Hungarian Grand Prix,81,PIA,McLaren,77.504,75.785,75.249
4576,2024,13,Hungarian Grand Prix,1,VER,Red Bull Racing,77.087,75.77,75.273
4577,2024,13,Hungarian Grand Prix,55,SAI,Ferrari,77.244,75.885,75.696
4578,2024,13,Hungarian Grand Prix,44,HAM,Mercedes,77.087,76.307,75.854
4579,2024,13,Hungarian Grand Prix,16,LEC,Ferrari,77.437,75.891,75.905
4580,2024,13,Hungarian Grand Prix,14,ALO,Aston Martin,77.624,76.117,76.043
4581,2024,13,Hungarian Grand Prix,18,STR,Aston Martin,77.405,76.075,76.244
4582,2024,13,Hungarian Grand Prix,3,RIC,RB,77.05,76.202,76.447
4583,2024,13,Hungarian Grand Prix,22,TSU,RB,77.436,76.121,76.477
4584,2024,13,Hungarian Grand Prix,27,HUL,Haas F1 Team,77.362,76.317,
4585,2024,13,Hungarian Grand Prix,77,BOT,Kick Sauber,77.487,76.384,
4586,2024,13,Hungarian Grand Prix,23,ALB,Williams,77.28,76.429,
4587,2024,13,Hungarian Grand Prix,2,SAR,Williams,77.77,76.543,
4588,2024,13,Hungarian Grand Prix,20,MAG,Haas F1 Team,77.851,76.548,
4589,2024,13,Hungarian Grand Prix,11,PER,Red Bull Racing,77.886,,
4590,2024,13,Hungarian Grand Prix,63,RUS,Mercedes,77.968,,
4591,2024,13,Hungarian Grand Prix,24,ZHO,Kick Sauber,78.037,,
4592,2024,13,Hungarian Grand Prix,31,OCO,Alpine,78.049,,
4593,2024,13,Hungarian Grand Prix,10,GAS,Alpine,78.166,,
4594,2024,14,Belgian Grand Prix,1,VER,Red Bull Racing,114.938,113.837,113.159
4595,2024,14,Belgian Grand Prix,16,LEC,Ferrari,115.349,114.193,113.754
4596,2024,14,Belgian Grand Prix,11,PER,Red Bull Racing,115.139,114.47,113.765
4597,2024,14,Belgian Grand Prix,44,HAM,Mercedes,115.692,114.037,113.835
4598,2024,14,Belgian Grand Prix,4,NOR,McLaren,115.582,114.358,113.981
4599,2024,14,Belgian Grand Prix,81,PIA,McLaren,114.835,114.136,114.027
4600,2024,14,Belgian Grand Prix,63,RUS,Mercedes,115.353,114.095,114.184
4601,2024,14,Belgian Grand Prix,55,SAI,Ferrari,115.169,114.112,114.477
4602,2024,14,Belgian Grand Prix,14,ALO,Aston Martin,115.489,114.258,114.765
4603,2024,14,Belgian Grand Prix,31,OCO,Alpine,115.417,114.46,114.81
4604,2024,14,Belgian Grand Prix,23,ALB,Williams,115.722,114.473,
4605,2024,14,Belgian Grand Prix,10,GAS,Alpine,114.911,114.635,
4606,2024,14,Belgian Grand Prix,3,RIC,RB,115.451,114.682,
4607,2024,14,Belgian Grand Prix,77,BOT,Kick Sauber,115.531,114.764,
4608,2024,14,Belgian Grand Prix,18,STR,Aston Martin,116.072,115.716,
4609,2024,14,Belgian Grand Prix,27,HUL,Haas F1 Team,116.308,,
4610,2024,14,Belgian Grand Prix,20,MAG,Haas F1 Team,116.5,,
4611,2024,14,Belgian Grand Prix,22,TSU,RB,116.593,,
4612,2024,14,Belgian Grand Prix,2,SAR,Williams,117.23,,
4613,2024,14,Belgian Grand Prix,24,ZHO,Kick Sauber,117.775,,
4614,2024,15,Dutch Grand Prix,4,NOR,McLaren,71.377,70.496,69.673
4615,2024,15,Dutch Grand Prix,1,VER,Red Bull Racing,71.393,70.811,70.029
4616,2024,15,Dutch Grand Prix,81,PIA,McLaren,71.541,70.505,70.172
4617,2024,15,Dutch Grand Prix,63,RUS,Mercedes,71.049,70.552,70.244
4618,2024,15,Dutch Grand Prix,11,PER,Red Bull Racing,71.006,70.678,70.416
4619,2024,15,Dutch Grand Prix,16,LEC,Ferrari,71.37,70.689,70.582
4620,2024,15,Dutch Grand Prix,14,ALO,Aston Martin,71.493,70.845,70.633
4621,2024,15,Dutch Grand Prix,18,STR,Aston Martin,71.518,70.661,70.857
4622,2024,15,Dutch Grand Prix,10,GAS,Alpine,71.718,70.815,70.977
4623,2024,15,Dutch Grand Prix,55,SAI,Ferrari,71.327,70.914,
4624,2024,15,Dutch Grand Prix,23,ALB,Williams,,70.768,70.653
4625,2024,15,Dutch Grand Prix,44,HAM,Mercedes,71.375,70.948,
4626,2024,15,Dutch Grand Prix,22,TSU,RB,71.603,70.955,
4627,2024,15,Dutch Grand Prix,27,HUL,Haas F1 Team,71.832,71.215,
4628,2024,15,Dutch Grand Prix,20,MAG,Haas F1 Team,71.63,71.295,
4629,2024,15,Dutch Grand Prix,3,RIC,RB,71.943,,
4630,2024,15,Dutch Grand Prix,31,OCO,Alpine,71.995,,
4631,2024,15,Dutch Grand Prix,77,BOT,Kick Sauber,72.168,,
4632,2024,15,Dutch Grand Prix,24,ZHO,Kick Sauber,73.261,,
4633,2024,15,Dutch Grand Prix,2,SAR,Williams,,,
4634,2024,16,Italian Grand Prix,4,NOR,McLaren,79.911,79.727,79.327
4635,2024,16,Italian Grand Prix,81,PIA,McLaren,80.076,79.808,79.436
4636,2024,16,Italian Grand Prix,63,RUS,Mercedes,80.169,79.877,79.44
4637,2024,16,Italian Grand Prix,16,LEC,Ferrari,80.074,80.007,79.461
4638,2024,16,Italian Grand Prix,55,SAI,Ferrari,80.149,79.799,79.467
4639,2024,16,Italian Grand Prix,44,HAM,Mercedes,80.477,79.641,79.513
4640,2024,16,Italian Grand Prix,1,VER,Red Bull Racing,80.226,79.662,80.022
4641,2024,16,Italian Grand Prix,11,PER,Red Bull Racing,80.598,80.216,80.062
4642,2024,16,Italian Grand Prix,23,ALB,Williams,80.542,80.314,80.299
4643,2024,16,Italian Grand Prix,27,HUL,Haas F1 Team,80.781,80.411,80.339
4644,2024,16,Italian Grand Prix,14,ALO,Aston Martin,80.617,80.421,
4645,2024,16,Italian Grand Prix,3,RIC,RB,80.901,80.479,
4646,2024,16,Italian Grand Prix,20,MAG,Haas F1 Team,80.856,80.698,
4647,2024,16,Italian Grand Prix,10,GAS,Alpine,80.748,80.738,
4648,2024,16,Italian Grand Prix,31,OCO,Alpine,80.764,80.766,
4649,2024,16,Italian Grand Prix,22,TSU,RB,80.945,,
4650,2024,16,Italian Grand Prix,18,STR,Aston Martin,81.013,,
4651,2024,16,Italian Grand Prix,43,COL,Williams,81.061,,
4652,2024,16,Italian Grand Prix,77,BOT,Kick Sauber,81.101,,
4653,2024,16,Italian Grand Prix,24,ZHO,Kick Sauber,81.445,,
4654,2024,17,Azerbaijan Grand Prix,16,LEC,Ferrari,102.775,102.056,101.365
4655,2024,17,Azerbaijan Grand Prix,81,PIA,McLaren,103.033,102.598,101.686
4656,2024,17,Azerbaijan Grand Prix,55,SAI,Ferrari,103.357,102.503,101.805
4657,2024,17,Azerbaijan Grand Prix,11,PER,Red Bull Racing,103.213,102.263,101.813
4658,2024,17,Azerbaijan Grand Prix,63,RUS,Mercedes,103.139,102.329,101.874
4659,2024,17,Azerbaijan Grand Prix,1,VER,Red Bull Racing,103.097,102.042,102.023
4660,2024,17,Azerbaijan Grand Prix,44,HAM,Mercedes,103.089,102.765,102.289
4661,2024,17,Azerbaijan Grand Prix,14,ALO,Aston Martin,103.472,102.426,102.369
4662,2024,17,Azerbaijan Grand Prix,43,COL,Williams,103.138,102.473,102.53
4663,2024,17,Azerbaijan Grand Prix,23,ALB,Williams,102.899,102.84,102.859
4664,2024,17,Azerbaijan Grand Prix,50,BEA,Haas F1 Team,103.471,102.968,
4665,2024,17,Azerbaijan Grand Prix,22,TSU,RB,103.337,103.035,
4666,2024,17,Azerbaijan Grand Prix,27,HUL,Haas F1 Team,103.101,103.191,
4667,2024,17,Azerbaijan Grand Prix,18,STR,Aston Martin,103.37,103.404,
4668,2024,17,Azerbaijan Grand Prix,3,RIC,RB,103.547,,
4669,2024,17,Azerbaijan Grand Prix,10,GAS,Alpine,,103.179,
4670,2024,17,Azerbaijan Grand Prix,4,NOR,McLaren,103.609,,
4671,2024,17,Azerbaijan Grand Prix,77,BOT,Kick Sauber,103.618,,
4672,2024,17,Azerbaijan Grand Prix,24,ZHO,Kick Sauber,104.246,,
4673,2024,17,Azerbaijan Grand Prix,31,OCO,Alpine,104.504,,
4674,2024,18,Singapore Grand Prix,4,NOR,McLaren,90.002,90.007,89.525
4675,2024,18,Singapore Grand Prix,1,VER,Red Bull Racing,90.157,89.68,89.728
4676,2024,18,Singapore Grand Prix,44,HAM,Mercedes,90.393,89.929,89.841
4677,2024,18,Singapore Grand Prix,63,RUS,Mercedes,90.811,90.153,89.867
4678,2024,18,Singapore Grand Prix,81,PIA,McLaren,90.258,89.64,89.953
4679,2024,18,Singapore Grand Prix,27,HUL,Haas F1 Team,90.724,90.15,90.115
4680,2024,18,Singapore Grand Prix,14,ALO,Aston Martin,90.684,90.45,90.214
4681,2024,18,Singapore Grand Prix,22,TSU,RB,90.716,90.289,90.354
4682,2024,18,Singapore Grand Prix,16,LEC,Ferrari,90.786,89.747,
4683,2024,18,Singapore Grand Prix,55,SAI,Ferrari,90.67,90.108,
4684,2024,18,Singapore Grand Prix,23,ALB,Williams,90.679,90.474,
4685,2024,18,Singapore Grand Prix,43,COL,Williams,90.704,90.481,
4686,2024,18,Singapore Grand Prix,11,PER,Red Bull Racing,90.624,90.579,
4687,2024,18,Singapore Grand Prix,20,MAG,Haas F1 Team,90.829,90.653,
4688,2024,18,Singapore Grand Prix,31,OCO,Alpine,90.958,90.769,
4689,2024,18,Singapore Grand Prix,3,RIC,RB,91.085,,
4690,2024,18,Singapore Grand Prix,18,STR,Aston Martin,91.094,,
4691,2024,18,Singapore Grand Prix,10,GAS,Alpine,91.312,,
4692,2024,18,Singapore Grand Prix,77,BOT,Kick Sauber,91.572,,
4693,2024,18,Singapore Grand Prix,24,ZHO,Kick Sauber,92.054,,
4694,2024,19,United States Grand Prix,4,NOR,McLaren,93.616,92.851,92.33
4695,2024,19,United States Grand Prix,1,VER,Red Bull Racing,93.046,92.584,92.361
4696,2024,19,United States Grand Prix,55,SAI,Ferrari,93.556,92.836,92.652
4697,2024,19,United States Grand Prix,16,LEC,Ferrari,93.241,92.962,92.74
4698,2024,19,United States Grand Prix,81,PIA,McLaren,93.864,93.057,92.95
4699,2024,19,United States Grand Prix,63,RUS,Mercedes,93.536,93.142,92.974
4700,2024,19,United States Grand Prix,10,GAS,Alpine,93.55,93.162,93.018
4701,2024,19,United States Grand Prix,14,ALO,Aston Martin,93.973,93.429,93.309
4702,2024,19,United States Grand Prix,20,MAG,Haas F1 Team,93.564,93.474,93.481
4703,2024,19,United States Grand Prix,11,PER,Red Bull Racing,93.611,93.02,
4704,2024,19,United States Grand Prix,22,TSU,RB,93.795,93.506,
4705,2024,19,United States Grand Prix,27,HUL,Haas F1 Team,93.601,93.544,
4706,2024,19,United States Grand Prix,31,OCO,Alpine,93.986,93.597,
4707,2024,19,United States Grand Prix,18,STR,Aston Martin,94.033,93.759,
4708,2024,19,United States Grand Prix,30,LAW,RB,93.339,,
4709,2024,19,United States Grand Prix,23,ALB,Williams,94.051,,
4710,2024,19,United States Grand Prix,43,COL,Williams,94.062,,
4711,2024,19,United States Grand Prix,77,BOT,Kick Sauber,94.152,,
4712,2024,19,United States Grand Prix,44,HAM,Mercedes,94.154,,
4713,2024,19,United States Grand Prix,24,ZHO,Kick Sauber,94.228,,
4714,2024,20,Mexico City Grand Prix,55,SAI,Ferrari,76.778,76.515,75.946
4715,2024,20,Mexico City Grand Prix,1,VER,Red Bull Racing,76.803,76.514,76.171
4716,2024,20,Mexico City Grand Prix,4,NOR,McLaren,76.505,76.301,76.26
4717,2024,20,Mexico City Grand Prix,16,LEC,Ferrari,76.972,76.641,76.265
4718,2024,20,Mexico City Grand Prix,63,RUS,Mercedes,77.194,76.937,76.356
4719,2024,20,Mexico City Grand Prix,44,HAM,Mercedes,77.306,76.973,76.651
4720,2024,20,Mexico City Grand Prix,20,MAG,Haas F1 Team,77.125,77.003,76.886
4721,2024,20,Mexico City Grand Prix,10,GAS,Alpine,77.149,77.048,76.892
4722,2024,20,Mexico City Grand Prix,23,ALB,Williams,77.189,76.988,77.065
4723,2024,20,Mexico City Grand Prix,27,HUL,Haas F1 Team,77.186,76.995,77.365
4724,2024,20,Mexico City Grand Prix,22,TSU,RB,77.182,77.129,
4725,2024,20,Mexico City Grand Prix,30,LAW,RB,77.38,77.162,
4726,2024,20,Mexico City Grand Prix,14,ALO,Aston Martin,77.307,77.168,
4727,2024,20,Mexico City Grand Prix,18,STR,Aston Martin,77.407,77.294,
4728,2024,20,Mexico City Grand Prix,77,BOT,Kick Sauber,77.393,77.817,
4729,2024,20,Mexico City Grand Prix,43,COL,Williams,77.558,,
4730,2024,20,Mexico City Grand Prix,81,PIA,McLaren,77.597,,
4731,2024,20,Mexico City Grand Prix,11,PER,Red Bull Racing,77.611,,
4732,2024,20,Mexico City Grand Prix,31,OCO,Alpine,77.617,,
4733,2024,20,Mexico City Grand Prix,24,ZHO,Kick Sauber,78.072,,
4734,2024,21,São Paulo Grand Prix,4,NOR,McLaren,90.944,84.844,83.405
4735,2024,21,São Paulo Grand Prix,63,RUS,Mercedes,89.121,86.307,83.578
4736,2024,21,São Paulo Grand Prix,22,TSU,RB,89.172,86.464,84.111
4737,2024,21,São Paulo Grand Prix,31,OCO,Alpine,89.171,86.206,84.475
4738,2024,21,São Paulo Grand Prix,30,LAW,RB,90.758,85.654,84.484
4739,2024,21,São Paulo Grand Prix,16,LEC,Ferrari,89.839,86.097,84.525
4740,2024,21,São Paulo Grand Prix,23,ALB,Williams,89.072,84.657,84.657
4741,2024,21,São Paulo Grand Prix,81,PIA,McLaren,90.114,84.686,84.686
4742,2024,21,São Paulo Grand Prix,14,ALO,Aston Martin,90.207,88.998,88.998
4743,2024,21,São Paulo Grand Prix,18,STR,Aston Martin,90.58,86.334,
4744,2024,21,São Paulo Grand Prix,77,BOT,Kick Sauber,90.633,86.472,
4745,2024,21,São Paulo Grand Prix,1,VER,Red Bull Racing,88.522,87.771,
4746,2024,21,São Paulo Grand Prix,11,PER,Red Bull Racing,90.035,88.158,
4747,2024,21,São Paulo Grand Prix,55,SAI,Ferrari,90.303,89.406,
4748,2024,21,São Paulo Grand Prix,10,GAS,Alpine,89.42,89.614,
4749,2024,21,São Paulo Grand Prix,44,HAM,Mercedes,91.15,,
4750,2024,21,São Paulo Grand Prix,50,BEA,Haas F1 Team,91.229,,
4751,2024,21,São Paulo Grand Prix,43,COL,Williams,91.27,,
4752,2024,21,São Paulo Grand Prix,27,HUL,Haas F1 Team,91.623,,
4753,2024,21,São Paulo Grand Prix,24,ZHO,Kick Sauber,92.263,,
4754,2024,22,Las Vegas Grand Prix,63,RUS,Mercedes,93.186,92.779,92.312
4755,2024,22,Las Vegas Grand Prix,55,SAI,Ferrari,93.484,92.711,92.41
4756,2024,22,Las Vegas Grand Prix,10,GAS,Alpine,93.691,92.879,92.664
4757,2024,22,Las Vegas Grand Prix,16,LEC,Ferrari,93.446,93.016,92.783
4758,2024,22,Las Vegas Grand Prix,1,VER,Red Bull Racing,93.299,93.085,92.797
4759,2024,22,Las Vegas Grand Prix,4,NOR,McLaren,93.592,93.099,93.008
4760,2024,22,Las Vegas Grand Prix,22,TSU,RB,93.789,93.089,93.029
4761,2024,22,Las Vegas Grand Prix,81,PIA,McLaren,93.45,93.024,93.033
4762,2024,22,Las Vegas Grand Prix,27,HUL,Haas F1 Team,93.92,93.114,93.062
4763,2024,22,Las Vegas Grand Prix,44,HAM,Mercedes,93.225,92.567,108.106
4764,2024,22,Las Vegas Grand Prix,31,OCO,Alpine,93.968,93.221,
4765,2024,22,Las Vegas Grand Prix,20,MAG,Haas F1 Team,93.991,93.297,
4766,2024,22,Las Vegas Grand Prix,24,ZHO,Kick Sauber,94.079,93.566,
4767,2024,22,Las Vegas Grand Prix,43,COL,Williams,93.746,93.749,
4768,2024,22,Las Vegas Grand Prix,30,LAW,RB,94.087,94.257,
4769,2024,22,Las Vegas Grand Prix,11,PER,Red Bull Racing,94.155,,
4770,2024,22,Las Vegas Grand Prix,14,ALO,Aston Martin,94.258,,
4771,2024,22,Las Vegas Grand Prix,23,ALB,Williams,94.425,,
4772,2024,22,Las Vegas Grand Prix,77,BOT,Kick Sauber,94.43,,
4773,2024,22,Las Vegas Grand Prix,18,STR,Aston Martin,94.484,,
4774,2024,23,Qatar Grand Prix,1,VER,Red Bull Racing,81.579,80.687,80.52
4775,2024,23,Qatar Grand Prix,63,RUS,Mercedes,81.241,81.069,80.575
4776,2024,23,Qatar Grand Prix,4,NOR,McLaren,81.578,80.983,80.772
4777,2024,23,Qatar Grand Prix,81,PIA,McLaren,81.821,81.121,80.829
4778,2024,23,Qatar Grand Prix,16,LEC,Ferrari,81.278,81.0,80.852
4779,2024,23,Qatar Grand Prix,44,HAM,Mercedes,81.637,81.095,81.011
4780,2024,23,Qatar Grand Prix,55,SAI,Ferrari,81.447,81.199,81.041
4781,2024,23,Qatar Grand Prix,14,ALO,Aston Martin,81.608,81.208,81.251
4782,2024,23,Qatar Grand Prix,11,PER,Red Bull Racing,81.675,81.425,81.425
4783,2024,23,Qatar Grand Prix,20,MAG,Haas F1 Team,81.891,81.387,81.5
4784,2024,23,Qatar Grand Prix,10,GAS,Alpine,81.843,81.437,
4785,2024,23,Qatar Grand Prix,24,ZHO,Kick Sauber,82.103,81.501,
4786,2024,23,Qatar Grand Prix,77,BOT,Kick Sauber,81.927,81.731,
4787,2024,23,Qatar Grand Prix,22,TSU,RB,82.364,81.771,
4788,2024,23,Qatar Grand Prix,18,STR,Aston Martin,82.011,81.911,
4789,2024,23,Qatar Grand Prix,23,ALB,Williams,82.39,,
4790,2024,23,Qatar Grand Prix,30,LAW,RB,82.411,,
4791,2024,23,Qatar Grand Prix,27,HUL,Haas F1 Team,82.442,,
4792,2024,23,Qatar Grand Prix,43,COL,Williams,82.594,,
4793,2024,23,Qatar Grand Prix,31,OCO,Alpine,82.714,,
4794,2024,24,Abu Dhabi Grand Prix,4,NOR,McLaren,83.682,83.098,82.595
4795,2024,24,Abu Dhabi Grand Prix,81,PIA,McLaren,83.64,83.199,82.804
4796,2024,24,Abu Dhabi Grand Prix,55,SAI,Ferrari,83.487,82.985,82.824
4797,2024,24,Abu Dhabi Grand Prix,27,HUL,Haas F1 Team,83.722,83.04,82.886
4798,2024,24,Abu Dhabi Grand Prix,1,VER,Red Bull Racing,83.516,82.998,82.945
4799,2024,24,Abu Dhabi Grand Prix,10,GAS,Alpine,83.548,83.086,82.984
4800,2024,24,Abu Dhabi Grand Prix,63,RUS,Mercedes,83.678,83.283,83.132
4801,2024,24,Abu Dhabi Grand Prix,14,ALO,Aston Martin,83.794,83.268,83.196
4802,2024,24,Abu Dhabi Grand Prix,77,BOT,Kick Sauber,83.481,83.341,83.204
4803,2024,24,Abu Dhabi Grand Prix,11,PER,Red Bull Racing,83.559,83.379,83.264
4804,2024,24,Abu Dhabi Grand Prix,22,TSU,RB,83.735,83.419,
4805,2024,24,Abu Dhabi Grand Prix,30,LAW,RB,83.733,83.472,
4806,2024,24,Abu Dhabi Grand Prix,18,STR,Aston Martin,83.729,83.784,
4807,2024,24,Abu Dhabi Grand Prix,16,LEC,Ferrari,83.302,83.833,
4808,2024,24,Abu Dhabi Grand Prix,20,MAG,Haas F1 Team,83.632,83.877,
4809,2024,24,Abu Dhabi Grand Prix,23,ALB,Williams,83.821,,
4810,2024,24,Abu Dhabi Grand Prix,24,ZHO,Kick Sauber,83.88,,
4811,2024,24,Abu Dhabi Grand Prix,44,HAM,Mercedes,83.887,,
4812,2024,24,Abu Dhabi Grand Prix,43,COL,Williams,83.912,,
4813,2024,24,Abu Dhabi Grand Prix,61,DOO,Alpine,84.105,,
4814,2025,1,Australian Grand Prix,4,NOR,McLaren,75.912,75.415,75.096
4815,2025,1,Australian Grand Prix,81,PIA,McLaren,76.062,75.468,75.18
4816,2025,1,Australian Grand Prix,1,VER,Red Bull Racing,76.018,75.565,75.481
4817,2025,1,Australian Grand Prix,63,RUS,Mercedes,75.971,75.798,75.546
4818,2025,1,Australian Grand Prix,22,TSU,Racing Bulls,76.225,76.009,75.67
4819,2025,1,Australian Grand Prix,23,ALB,Williams,76.245,76.017,75.737
4820,2025,1,Australian Grand Prix,16,LEC,Ferrari,76.029,75.827,75.755
4821,2025,1,Australian Grand Prix,44,HAM,Ferrari,76.213,75.919,75.973
4822,2025,1,Australian Grand Prix,10,GAS,Alpine,76.328,76.112,75.98
4823,2025,1,Australian Grand Prix,55,SAI,Williams,76.36,75.931,76.062
4824,2025,1,Australian Grand Prix,6,HAD,Racing Bulls,76.354,76.175,
4825,2025,1,Australian Grand Prix,14,ALO,Aston Martin,76.288,76.453,
4826,2025,1,Australian Grand Prix,18,STR,Aston Martin,76.369,76.483,
4827,2025,1,Australian Grand Prix,7,DOO,Alpine,76.315,76.863,
4828,2025,1,Australian Grand Prix,5,BOR,Kick Sauber,76.516,77.52,
4829,2025,1,Australian Grand Prix,12,ANT,Mercedes,76.525,,
4830,2025,1,Australian Grand Prix,27,HUL,Kick Sauber,76.579,,
4831,2025,1,Australian Grand Prix,30,LAW,Red Bull Racing,77.094,,
4832,2025,1,Australian Grand Prix,31,OCO,Haas F1 Team,77.147,,
4833,2025,1,Australian Grand Prix,87,BEA,Haas F1 Team,,,
4834,2025,2,Chinese Grand Prix,81,PIA,McLaren,91.591,91.2,90.641
4835,2025,2,Chinese Grand Prix,63,RUS,Mercedes,91.295,91.307,90.723
4836,2025,2,Chinese Grand Prix,4,NOR,McLaren,90.983,90.787,90.793
4837,2025,2,Chinese Grand Prix,1,VER,Red Bull Racing,91.424,91.142,90.817
4838,2025,2,Chinese Grand Prix,44,HAM,Ferrari,91.69,91.501,90.927
4839,2025,2,Chinese Grand Prix,16,LEC,Ferrari,91.579,91.45,91.021
4840,2025,2,Chinese Grand Prix,6,HAD,Racing Bulls,91.162,91.253,91.079
4841,2025,2,Chinese Grand Prix,12,ANT,Mercedes,91.676,91.59,91.103
4842,2025,2,Chinese Grand Prix,22,TSU,Racing Bulls,91.238,91.26,91.638
4843,2025,2,Chinese Grand Prix,23,ALB,Williams,91.503,91.595,91.706
4844,2025,2,Chinese Grand Prix,31,OCO,Haas F1 Team,91.876,91.625,
4845,2025,2,Chinese Grand Prix,27,HUL,Kick Sauber,91.921,91.632,
4846,2025,2,Chinese Grand Prix,14,ALO,Aston Martin,91.719,91.688,
4847,2025,2,Chinese Grand Prix,18,STR,Aston Martin,91.923,91.773,
4848,2025,2,Chinese Grand Prix,55,SAI,Williams,91.628,91.84,
4849,2025,2,Chinese Grand Prix,10,GAS,Alpine,91.992,,
4850,2025,2,Chinese Grand Prix,87,BEA,Haas F1 Team,92.018,,
4851,2025,2,Chinese Grand Prix,7,DOO,Alpine,92.092,,
4852,2025,2,Chinese Grand Prix,5,BOR,Kick Sauber,92.141,,
4853,2025,2,Chinese Grand Prix,30,LAW,Red Bull Racing,92.174,,
4854,2025,3,Japanese Grand Prix,1,VER,Red Bull Racing,87.943,87.502,86.983
4855,2025,3,Japanese Grand Prix,4,NOR,McLaren,87.845,87.146,86.995
4856,2025,3,Japanese Grand Prix,81,PIA,McLaren,87.687,87.507,87.027
4857,2025,3,Japanese Grand Prix,16,LEC,Ferrari,87.92,87.555,87.299
4858,2025,3,Japanese Grand Prix,63,RUS,Mercedes,87.843,87.4,87.318
4859,2025,3,Japanese Grand Prix,12,ANT,Mercedes,87.968,87.639,87.555
4860,2025,3,Japanese Grand Prix,6,HAD,Racing Bulls,88.278,87.775,87.569
4861,2025,3,Japanese Grand Prix,44,HAM,Ferrari,87.942,87.61,87.61
4862,2025,3,Japanese Grand Prix,23,ALB,Williams,88.218,87.783,87.615
4863,2025,3,Japanese Grand Prix,87,BEA,Haas F1 Team,88.228,87.711,87.867
4864,2025,3,Japanese Grand Prix,10,GAS,Alpine,88.186,87.822,
4865,2025,3,Japanese Grand Prix,55,SAI,Williams,88.209,87.836,
4866,2025,3,Japanese Grand Prix,14,ALO,Aston Martin,88.337,87.897,
4867,2025,3,Japanese Grand Prix,30,LAW,Racing Bulls,88.554,87.906,
4868,2025,3,Japanese Grand Prix,22,TSU,Red Bull Racing,87.967,88.0,
4869,2025,3,Japanese Grand Prix,27,HUL,Kick Sauber,88.57,,
4870,2025,3,Japanese Grand Prix,5,BOR,Kick Sauber,88.622,,
4871,2025,3,Japanese Grand Prix,31,OCO,Haas F1 Team,88.696,,
4872,2025,3,Japanese Grand Prix,7,DOO,Alpine,88.877,,
4873,2025,3,Japanese Grand Prix,18,STR,Aston Martin,89.271,,
4874,2025,4,Bahrain Grand Prix,81,PIA,McLaren,91.392,90.454,89.841
4875,2025,4,Bahrain Grand Prix,63,RUS,Mercedes,91.494,90.664,90.009
4876,2025,4,Bahrain Grand Prix,16,LEC,Ferrari,91.454,90.724,90.175
4877,2025,4,Bahrain Grand Prix,12,ANT,Mercedes,91.415,90.716,90.213
4878,2025,4,Bahrain Grand Prix,10,GAS,Alpine,91.462,90.643,90.216
4879,2025,4,Bahrain Grand Prix,4,NOR,McLaren,91.107,90.56,90.267
4880,2025,4,Bahrain Grand Prix,1,VER,Red Bull Racing,91.303,91.019,90.423
4881,2025,4,Bahrain Grand Prix,55,SAI,Williams,91.591,90.844,90.68
4882,2025,4,Bahrain Grand Prix,44,HAM,Ferrari,91.219,91.009,90.772
4883,2025,4,Bahrain Grand Prix,22,TSU,Red Bull Racing,91.751,91.228,91.303
4884,2025,4,Bahrain Grand Prix,7,DOO,Alpine,91.414,91.245,
4885,2025,4,Bahrain Grand Prix,6,HAD,Racing Bulls,91.591,91.271,
4886,2025,4,Bahrain Grand Prix,14,ALO,Aston Martin,91.634,91.886,
4887,2025,4,Bahrain Grand Prix,31,OCO,Haas F1 Team,91.594,,
4888,2025,4,Bahrain Grand Prix,23,ALB,Williams,92.04,,
4889,2025,4,Bahrain Grand Prix,27,HUL,Kick Sauber,92.067,,
4890,2025,4,Bahrain Grand Prix,30,LAW,Racing Bulls,92.165,,
4891,2025,4,Bahrain Grand Prix,5,BOR,Kick Sauber,92.186,,
4892,2025,4,Bahrain Grand Prix,18,STR,Aston Martin,92.283,,
4893,2025,4,Bahrain Grand Prix,87,BEA,Haas F1 Team,92.373,,
4894,2025,5,Saudi Arabian Grand Prix,1,VER,Red Bull Racing,87.778,87.529,87.294
4895,2025,5,Saudi Arabian Grand Prix,81,PIA,McLaren,87.901,87.545,87.304
4896,2025,5,Saudi Arabian Grand Prix,63,RUS,Mercedes,88.282,87.599,87.407
4897,2025,5,Saudi Arabian Grand Prix,16,LEC,Ferrari,88.552,87.866,87.67
4898,2025,5,Saudi Arabian Grand Prix,12,ANT,Mercedes,88.128,87.798,87.866
4899,2025,5,Saudi Arabian Grand Prix,55,SAI,Williams,88.354,88.024,88.164
4900,2025,5,Saudi Arabian Grand Prix,44,HAM,Ferrari,88.372,88.102,88.201
4901,2025,5,Saudi Arabian Grand Prix,22,TSU,Red Bull Racing,88.226,87.99,88.204
4902,2025,5,Saudi Arabian Grand Prix,10,GAS,Alpine,88.421,88.025,88.367
4903,2025,5,Saudi Arabian Grand Prix,4,NOR,McLaren,87.805,87.481,
4904,2025,5,Saudi Arabian Grand Prix,23,ALB,Williams,88.279,88.109,
4905,2025,5,Saudi Arabian Grand Prix,30,LAW,Racing Bulls,88.561,88.191,
4906,2025,5,Saudi Arabian Grand Prix,14,ALO,Aston Martin,88.548,88.303,
4907,2025,5,Saudi Arabian Grand Prix,6,HAD,Racing Bulls,88.571,88.418,
4908,2025,5,Saudi Arabian Grand Prix,87,BEA,Haas F1 Team,88.536,88.648,
4909,2025,5,Saudi Arabian Grand Prix,18,STR,Aston Martin,88.645,,
4910,2025,5,Saudi Arabian Grand Prix,7,DOO,Alpine,88.739,,
4911,2025,5,Saudi Arabian Grand Prix,27,HUL,Kick Sauber,88.782,,
4912,2025,5,Saudi Arabian Grand Prix,31,OCO,Haas F1 Team,89.092,,
4913,2025,5,Saudi Arabian Grand Prix,5,BOR,Kick Sauber,89.462,,
4914,2025,6,Miami Grand Prix,1,VER,Red Bull Racing,86.87,86.643,86.204
4915,2025,6,Miami Grand Prix,4,NOR,McLaren,86.955,86.499,86.269
4916,2025,6,Miami Grand Prix,12,ANT,Mercedes,87.077,86.606,86.271
4917,2025,6,Miami Grand Prix,81,PIA,McLaren,87.006,86.269,86.375
4918,2025,6,Miami Grand Prix,63,RUS,Mercedes,87.014,86.575,86.385
4919,2025,6,Miami Grand Prix,55,SAI,Williams,87.098,86.847,86.569
4920,2025,6,Miami Grand Prix,23,ALB,Williams,87.042,86.855,86.682
4921,2025,6,Miami Grand Prix,16,LEC,Ferrari,87.417,86.948,86.754
4922,2025,6,Miami Grand Prix,31,OCO,Haas F1 Team,87.45,86.967,86.824
4923,2025,6,Miami Grand Prix,22,TSU,Red Bull Racing,87.298,86.959,86.943
4924,2025,6,Miami Grand Prix,6,HAD,Racing Bulls,87.301,86.987,
4925,2025,6,Miami Grand Prix,44,HAM,Ferrari,87.279,87.006,
4926,2025,6,Miami Grand Prix,5,BOR,Kick Sauber,87.343,87.151,
4927,2025,6,Miami Grand Prix,7,DOO,Alpine,87.422,87.186,
4928,2025,6,Miami Grand Prix,30,LAW,Racing Bulls,87.444,87.363,
4929,2025,6,Miami Grand Prix,27,HUL,Kick Sauber,87.473,,
4930,2025,6,Miami Grand Prix,14,ALO,Aston Martin,87.604,,
4931,2025,6,Miami Grand Prix,10,GAS,Alpine,87.71,,
4932,2025,6,Miami Grand Prix,18,STR,Aston Martin,87.83,,
4933,2025,6,Miami Grand Prix,87,BEA,Haas F1 Team,87.999,,
4934,2025,7,Emilia Romagna Grand Prix,81,PIA,McLaren,75.5,75.214,74.67
4935,2025,7,Emilia Romagna Grand Prix,1,VER,Red Bull Racing,75.175,75.394,74.704
4936,2025,7,Emilia Romagna Grand Prix,63,RUS,Mercedes,75.852,75.334,74.807
4937,2025,7,Emilia Romagna Grand Prix,4,NOR,McLaren,75.894,75.261,74.962
4938,2025,7,Emilia Romagna Grand Prix,14,ALO,Aston Martin,75.695,75.442,75.431
4939,2025,7,Emilia Romagna Grand Prix,55,SAI,Williams,75.987,75.198,75.432
4940,2025,7,Emilia Romagna Grand Prix,23,ALB,Williams,76.123,75.521,75.473
4941,2025,7,Emilia Romagna Grand Prix,18,STR,Aston Martin,75.817,75.497,75.581
4942,2025,7,Emilia Romagna Grand Prix,6,HAD,Racing Bulls,76.253,75.51,75.746
4943,2025,7,Emilia Romagna Grand Prix,10,GAS,Alpine,75.937,75.505,75.787
4944,2025,7,Emilia Romagna Grand Prix,16,LEC,Ferrari,76.108,75.604,
4945,2025,7,Emilia Romagna Grand Prix,44,HAM,Ferrari,76.163,75.765,
4946,2025,7,Emilia Romagna Grand Prix,12,ANT,Mercedes,75.943,75.772,
4947,2025,7,Emilia Romagna Grand Prix,5,BOR,Kick Sauber,76.34,76.26,
4948,2025,7,Emilia Romagna Grand Prix,43,COL,Alpine,76.256,,
4949,2025,7,Emilia Romagna Grand Prix,30,LAW,Racing Bulls,76.379,,
4950,2025,7,Emilia Romagna Grand Prix,27,HUL,Kick Sauber,76.518,,
4951,2025,7,Emilia Romagna Grand Prix,31,OCO,Haas F1 Team,76.613,,
4952,2025,7,Emilia Romagna Grand Prix,87,BEA,Haas F1 Team,76.918,,
4953,2025,7,Emilia Romagna Grand Prix,22,TSU,Red Bull Racing,,,
4954,2025,8,Monaco Grand Prix,4,NOR,McLaren,71.285,70.57,69.954
4955,2025,8,Monaco Grand Prix,16,LEC,Ferrari,71.229,70.581,70.063
4956,2025,8,Monaco Grand Prix,81,PIA,McLaren,71.308,70.858,70.129
4957,2025,8,Monaco Grand Prix,44,HAM,Ferrari,71.575,70.883,70.382
4958,2025,8,Monaco Grand Prix,1,VER,Red Bull Racing,71.431,70.875,70.669
4959,2025,8,Monaco Grand Prix,6,HAD,Racing Bulls,71.811,71.04,70.923
4960,2025,8,Monaco Grand Prix,14,ALO,Aston Martin,71.674,71.182,70.924
4961,2025,8,Monaco Grand Prix,31,OCO,Haas F1 Team,71.839,71.262,70.942
4962,2025,8,Monaco Grand Prix,30,LAW,Racing Bulls,71.818,71.25,71.129
4963,2025,8,Monaco Grand Prix,23,ALB,Williams,71.629,70.732,71.213
4964,2025,8,Monaco Grand Prix,55,SAI,Williams,71.707,71.362,
4965,2025,8,Monaco Grand Prix,22,TSU,Red Bull Racing,71.8,71.415,
4966,2025,8,Monaco Grand Prix,27,HUL,Kick Sauber,71.871,71.596,
4967,2025,8,Monaco Grand Prix,63,RUS,Mercedes,71.507,,
4968,2025,8,Monaco Grand Prix,12,ANT,Mercedes,71.88,,
4969,2025,8,Monaco Grand Prix,5,BOR,Kick Sauber,71.902,,
4970,2025,8,Monaco Grand Prix,87,BEA,Haas F1 Team,71.979,,
4971,2025,8,Monaco Grand Prix,10,GAS,Alpine,71.994,,
4972,2025,8,Monaco Grand Prix,18,STR,Aston Martin,72.563,,
4973,2025,8,Monaco Grand Prix,43,COL,Alpine,72.597,,
4974,2025,9,Spanish Grand Prix,81,PIA,McLaren,72.551,71.998,71.546
4975,2025,9,Spanish Grand Prix,4,NOR,McLaren,72.799,72.056,71.755
4976,2025,9,Spanish Grand Prix,1,VER,Red Bull Racing,72.798,72.358,71.848
4977,2025,9,Spanish Grand Prix,63,RUS,Mercedes,72.806,72.407,71.848
4978,2025,9,Spanish Grand Prix,44,HAM,Ferrari,73.058,72.447,72.045
4979,2025,9,Spanish Grand Prix,12,ANT,Mercedes,72.815,72.585,72.111
4980,2025,9,Spanish Grand Prix,16,LEC,Ferrari,73.014,72.495,72.131
4981,2025,9,Spanish Grand Prix,10,GAS,Alpine,73.081,72.611,72.199
4982,2025,9,Spanish Grand Prix,6,HAD,Racing Bulls,73.139,72.461,72.252
4983,2025,9,Spanish Grand Prix,14,ALO,Aston Martin,73.102,72.523,72.284
4984,2025,9,Spanish Grand Prix,23,ALB,Williams,73.044,72.641,
4985,2025,9,Spanish Grand Prix,5,BOR,Kick Sauber,73.045,72.756,
4986,2025,9,Spanish Grand Prix,30,LAW,Racing Bulls,73.039,72.763,
4987,2025,9,Spanish Grand Prix,18,STR,Aston Martin,73.038,73.058,
4988,2025,9,Spanish Grand Prix,87,BEA,Haas F1 Team,73.074,73.315,
4989,2025,9,Spanish Grand Prix,27,HUL,Kick Sauber,73.19,,
4990,2025,9,Spanish Grand Prix,31,OCO,Haas F1 Team,73.201,,
4991,2025,9,Spanish Grand Prix,55,SAI,Williams,73.203,,
4992,2025,9,Spanish Grand Prix,43,COL,Alpine,73.334,,
4993,2025,9,Spanish Grand Prix,22,TSU,Red Bull Racing,73.385,,
4994,2025,10,Canadian Grand Prix,63,RUS,Mercedes,72.075,71.57,70.899
4995,2025,10,Canadian Grand Prix,1,VER,Red Bull Racing,72.054,71.638,71.059
4996,2025,10,Canadian Grand Prix,81,PIA,McLaren,71.939,71.715,71.12
4997,2025,10,Canadian Grand Prix,12,ANT,Mercedes,72.279,71.974,71.391
4998,2025,10,Canadian Grand Prix,44,HAM,Ferrari,71.952,71.885,71.526
4999,2025,10,Canadian Grand Prix,14,ALO,Aston Martin,72.073,71.805,71.586
5000,2025,10,Canadian Grand Prix,4,NOR,McLaren,71.826,71.599,71.625
5001,2025,10,Canadian Grand Prix,16,LEC,Ferrari,72.038,71.626,71.682
5002,2025,10,Canadian Grand Prix,6,HAD,Racing Bulls,72.211,72.003,71.867
5003,2025,10,Canadian Grand Prix,23,ALB,Williams,72.09,71.892,71.907
5004,2025,10,Canadian Grand Prix,22,TSU,Red Bull Racing,72.334,72.102,
5005,2025,10,Canadian Grand Prix,43,COL,Alpine,72.234,72.142,
5006,2025,10,Canadian Grand Prix,27,HUL,Kick Sauber,72.323,72.183,
5007,2025,10,Canadian Grand Prix,87,BEA,Haas F1 Team,72.306,72.34,
5008,2025,10,Canadian Grand Prix,31,OCO,Haas F1 Team,72.378,72.634,
5009,2025,10,Canadian Grand Prix,5,BOR,Kick Sauber,72.385,,
5010,2025,10,Canadian Grand Prix,55,SAI,Williams,72.398,,
5011,2025,10,Canadian Grand Prix,18,STR,Aston Martin,72.517,,
5012,2025,10,Canadian Grand Prix,30,LAW,Racing Bulls,72.525,,
5013,2025,10,Canadian Grand Prix,10,GAS,Alpine,72.667,,
5014,2025,11,Austrian Grand Prix,4,NOR,McLaren,64.672,64.41,63.971
5015,2025,11,Austrian Grand Prix,16,LEC,Ferrari,65.197,64.734,64.492
5016,2025,11,Austrian Grand Prix,81,PIA,McLaren,64.966,64.556,64.554
5017,2025,11,Austrian Grand Prix,44,HAM,Ferrari,65.115,64.896,64.582
5018,2025,11,Austrian Grand Prix,63,RUS,Mercedes,65.189,64.86,64.763
5019,2025,11,Austrian Grand Prix,30,LAW,Racing Bulls,65.017,65.041,64.926
5020,2025,11,Austrian Grand Prix,1,VER,Red Bull Racing,65.106,64.836,64.929
5021,2025,11,Austrian Grand Prix,5,BOR,Kick Sauber,65.123,64.846,65.132
5022,2025,11,Austrian Grand Prix,12,ANT,Mercedes,65.178,65.052,65.276
5023,2025,11,Austrian Grand Prix,10,GAS,Alpine,65.054,64.846,65.649
5024,2025,11,Austrian Grand Prix,14,ALO,Aston Martin,65.197,65.128,
5025,2025,11,Austrian Grand Prix,23,ALB,Williams,65.143,65.205,
5026,2025,11,Austrian Grand Prix,6,HAD,Racing Bulls,65.063,65.226,
5027,2025,11,Austrian Grand Prix,43,COL,Alpine,65.278,65.288,
5028,2025,11,Austrian Grand Prix,87,BEA,Haas F1 Team,65.218,65.312,
5029,2025,11,Austrian Grand Prix,18,STR,Aston Martin,65.329,,
5030,2025,11,Austrian Grand Prix,31,OCO,Haas F1 Team,65.364,,
5031,2025,11,Austrian Grand Prix,22,TSU,Red Bull Racing,65.369,,
5032,2025,11,Austrian Grand Prix,55,SAI,Williams,65.582,,
5033,2025,11,Austrian Grand Prix,27,HUL,Kick Sauber,65.606,,
5034,2025,12,British Grand Prix,1,VER,Red Bull Racing,85.886,85.316,84.892
5035,2025,12,British Grand Prix,81,PIA,McLaren,85.963,85.316,84.995
5036,2025,12,British Grand Prix,4,NOR,McLaren,86.123,85.231,85.01
5037,2025,12,British Grand Prix,63,RUS,Mercedes,86.236,85.637,85.029
5038,2025,12,British Grand Prix,44,HAM,Ferrari,86.296,85.084,85.095
5039,2025,12,British Grand Prix,16,LEC,Ferrari,86.186,85.133,85.121
5040,2025,12,British Grand Prix,12,ANT,Mercedes,86.265,85.62,85.374
5041,2025,12,British Grand Prix,87,BEA,Haas F1 Team,86.005,85.534,85.471
5042,2025,12,British Grand Prix,14,ALO,Aston Martin,86.108,85.593,85.621
5043,2025,12,British Grand Prix,10,GAS,Alpine,86.328,85.711,85.785
5044,2025,12,British Grand Prix,55,SAI,Williams,86.175,85.746,
5045,2025,12,British Grand Prix,22,TSU,Red Bull Racing,86.275,85.826,
5046,2025,12,British Grand Prix,6,HAD,Racing Bulls,86.177,85.864,
5047,2025,12,British Grand Prix,23,ALB,Williams,86.093,85.889,
5048,2025,12,British Grand Prix,31,OCO,Haas F1 Team,86.136,85.95,
5049,2025,12,British Grand Prix,30,LAW,Racing Bulls,86.44,,
5050,2025,12,British Grand Prix,5,BOR,Kick Sauber,86.446,,
5051,2025,12,British Grand Prix,18,STR,Aston Martin,86.504,,
5052,2025,12,British Grand Prix,27,HUL,Kick Sauber,86.574,,
5053,2025,12,British Grand Prix,43,COL,Alpine,87.06,,
5054,2025,13,Belgian Grand Prix,4,NOR,McLaren,101.01,100.715,100.562
5055,2025,13,Belgian Grand Prix,81,PIA,McLaren,101.201,100.626,100.647
5056,2025,13,Belgian Grand Prix,16,LEC,Ferrari,101.635,101.084,100.9
5057,2025,13,Belgian Grand Prix,1,VER,Red Bull Racing,101.334,100.951,100.903
5058,2025,13,Belgian Grand Prix,23,ALB,Williams,101.772,101.505,101.201
5059,2025,13,Belgian Grand Prix,63,RUS,Mercedes,101.784,101.254,101.26
5060,2025,13,Belgian Grand Prix,22,TSU,Red Bull Racing,101.84,101.245,101.284
5061,2025,13,Belgian Grand Prix,6,HAD,Racing Bulls,101.572,101.281,101.31
5062,2025,13,Belgian Grand Prix,30,LAW,Racing Bulls,101.748,101.297,101.328
5063,2025,13,Belgian Grand Prix,5,BOR,Kick Sauber,101.908,101.336,102.387
5064,2025,13,Belgian Grand Prix,31,OCO,Haas F1 Team,101.884,101.525,
5065,2025,13,Belgian Grand Prix,87,BEA,Haas F1 Team,101.617,101.617,
5066,2025,13,Belgian Grand Prix,10,GAS,Alpine,101.8,101.633,
5067,2025,13,Belgian Grand Prix,27,HUL,Kick Sauber,101.844,101.707,
5068,2025,13,Belgian Grand Prix,55,SAI,Williams,101.691,101.758,
5069,2025,13,Belgian Grand Prix,44,HAM,Ferrari,101.939,,
5070,2025,13,Belgian Grand Prix,43,COL,Alpine,102.022,,
5071,2025,13,Belgian Grand Prix,12,ANT,Mercedes,102.139,,
5072,2025,13,Belgian Grand Prix,14,ALO,Aston Martin,102.385,,
5073,2025,13,Belgian Grand Prix,18,STR,Aston Martin,102.502,,
5074,2025,14,Hungarian Grand Prix,16,LEC,Ferrari,75.582,75.455,75.372
5075,2025,14,Hungarian Grand Prix,81,PIA,McLaren,75.211,74.941,75.398
5076,2025,14,Hungarian Grand Prix,4,NOR,McLaren,75.523,74.89,75.413
5077,2025,14,Hungarian Grand Prix,63,RUS,Mercedes,75.627,75.201,75.425
5078,2025,14,Hungarian Grand Prix,14,ALO,Aston Martin,75.281,75.395,75.481
5079,2025,14,Hungarian Grand Prix,18,STR,Aston Martin,75.673,75.129,75.498
5080,2025,14,Hungarian Grand Prix,5,BOR,Kick Sauber,75.586,75.687,75.725
5081,2025,14,Hungarian Grand Prix,1,VER,Red Bull Racing,75.736,75.547,75.728
5082,2025,14,Hungarian Grand Prix,30,LAW,Racing Bulls,75.849,75.63,75.821
5083,2025,14,Hungarian Grand Prix,6,HAD,Racing Bulls,75.516,75.469,75.915
5084,2025,14,Hungarian Grand Prix,87,BEA,Haas F1 Team,75.75,75.694,
5085,2025,14,Hungarian Grand Prix,44,HAM,Ferrari,75.733,75.702,
5086,2025,14,Hungarian Grand Prix,55,SAI,Williams,75.652,75.781,
5087,2025,14,Hungarian Grand Prix,43,COL,Alpine,75.875,76.159,
5088,2025,14,Hungarian Grand Prix,12,ANT,Mercedes,75.782,76.386,
5089,2025,14,Hungarian Grand Prix,22,TSU,Red Bull Racing,75.899,,
5090,2025,14,Hungarian Grand Prix,10,GAS,Alpine,75.966,,
5091,2025,14,Hungarian Grand Prix,31,OCO,Haas F1 Team,76.023,,
5092,2025,14,Hungarian Grand Prix,27,HUL,Kick Sauber,76.081,,
5093,2025,14,Hungarian Grand Prix,23,ALB,Williams,76.223,,
